0200000,イワテケン,モリオカシ,イカニケイサイガナイバアイ,岩手県,盛岡市,以下に掲載がない場合
0200133,イワテケン,モリオカシ,アオヤマ,岩手県,盛岡市,青山
0200801,イワテケン,モリオカシ,アサギシ,岩手県,盛岡市,浅岸
0200014,イワテケン,モリオカシ,アタゴシタ,岩手県,盛岡市,愛宕下
0200013,イワテケン,モリオカシ,アタゴチョウ,岩手県,盛岡市,愛宕町
0200126,イワテケン,モリオカシ,アベタテチョウ,岩手県,盛岡市,安倍館町
0200852,イワテケン,モリオカシ,イイオカシンデン,岩手県,盛岡市,飯岡新田
0200312,イワテケン,モリオカシ,イサゴザワ,岩手県,盛岡市,砂子沢
0200054,イワテケン,モリオカシ,イサリ,岩手県,盛岡市,猪去
0200142,イワテケン,モリオカシ,イナリチョウ,岩手県,盛岡市,稲荷町
0284131,イワテケン,モリオカシ,イモダ,岩手県,盛岡市,芋田
0200012,イワテケン,モリオカシ,イワシミズ,岩手県,盛岡市,岩清水
0200101,イワテケン,モリオカシ,イワワキチョウ,岩手県,盛岡市,岩脇町
0200066,イワテケン,モリオカシ,ウエダ（１−４チョウメ、キタヤマ）,岩手県,盛岡市,上田（１〜４丁目、北山）
0200204,イワテケン,モリオカシ,ウエダ（ヌカモリ、オノマツ）,岩手県,盛岡市,上田（糠森、小野松）
0200102,イワテケン,モリオカシ,ウエダ（ソノタ）,岩手県,盛岡市,上田（その他）
0200113,イワテケン,モリオカシ,ウエダツツミ,岩手県,盛岡市,上田堤
0200023,イワテケン,モリオカシ,ウチマル,岩手県,盛岡市,内丸
0200404,イワテケン,モリオカシ,オオガユウ,岩手県,盛岡市,大ケ生
0200025,イワテケン,モリオカシ,オオサワカワラ,岩手県,盛岡市,大沢川原
0200147,イワテケン,モリオカシ,オオダテチョウ,岩手県,盛岡市,大館町
0200022,イワテケン,モリオカシ,オオドオリ,岩手県,盛岡市,大通
0200403,イワテケン,モリオカシ,オトベ,岩手県,盛岡市,乙部
0200026,イワテケン,モリオカシ,カイウンバシドオリ,岩手県,盛岡市,開運橋通
0200807,イワテケン,モリオカシ,カガノ,岩手県,盛岡市,加賀野
0200823,イワテケン,モリオカシ,カド,岩手県,盛岡市,門
0200854,イワテケン,モリオカシ,カミイイオカ,岩手県,盛岡市,上飯岡
0200053,イワテケン,モリオカシ,カミオオタ,岩手県,盛岡市,上太田
0200855,イワテケン,モリオカシ,カミカヅマ,岩手県,盛岡市,上鹿妻
0200143,イワテケン,モリオカシ,カミクリヤガワ,岩手県,盛岡市,上厨川
0200125,イワテケン,モリオカシ,カミドウ,岩手県,盛岡市,上堂
0200887,イワテケン,モリオカシ,カミノハシチョウ,岩手県,盛岡市,上ノ橋町
0200001,イワテケン,モリオカシ,カミヨナイ,岩手県,盛岡市,上米内
0284135,イワテケン,モリオカシ,カワサキ,岩手県,盛岡市,川崎
0200203,イワテケン,モリオカシ,カワマタ,岩手県,盛岡市,川又
0200812,イワテケン,モリオカシ,カワメ,岩手県,盛岡市,川目
0200811,イワテケン,モリオカシ,カワメチョウ,岩手県,盛岡市,川目町
0200857,イワテケン,モリオカシ,キタイイオカ,岩手県,盛岡市,北飯岡
0200136,イワテケン,モリオカシ,キタテンショウジチョウ,岩手県,盛岡市,北天昌寺町
0200105,イワテケン,モリオカシ,キタマツゾノ,岩手県,盛岡市,北松園
0200061,イワテケン,モリオカシ,キタヤマ,岩手県,盛岡市,北山
0200031,イワテケン,モリオカシ,キタユウガオセチョウ,岩手県,盛岡市,北夕顔瀬町
0200124,イワテケン,モリオカシ,クリヤガワ,岩手県,盛岡市,厨川
0200111,イワテケン,モリオカシ,クロイシノ,岩手県,盛岡市,黒石野
0200402,イワテケン,モリオカシ,クロカワ,岩手県,盛岡市,黒川
0284125,イワテケン,モリオカシ,コウマ,岩手県,盛岡市,好摩
0200815,イワテケン,モリオカシ,コスギヤマ,岩手県,盛岡市,小杉山
0200104,イワテケン,モリオカシ,コトリザワ,岩手県,盛岡市,小鳥沢
0200885,イワテケン,モリオカシ,コンヤチョウ,岩手県,盛岡市,紺屋町
0200024,イワテケン,モリオカシ,サイエン,岩手県,盛岡市,菜園
0200063,イワテケン,モリオカシ,ザイモクチョウ,岩手県,盛岡市,材木町
0200041,イワテケン,モリオカシ,サカイダチョウ,岩手県,盛岡市,境田町
0200878,イワテケン,モリオカシ,サカナチョウ,岩手県,盛岡市,肴町
0200002,イワテケン,モリオカシ,サクラダイ,岩手県,盛岡市,桜台
0200821,イワテケン,モリオカシ,サンノウチョウ,岩手県,盛岡市,山王町
0200831,イワテケン,モリオカシ,サンボンヤナギ,岩手県,盛岡市,三本柳
0200883,イワテケン,モリオカシ,シケチョウ,岩手県,盛岡市,志家町
0284132,イワテケン,モリオカシ,シブタミ,岩手県,盛岡市,渋民
0200875,イワテケン,モリオカシ,シミズチョウ,岩手県,盛岡市,清水町
0200853,イワテケン,モリオカシ,シモイイオカ,岩手県,盛岡市,下飯岡
0284134,イワテケン,モリオカシ,シモダ,岩手県,盛岡市,下田
0200877,イワテケン,モリオカシ,シモノハシチョウ,岩手県,盛岡市,下ノ橋町
0200051,イワテケン,モリオカシ,シモオオタ,岩手県,盛岡市,下太田
0200856,イワテケン,モリオカシ,シモカヅマ,岩手県,盛岡市,下鹿妻
0200123,イワテケン,モリオカシ,シモクリヤガワ,岩手県,盛岡市,下厨川
0200003,イワテケン,モリオカシ,シモヨナイ,岩手県,盛岡市,下米内
0200044,イワテケン,モリオカシ,ジョウセイチョウ,岩手県,盛岡市,城西町
0200803,イワテケン,モリオカシ,シンジョウ,岩手県,盛岡市,新庄
0200806,イワテケン,モリオカシ,シンジョウチョウ,岩手県,盛岡市,新庄町
0200042,イワテケン,モリオカシ,シンデンチョウ,岩手県,盛岡市,新田町
0200884,イワテケン,モリオカシ,シンメイチョウ,岩手県,盛岡市,神明町
0200882,イワテケン,モリオカシ,スミヨシチョウ,岩手県,盛岡市,住吉町
0200127,イワテケン,モリオカシ,ゼンクネン,岩手県,盛岡市,前九年
0200861,イワテケン,モリオカシ,センボク,岩手県,盛岡市,仙北
0200865,イワテケン,モリオカシ,センボクチョウ,岩手県,盛岡市,仙北町
0200828,イワテケン,モリオカシ,ダイジジチョウ,岩手県,盛岡市,大慈寺町
0200135,イワテケン,モリオカシ,ダイシンチョウ,岩手県,盛岡市,大新町
0200825,イワテケン,モリオカシ,タカクズレ,岩手県,盛岡市,高崩
0200114,イワテケン,モリオカシ,タカマツ,岩手県,盛岡市,高松
0200115,イワテケン,モリオカシ,タテムカイチョウ,岩手県,盛岡市,館向町
0200202,イワテケン,モリオカシ,タマヤマ,岩手県,盛岡市,玉山
0284121,イワテケン,モリオカシ,タマヤマナガイ,岩手県,盛岡市,玉山永井
0284124,イワテケン,モリオカシ,タマヤマババ,岩手県,盛岡市,玉山馬場
0200822,イワテケン,モリオカシ,チャバタケ,岩手県,盛岡市,茶畑
0200021,イワテケン,モリオカシ,チュウオウドオリ,岩手県,盛岡市,中央通
0200121,イワテケン,モリオカシ,ツキガオカ,岩手県,盛岡市,月が丘
0200835,イワテケン,モリオカシ,ツシダ,岩手県,盛岡市,津志田
0200838,イワテケン,モリオカシ,ツシダチュウオウ,岩手県,盛岡市,津志田中央
0200836,イワテケン,モリオカシ,ツシダニシ,岩手県,盛岡市,津志田西
0200837,イワテケン,モリオカシ,ツシダチョウ,岩手県,盛岡市,津志田町
0200839,イワテケン,モリオカシ,ツシダミナミ,岩手県,盛岡市,津志田南
0200144,イワテケン,モリオカシ,ツチブチ,岩手県,盛岡市,土淵
0200802,イワテケン,モリオカシ,ツツジガオカ,岩手県,盛岡市,つつじが丘
0200055,イワテケン,モリオカシ,ツナギ,岩手県,盛岡市,繋
0200401,イワテケン,モリオカシ,テシロモリ,岩手県,盛岡市,手代森
0284122,イワテケン,モリオカシ,テラバヤシ,岩手県,盛岡市,寺林
0200137,イワテケン,モリオカシ,テンショウジチョウ,岩手県,盛岡市,天昌寺町
0200881,イワテケン,モリオカシ,テンジンチョウ,岩手県,盛岡市,天神町
0200052,イワテケン,モリオカシ,ナカオオタ,岩手県,盛岡市,中太田
0200043,イワテケン,モリオカシ,ナカガワチョウ,岩手県,盛岡市,中川町
0200131,イワテケン,モリオカシ,ナカツツミチョウ,岩手県,盛岡市,中堤町
0200816,イワテケン,モリオカシ,ナカノ,岩手県,盛岡市,中野
0200871,イワテケン,モリオカシ,ナカノハシドオリ,岩手県,盛岡市,中ノ橋通
0200141,イワテケン,モリオカシ,ナカヤシキチョウ,岩手県,盛岡市,中屋敷町
0200834,イワテケン,モリオカシ,ナガイ,岩手県,盛岡市,永井
0200062,イワテケン,モリオカシ,ナガタチョウ,岩手県,盛岡市,長田町
0200146,イワテケン,モリオカシ,ナガハシチョウ,岩手県,盛岡市,長橋町
0200064,イワテケン,モリオカシ,ナシノキチョウ,岩手県,盛岡市,梨木町
0200016,イワテケン,モリオカシ,ナスカワチョウ,岩手県,盛岡市,名須川町
0200827,イワテケン,モリオカシ,ナタヤチョウ,岩手県,盛岡市,鉈屋町
0200132,イワテケン,モリオカシ,ニシアオヤマ,岩手県,盛岡市,西青山
0200065,イワテケン,モリオカシ,ニシシタダイチョウ,岩手県,盛岡市,西下台町
0200864,イワテケン,モリオカシ,ニシセンボク,岩手県,盛岡市,西仙北
0200103,イワテケン,モリオカシ,ニシマツゾノ,岩手県,盛岡市,西松園
0200833,イワテケン,モリオカシ,ニシミルマエ,岩手県,盛岡市,西見前
0200313,イワテケン,モリオカシ,ネダモ,岩手県,盛岡市,根田茂
0200116,イワテケン,モリオカシ,ハコシミズ,岩手県,盛岡市,箱清水
0200872,イワテケン,モリオカシ,ハチマンチョウ,岩手県,盛岡市,八幡町
0200841,イワテケン,モリオカシ,ハバ,岩手県,盛岡市,羽場
0200876,イワテケン,モリオカシ,ババチョウ,岩手県,盛岡市,馬場町
0200824,イワテケン,モリオカシ,ヒガシアニワ,岩手県,盛岡市,東安庭
0200108,イワテケン,モリオカシ,ヒガシクロイシノ,岩手県,盛岡市,東黒石野
0200804,イワテケン,モリオカシ,ヒガシサクラヤマ,岩手県,盛岡市,東桜山
0200805,イワテケン,モリオカシ,ヒガシシンジョウ,岩手県,盛岡市,東新庄
0200862,イワテケン,モリオカシ,ヒガシセンボク,岩手県,盛岡市,東仙北
0200817,イワテケン,モリオカシ,ヒガシナカノ,岩手県,盛岡市,東中野
0200814,イワテケン,モリオカシ,ヒガシナカノチョウ,岩手県,盛岡市,東中野町
0200106,イワテケン,モリオカシ,ヒガシマツゾノ,岩手県,盛岡市,東松園
0200112,イワテケン,モリオカシ,ヒガシミドリガオカ,岩手県,盛岡市,東緑が丘
0200832,イワテケン,モリオカシ,ヒガシミルマエ,岩手県,盛岡市,東見前
0200813,イワテケン,モリオカシ,ヒガシヤマ,岩手県,盛岡市,東山
0200201,イワテケン,モリオカシ,ヒノト,岩手県,盛岡市,日戸
0200145,イワテケン,モリオカシ,ヒラカシンデン,岩手県,盛岡市,平賀新田
0200015,イワテケン,モリオカシ,ホンチョウドオリ,岩手県,盛岡市,本町通
0200148,イワテケン,モリオカシ,マエガタ,岩手県,盛岡市,前潟
0284123,イワテケン,モリオカシ,マキボリ,岩手県,盛岡市,巻堀
0200873,イワテケン,モリオカシ,マツオチョウ,岩手県,盛岡市,松尾町
0200107,イワテケン,モリオカシ,マツゾノ,岩手県,盛岡市,松園
0284136,イワテケン,モリオカシ,マツナイ,岩手県,盛岡市,松内
0200826,イワテケン,モリオカシ,ミコダチョウ,岩手県,盛岡市,神子田町
0200122,イワテケン,モリオカシ,ミタケ,岩手県,盛岡市,みたけ
0200011,イワテケン,モリオカシ,ミツワリ,岩手県,盛岡市,三ツ割
0200117,イワテケン,モリオカシ,ミドリガオカ,岩手県,盛岡市,緑が丘
0200134,イワテケン,モリオカシ,ミナミアオヤマチョウ,岩手県,盛岡市,南青山町
0200874,イワテケン,モリオカシ,ミナミオオドオリ,岩手県,盛岡市,南大通
0200863,イワテケン,モリオカシ,ミナミセンボク,岩手県,盛岡市,南仙北
0200851,イワテケン,モリオカシ,ムカイナカノ,岩手県,盛岡市,向中野
0200866,イワテケン,モリオカシ,モトミヤ,岩手県,盛岡市,本宮
0200005,イワテケン,モリオカシ,モミジガオカ,岩手県,盛岡市,紅葉が丘
0200045,イワテケン,モリオカシ,モリオカエキニシトオリ,岩手県,盛岡市,盛岡駅西通
0200033,イワテケン,モリオカシ,モリオカエキマエキタドオリ,岩手県,盛岡市,盛岡駅前北通
0200034,イワテケン,モリオカシ,モリオカエキマエドオリ,岩手県,盛岡市,盛岡駅前通
0284133,イワテケン,モリオカシ,モンゼンジ,岩手県,盛岡市,門前寺
0200311,イワテケン,モリオカシ,ヤナガワ,岩手県,盛岡市,簗川
0282711,イワテケン,モリオカシ,ヤブカワ,岩手県,盛岡市,薮川
0200004,イワテケン,モリオカシ,ヤマギシ,岩手県,盛岡市,山岸
0200032,イワテケン,モリオカシ,ユウガオセチョウ,岩手県,盛岡市,夕顔瀬町
0200842,イワテケン,モリオカシ,ユザワ,岩手県,盛岡市,湯沢
0200844,イワテケン,モリオカシ,ユザワヒガシ,岩手県,盛岡市,湯沢東
0200843,イワテケン,モリオカシ,ユザワニシ,岩手県,盛岡市,湯沢西
0200845,イワテケン,モリオカシ,ユザワミナミ,岩手県,盛岡市,湯沢南
0200846,イワテケン,モリオカシ,リュウツウセンターキタ,岩手県,盛岡市,流通センター北
0200886,イワテケン,モリオカシ,ワカソノチョウ,岩手県,盛岡市,若園町
0270000,イワテケン,ミヤコシ,イカニケイサイガナイバアイ,岩手県,宮古市,以下に掲載がない場合
0270202,イワテケン,ミヤコシ,アカマエ,岩手県,宮古市,赤前
0270092,イワテケン,ミヤコシ,アタゴ,岩手県,宮古市,愛宕
0270086,イワテケン,ミヤコシ,アラマチ,岩手県,宮古市,新町
0270062,イワテケン,ミヤコシ,イズミチョウ,岩手県,宮古市,泉町
0270048,イワテケン,ミヤコシ,イタヤ,岩手県,宮古市,板屋
0282421,イワテケン,ミヤコシ,エツナギ,岩手県,宮古市,江繋
0270054,イワテケン,ミヤコシ,オオタ,岩手県,宮古市,太田
0270083,イワテケン,ミヤコシ,オオドオリ,岩手県,宮古市,大通
0282422,イワテケン,ミヤコシ,オグニ,岩手県,宮古市,小国
0270112,イワテケン,ミヤコシ,オトベ,岩手県,宮古市,音部
0270111,イワテケン,ミヤコシ,オモエ,岩手県,宮古市,重茂
0282303,イワテケン,ミヤコシ,カタス,岩手県,宮古市,片巣
0282632,イワテケン,ミヤコシ,カドマ,岩手県,宮古市,門馬
0270033,イワテケン,ミヤコシ,カネハマ,岩手県,宮古市,金浜
0270039,イワテケン,ミヤコシ,カナン,岩手県,宮古市,河南
0270078,イワテケン,ミヤコシ,カモザキチョウ,岩手県,宮古市,鴨崎町
0282104,イワテケン,ミヤコシ,カリヤ,岩手県,宮古市,刈屋
0282402,イワテケン,ミヤコシ,カワイ（ダイ９チワリ−ダイ１１チワリ）,岩手県,宮古市,川井（第９地割〜第１１地割）
0282302,イワテケン,ミヤコシ,カワイ（ソノタ）,岩手県,宮古市,川井（その他）
0282513,イワテケン,ミヤコシ,カワウチ,岩手県,宮古市,川内
0270042,イワテケン,ミヤコシ,カンダザワチョウ,岩手県,宮古市,神田沢町
0270044,イワテケン,ミヤコシ,カンパナ,岩手県,宮古市,上鼻
0270028,イワテケン,ミヤコシ,カンバヤシ,岩手県,宮古市,神林
0282631,イワテケン,ミヤコシ,クザカイ,岩手県,宮古市,区界
0270008,イワテケン,ミヤコシ,クマノチョウ,岩手県,宮古市,熊野町
0270085,イワテケン,ミヤコシ,クロタマチ,岩手県,宮古市,黒田町
0270065,イワテケン,ミヤコシ,クロモリチョウ,岩手県,宮古市,黒森町
0270006,イワテケン,ミヤコシ,クワガサキ,岩手県,宮古市,鍬ケ崎
0270046,イワテケン,ミヤコシ,ケバライチ,岩手県,宮古市,花原市
0270005,イワテケン,ミヤコシ,コウガンジ,岩手県,宮古市,光岸地
0270071,イワテケン,ミヤコシ,コザワ,岩手県,宮古市,小沢
0270038,イワテケン,ミヤコシ,コヤマダ,岩手県,宮古市,小山田
0270076,イワテケン,ミヤコシ,サカエチョウ,岩手県,宮古市,栄町
0270096,イワテケン,ミヤコシ,サキクワガサキ,岩手県,宮古市,崎鍬ケ崎
0270097,イワテケン,ミヤコシ,サキヤマ,岩手県,宮古市,崎山
0270072,イワテケン,ミヤコシ,サツキチョウ,岩手県,宮古市,五月町
0270095,イワテケン,ミヤコシ,サバラ,岩手県,宮古市,佐原
0270088,イワテケン,ミヤコシ,サワダ,岩手県,宮古市,沢田
0270201,イワテケン,ミヤコシ,シラハマ,岩手県,宮古市,白浜
0270081,イワテケン,ミヤコシ,シンカワチョウ,岩手県,宮古市,新川町
0270084,イワテケン,ミヤコシ,スエヒロチョウ,岩手県,宮古市,末広町
0282512,イワテケン,ミヤコシ,スズクナ,岩手県,宮古市,鈴久名
0270058,イワテケン,ミヤコシ,セントク,岩手県,宮古市,千徳
0270043,イワテケン,ミヤコシ,セントクマチ,岩手県,宮古市,千徳町
0270024,イワテケン,ミヤコシ,ソケイ,岩手県,宮古市,磯鶏
0270022,イワテケン,ミヤコシ,ソケイイシザキ,岩手県,宮古市,磯鶏石崎
0270023,イワテケン,ミヤコシ,ソケイオキ,岩手県,宮古市,磯鶏沖
0270027,イワテケン,ミヤコシ,ソケイニシ,岩手県,宮古市,磯鶏西
0270032,イワテケン,ミヤコシ,タカハマ,岩手県,宮古市,高浜
0270036,イワテケン,ミヤコシ,タクサリ,岩手県,宮古市,田鎖
0270009,イワテケン,ミヤコシ,タコノハマチョウ,岩手県,宮古市,蛸の浜町
0270067,イワテケン,ミヤコシ,タシロ,岩手県,宮古市,田代
0270077,イワテケン,ミヤコシ,タテアイチョウ,岩手県,宮古市,舘合町
0270066,イワテケン,ミヤコシ,タノカミ,岩手県,宮古市,田の神
0270307,イワテケン,ミヤコシ,タロウ,岩手県,宮古市,田老
0270359,イワテケン,ミヤコシ,タロウアオクラ,岩手県,宮古市,田老青倉
0270322,イワテケン,ミヤコシ,タロウアオザリ,岩手県,宮古市,田老青砂里
0270375,イワテケン,ミヤコシ,タロウアオノタキ,岩手県,宮古市,田老青野滝
0270374,イワテケン,ミヤコシ,タロウアオノタキキタ,岩手県,宮古市,田老青野滝北
0270376,イワテケン,ミヤコシ,タロウアオノタキミナミ,岩手県,宮古市,田老青野滝南
0270305,イワテケン,ミヤコシ,タロウアリヤ,岩手県,宮古市,田老荒谷
0270321,イワテケン,ミヤコシ,タロウオトベ,岩手県,宮古市,田老乙部
0270379,イワテケン,ミヤコシ,タロウオトベノ,岩手県,宮古市,田老乙部野
0270378,イワテケン,ミヤコシ,タロウオモツベ,岩手県,宮古市,田老重津部
0270377,イワテケン,ミヤコシ,タロウオモツベキタ,岩手県,宮古市,田老重津部北
0270332,イワテケン,ミヤコシ,タロウカシナイ,岩手県,宮古市,田老樫内
0270382,イワテケン,ミヤコシ,タロウカタマキ,岩手県,宮古市,田老片巻
0270388,イワテケン,ミヤコシ,タロウカミオキ,岩手県,宮古市,田老上沖
0270343,イワテケン,ミヤコシ,タロウカミコダシロ,岩手県,宮古市,田老上小田代
0270383,イワテケン,ミヤコシ,タロウカミセッタイ,岩手県,宮古市,田老上摂待
0270306,イワテケン,ミヤコシ,タロウカワムカイ,岩手県,宮古市,田老川向
0270386,イワテケン,ミヤコシ,タロウクルミハタ,岩手県,宮古市,田老胡桃畑
0270304,イワテケン,ミヤコシ,タロウケラス,岩手県,宮古市,田老ケラス
0270312,イワテケン,ミヤコシ,タロウコシダ,岩手県,宮古市,田老越田
0270342,イワテケン,ミヤコシ,タロウコダシロ,岩手県,宮古市,田老小田代
0270351,イワテケン,ミヤコシ,タロウコバヤシ,岩手県,宮古市,田老小林
0270361,イワテケン,ミヤコシ,タロウコボリナイ,岩手県,宮古市,田老小堀内
0270362,イワテケン,ミヤコシ,タロウコボリナイミナミ,岩手県,宮古市,田老小堀内南
0270347,イワテケン,ミヤコシ,タロウササミタイラ,岩手県,宮古市,田老笹見平
0270325,イワテケン,ミヤコシ,タロウサンノウ,岩手県,宮古市,田老三王
0270345,イワテケン,ミヤコシ,タロウシノクラ,岩手県,宮古市,田老篠倉
0270385,イワテケン,ミヤコシ,タロウシモセッタイ,岩手県,宮古市,田老下摂待
0270313,イワテケン,ミヤコシ,タロウシュンダツ,岩手県,宮古市,田老駿達
0270364,イワテケン,ミヤコシ,タロウシンデン,岩手県,宮古市,田老新田
0270355,イワテケン,ミヤコシ,タロウスエマエ,岩手県,宮古市,田老末前
0270367,イワテケン,ミヤコシ,タロウスズコサワ,岩手県,宮古市,田老鈴子沢
0270384,イワテケン,ミヤコシ,タロウセッタイ,岩手県,宮古市,田老摂待
0270365,イワテケン,ミヤコシ,タロウタキノサワ,岩手県,宮古市,田老滝の沢
0270344,イワテケン,ミヤコシ,タロウタツノクチ,岩手県,宮古市,田老辰の口
0270301,イワテケン,ミヤコシ,タロウタテガモリ,岩手県,宮古市,田老館が森
0270358,イワテケン,ミヤコシ,タロウタテコシ,岩手県,宮古市,田老立腰
0270302,イワテケン,ミヤコシ,タロウタナカ,岩手県,宮古市,田老田中
0270303,イワテケン,ミヤコシ,タロウタノサワ,岩手県,宮古市,田老田の沢
0270363,イワテケン,ミヤコシ,タロウナガバタケ,岩手県,宮古市,田老長畑
0270346,イワテケン,ミヤコシ,タロウナナタキ,岩手県,宮古市,田老七滝
0270331,イワテケン,ミヤコシ,タロウニシムカイヤマ,岩手県,宮古市,田老西向山
0270366,イワテケン,ミヤコシ,タロウニッタダイラ,岩手県,宮古市,田老新田平
0270323,イワテケン,ミヤコシ,タロウノハラ,岩手県,宮古市,田老野原
0270387,イワテケン,ミヤコシ,タロウハタ,岩手県,宮古市,田老畑
0270333,イワテケン,ミヤコシ,タロウフルタ,岩手県,宮古市,田老古田
0270381,イワテケン,ミヤコシ,タロウホシヤマ,岩手県,宮古市,田老星山
0270371,イワテケン,ミヤコシ,タロウミズサワ,岩手県,宮古市,田老水沢
0270372,イワテケン,ミヤコシ,タロウミズサワミナミ,岩手県,宮古市,田老水沢南
0270357,イワテケン,ミヤコシ,タロウムカイクワハタ,岩手県,宮古市,田老向桑畑
0270373,イワテケン,ミヤコシ,タロウムカイシンデン,岩手県,宮古市,田老向新田
0270324,イワテケン,ミヤコシ,タロウムカイヤマ,岩手県,宮古市,田老向山
0270354,イワテケン,ミヤコシ,タロウモリサキ,岩手県,宮古市,田老森崎
0270352,イワテケン,ミヤコシ,タロウヤハタスイジン,岩手県,宮古市,田老八幡水神
0270341,イワテケン,ミヤコシ,タロウヨウロチ,岩手県,宮古市,田老養呂地
0270311,イワテケン,ミヤコシ,タロウワノ,岩手県,宮古市,田老和野
0270353,イワテケン,ミヤコシ,タロウワマキ,岩手県,宮古市,田老和蒔
0270356,イワテケン,ミヤコシ,タロウワヤマ,岩手県,宮古市,田老和山
0270056,イワテケン,ミヤコシ,チカナイ,岩手県,宮古市,近内
0270203,イワテケン,ミヤコシ,ツガルイシ,岩手県,宮古市,津軽石
0270091,イワテケン,ミヤコシ,ツキジ,岩手県,宮古市,築地
0270093,イワテケン,ミヤコシ,ナカサトダンチ,岩手県,宮古市,中里団地
0270034,イワテケン,ミヤコシ,ナガサワ,岩手県,宮古市,長沢
0270055,イワテケン,ミヤコシ,ナガネ,岩手県,宮古市,長根
0270053,イワテケン,ミヤコシ,ナガマチ,岩手県,宮古市,長町
0282511,イワテケン,ミヤコシ,ナツヤ,岩手県,宮古市,夏屋
0270041,イワテケン,ミヤコシ,ニシガオカ,岩手県,宮古市,西ケ丘
0270061,イワテケン,ミヤコシ,ニシマチ,岩手県,宮古市,西町
0270047,イワテケン,ミヤコシ,ネイチ,岩手県,宮古市,根市
0282504,イワテケン,ミヤコシ,ハコイシ（ダイ２チワリ＜７０−１３６＞−ダイ４チワリ＜３−１１＞）,岩手県,宮古市,箱石（第２地割「７０〜１３６」〜第４地割「３〜１１」）
0282304,イワテケン,ミヤコシ,ハコイシ（ソノタ）,岩手県,宮古市,箱石（その他）
0270035,イワテケン,ミヤコシ,ハナワ,岩手県,宮古市,花輪
0282103,イワテケン,ミヤコシ,ハラタイ,岩手県,宮古市,腹帯
0270007,イワテケン,ミヤコシ,ヒカゲチョウ,岩手県,宮古市,日影町
0282102,イワテケン,ミヤコシ,ヒキメ,岩手県,宮古市,蟇目
0270001,イワテケン,ミヤコシ,ヒタチハマチョウ,岩手県,宮古市,日立浜町
0270094,イワテケン,ミヤコシ,ヒノデチョウ,岩手県,宮古市,日の出町
0282633,イワテケン,ミヤコシ,ヒラツト,岩手県,宮古市,平津戸
0270029,イワテケン,ミヤコシ,フジノカワ,岩手県,宮古市,藤の川
0270021,イワテケン,ミヤコシ,フジワラ,岩手県,宮古市,藤原
0270021,イワテケン,ミヤコシ,フジワラカミマチ,岩手県,宮古市,藤原上町
0282301,イワテケン,ミヤコシ,フッタ,岩手県,宮古市,古田
0270074,イワテケン,ミヤコシ,ホクダ,岩手県,宮古市,保久田
0270037,イワテケン,ミヤコシ,マツヤマ,岩手県,宮古市,松山
0270025,イワテケン,ミヤコシ,ミタ,岩手県,宮古市,実田
0270073,イワテケン,ミヤコシ,ミドリガオカ,岩手県,宮古市,緑ケ丘
0270003,イワテケン,ミヤコシ,ミナトマチ,岩手県,宮古市,港町
0270051,イワテケン,ミヤコシ,ミナミマチ,岩手県,宮古市,南町
0270064,イワテケン,ミヤコシ,ミヤゾノ,岩手県,宮古市,宮園
0270052,イワテケン,ミヤコシ,ミヤマチ,岩手県,宮古市,宮町
0270082,イワテケン,ミヤコシ,ムカイマチ,岩手県,宮古市,向町
0282101,イワテケン,ミヤコシ,モイチ,岩手県,宮古市,茂市
0270089,イワテケン,ミヤコシ,モトマチ,岩手県,宮古市,本町
0270031,イワテケン,ミヤコシ,ヤギサワ,岩手県,宮古市,八木沢
0270063,イワテケン,ミヤコシ,ヤマグチ,岩手県,宮古市,山口
0270002,イワテケン,ミヤコシ,ヤマネチョウ,岩手県,宮古市,山根町
0270087,イワテケン,ミヤコシ,ヨコマチ,岩手県,宮古市,横町
0270004,イワテケン,ミヤコシ,リンコウドオリ,岩手県,宮古市,臨港通
0270045,イワテケン,ミヤコシ,ロウキ,岩手県,宮古市,老木
0282105,イワテケン,ミヤコシ,ワイナイ,岩手県,宮古市,和井内
0270075,イワテケン,ミヤコシ,ワミマチ,岩手県,宮古市,和見町
0270026,イワテケン,ミヤコシ,ワムラ,岩手県,宮古市,上村
0220000,イワテケン,オオフナトシ,イカニケイサイガナイバアイ,岩手県,大船渡市,以下に掲載がない場合
0220007,イワテケン,オオフナトシ,アカサキチョウ,岩手県,大船渡市,赤崎町
0220004,イワテケン,オオフナトシ,イカワチョウ,岩手県,大船渡市,猪川町
0220002,イワテケン,オオフナトシ,オオフナトチョウ,岩手県,大船渡市,大船渡町
0220003,イワテケン,オオフナトシ,サカリチョウ,岩手県,大船渡市,盛町
0220101,イワテケン,オオフナトシ,サンリクチョウオキライ,岩手県,大船渡市,三陸町越喜来
0220102,イワテケン,オオフナトシ,サンリクチョウヨシハマ,岩手県,大船渡市,三陸町吉浜
0220211,イワテケン,オオフナトシ,サンリクチョウリョウリ,岩手県,大船渡市,三陸町綾里
0220006,イワテケン,オオフナトシ,タッコンチョウ,岩手県,大船渡市,立根町
0220005,イワテケン,オオフナトシ,ヒコロイチチョウ,岩手県,大船渡市,日頃市町
0220001,イワテケン,オオフナトシ,マッサキチョウ,岩手県,大船渡市,末崎町
0250000,イワテケン,ハナマキシ,イカニケイサイガナイバアイ,岩手県,花巻市,以下に掲載がない場合
0250067,イワテケン,ハナマキシ,アサザワ,岩手県,花巻市,浅沢
0250088,イワテケン,ハナマキシ,アズマチョウ,岩手県,花巻市,東町
0250071,イワテケン,ハナマキシ,アタゴチョウ,岩手県,花巻市,愛宕町
0250095,イワテケン,ハナマキシ,イシガミチョウ,岩手県,花巻市,石神町
0283131,イワテケン,ハナマキシ,イシドリヤチョウイノハナ,岩手県,花巻市,石鳥谷町猪鼻
0283151,イワテケン,ハナマキシ,イシドリヤチョウエソ,岩手県,花巻市,石鳥谷町江曽
0283185,イワテケン,ハナマキシ,イシドリヤチョウオオセガワ,岩手県,花巻市,石鳥谷町大瀬川
0283102,イワテケン,ハナマキシ,イシドリヤチョウカミグチ,岩手県,花巻市,石鳥谷町上口
0283172,イワテケン,ハナマキシ,イシドリヤチョウキタテラバヤシ,岩手県,花巻市,石鳥谷町北寺林
0283161,イワテケン,ハナマキシ,イシドリヤチョウクロヌマ,岩手県,花巻市,石鳥谷町黒沼
0283101,イワテケン,ハナマキシ,イシドリヤチョウコウチ,岩手県,花巻市,石鳥谷町好地
0283141,イワテケン,ハナマキシ,イシドリヤチョウゴダイドウ,岩手県,花巻市,石鳥谷町五大堂
0283153,イワテケン,ハナマキシ,イシドリヤチョウコモリバヤシ,岩手県,花巻市,石鳥谷町小森林
0283182,イワテケン,ハナマキシ,イシドリヤチョウショウリンジ,岩手県,花巻市,石鳥谷町松林寺
0283133,イワテケン,ハナマキシ,イシドリヤチョウセキグチ,岩手県,花巻市,石鳥谷町関口
0283181,イワテケン,ハナマキシ,イシドリヤチョウダイコウジ,岩手県,花巻市,石鳥谷町大興寺
0283122,イワテケン,ハナマキシ,イシドリヤチョウタキタ,岩手県,花巻市,石鳥谷町滝田
0283121,イワテケン,ハナマキシ,イシドリヤチョウトヅカ,岩手県,花巻市,石鳥谷町戸塚
0283184,イワテケン,ハナマキシ,イシドリヤチョウトミサワ,岩手県,花巻市,石鳥谷町富沢
0283171,イワテケン,ハナマキシ,イシドリヤチョウナカテラバヤシ,岩手県,花巻市,石鳥谷町中寺林
0283111,イワテケン,ハナマキシ,イシドリヤチョウニイボリ,岩手県,花巻市,石鳥谷町新堀
0283162,イワテケン,ハナマキシ,イシドリヤチョウニシナカジマ,岩手県,花巻市,石鳥谷町西中島
0283183,イワテケン,ハナマキシ,イシドリヤチョウハセドウ,岩手県,花巻市,石鳥谷町長谷堂
0283163,イワテケン,ハナマキシ,イシドリヤチョウハチマン,岩手県,花巻市,石鳥谷町八幡
0283132,イワテケン,ハナマキシ,イシドリヤチョウヒガシナカシマ,岩手県,花巻市,石鳥谷町東中島
0283152,イワテケン,ハナマキシ,イシドリヤチョウミナミテラバヤシ,岩手県,花巻市,石鳥谷町南寺林
0283142,イワテケン,ハナマキシ,イシドリヤチョウヤエハタ,岩手県,花巻市,石鳥谷町八重畑
0250058,イワテケン,ハナマキシ,イッポンスギ,岩手県,花巻市,一本杉
0250042,イワテケン,ハナマキシ,エンマンジ,岩手県,花巻市,円万寺
0250322,イワテケン,ハナマキシ,オオカミザワ,岩手県,花巻市,狼沢
0250037,イワテケン,ハナマキシ,オオタ,岩手県,花巻市,太田
0250092,イワテケン,ハナマキシ,オオドオリ,岩手県,花巻市,大通り
0283201,イワテケン,ハナマキシ,オオハサママチウチカワメ,岩手県,花巻市,大迫町内川目
0283203,イワテケン,ハナマキシ,オオハサママチオオハサマ,岩手県,花巻市,大迫町大迫
0283204,イワテケン,ハナマキシ,オオハサママチカメガモリ,岩手県,花巻市,大迫町亀ケ森
0283202,イワテケン,ハナマキシ,オオハサママチソトカワメ,岩手県,花巻市,大迫町外川目
0250303,イワテケン,ハナマキシ,オオハタ,岩手県,花巻市,大畑
0250026,イワテケン,ハナマキシ,オオヤチ,岩手県,花巻市,大谷地
0250082,イワテケン,ハナマキシ,オタヤチョウ,岩手県,花巻市,御田屋町
0250311,イワテケン,ハナマキシ,オロシマチ,岩手県,花巻市,卸町
0250086,イワテケン,ハナマキシ,カジマチ,岩手県,花巻市,鍛治町
0250075,イワテケン,ハナマキシ,カジョウマチ,岩手県,花巻市,花城町
0250321,イワテケン,ハナマキシ,カナヤ,岩手県,花巻市,金矢
0250056,イワテケン,ハナマキシ,カミキタマンチョウメ,岩手県,花巻市,上北万丁目
0250062,イワテケン,ハナマキシ,カミコブナト,岩手県,花巻市,上小舟渡
0250032,イワテケン,ハナマキシ,カミスワ,岩手県,花巻市,上諏訪
0250087,イワテケン,ハナマキシ,カミチョウ,岩手県,花巻市,上町
0250007,イワテケン,ハナマキシ,カミニタナイ,岩手県,花巻市,上似内
0250043,イワテケン,ハナマキシ,カミネコ,岩手県,花巻市,上根子
0250132,イワテケン,ハナマキシ,キタササマ,岩手県,花巻市,北笹間
0250301,イワテケン,ハナマキシ,キタユグチ,岩手県,花巻市,北湯口
0250008,イワテケン,ハナマキシ,クウコウミナミ,岩手県,花巻市,空港南
0250004,イワテケン,ハナマキシ,クズ,岩手県,花巻市,葛
0250253,イワテケン,ハナマキシ,クタシザワ,岩手県,花巻市,下シ沢
0250323,イワテケン,ハナマキシ,クヌギノメ,岩手県,花巻市,椚ノ目
0250013,イワテケン,ハナマキシ,コウダ,岩手県,花巻市,幸田
0250012,イワテケン,ハナマキシ,コシオウ,岩手県,花巻市,胡四王
0250324,イワテケン,ハナマキシ,コセガワ,岩手県,花巻市,小瀬川
0250098,イワテケン,ハナマキシ,ザイモクチョウ,岩手県,花巻市,材木町
0250074,イワテケン,ハナマキシ,サカモトチョウ,岩手県,花巻市,坂本町
0250094,イワテケン,ハナマキシ,サクラギチョウ,岩手県,花巻市,桜木町
0250064,イワテケン,ハナマキシ,サクラダイ,岩手県,花巻市,桜台
0250084,イワテケン,ハナマキシ,サクラマチ,岩手県,花巻市,桜町
0250081,イワテケン,ハナマキシ,サトカワグチマチ,岩手県,花巻市,里川口町
0250068,イワテケン,ハナマキシ,シタハバ,岩手県,花巻市,下幅
0250035,イワテケン,ハナマキシ,ジツソウジ,岩手県,花巻市,実相寺
0250054,イワテケン,ハナマキシ,シモキタマンチョウメ,岩手県,花巻市,下北万丁目
0250063,イワテケン,ハナマキシ,シモコブナト,岩手県,花巻市,下小舟渡
0250006,イワテケン,ハナマキシ,シモニタナイ,岩手県,花巻市,下似内
0250025,イワテケン,ハナマキシ,シモネコ,岩手県,花巻市,下根子
0250022,イワテケン,ハナマキシ,ジュウニチョウメ,岩手県,花巻市,十二丁目
0250076,イワテケン,ハナマキシ,ジョウナイ,岩手県,花巻市,城内
0250137,イワテケン,ハナマキシ,シリタイラガワ,岩手県,花巻市,尻平川
0250057,イワテケン,ハナマキシ,シンデン,岩手県,花巻市,新田
0250079,イワテケン,ハナマキシ,スエヒロチョウ,岩手県,花巻市,末広町
0250033,イワテケン,ハナマキシ,スワ,岩手県,花巻市,諏訪
0250039,イワテケン,ハナマキシ,スワチョウ,岩手県,花巻市,諏訪町
0250305,イワテケン,ハナマキシ,ダイ,岩手県,花巻市,台
0250016,イワテケン,ハナマキシ,タカキ,岩手県,花巻市,高木
0250083,イワテケン,ハナマキシ,タカダ,岩手県,花巻市,高田
0250014,イワテケン,ハナマキシ,タカマツ,岩手県,花巻市,高松
0250005,イワテケン,ハナマキシ,タチカラ,岩手県,花巻市,田力
0250001,イワテケン,ハナマキシ,テンカダ,岩手県,花巻市,天下田
0280115,イワテケン,ハナマキシ,トウワチョウアヒョウ,岩手県,花巻市,東和町安俵
0280134,イワテケン,ハナマキシ,トウワチョウイサゴ,岩手県,花巻市,東和町砂子
0280103,イワテケン,ハナマキシ,トウワチョウイシハトオカ,岩手県,花巻市,東和町石鳩岡
0280154,イワテケン,ハナマキシ,トウワチョウイシモチ,岩手県,花巻市,東和町石持
0280151,イワテケン,ハナマキシ,トウワチョウオチアイ,岩手県,花巻市,東和町落合
0280121,イワテケン,ハナマキシ,トウワチョウオトモ,岩手県,花巻市,東和町小友
0280136,イワテケン,ハナマキシ,トウワチョウオバラ,岩手県,花巻市,東和町小原
0280143,イワテケン,ハナマキシ,トウワチョウカミウキタ,岩手県,花巻市,東和町上浮田
0280107,イワテケン,ハナマキシ,トウワチョウキタオヤマダ,岩手県,花巻市,東和町北小山田
0280102,イワテケン,ハナマキシ,トウワチョウキタカワメ,岩手県,花巻市,東和町北川目
0280116,イワテケン,ハナマキシ,トウワチョウキタナルシマ,岩手県,花巻市,東和町北成島
0280101,イワテケン,ハナマキシ,トウワチョウキタマエダ,岩手県,花巻市,東和町北前田
0280135,イワテケン,ハナマキシ,トウワチョウクラザワ,岩手県,花巻市,東和町倉沢
0280156,イワテケン,ハナマキシ,トウワチョウコガヨウ,岩手県,花巻市,東和町小通
0280142,イワテケン,ハナマキシ,トウワチョウコマゴメ,岩手県,花巻市,東和町駒籠
0280141,イワテケン,ハナマキシ,トウワチョウシモウキタ,岩手県,花巻市,東和町下浮田
0280112,イワテケン,ハナマキシ,トウワチョウシンジ,岩手県,花巻市,東和町新地
0280106,イワテケン,ハナマキシ,トウワチョウソトヤチ,岩手県,花巻市,東和町外谷地
0280133,イワテケン,ハナマキシ,トウワチョウタカスドウ,岩手県,花巻市,東和町鷹巣堂
0280123,イワテケン,ハナマキシ,トウワチョウタセ,岩手県,花巻市,東和町田瀬
0280132,イワテケン,ハナマキシ,トウワチョウタテハサマ,岩手県,花巻市,東和町舘迫
0280122,イワテケン,ハナマキシ,トウワチョウタニナイ,岩手県,花巻市,東和町谷内
0280114,イワテケン,ハナマキシ,トウワチョウツチザワ,岩手県,花巻市,東和町土沢
0280152,イワテケン,ハナマキシ,トウワチョウドクサワ,岩手県,花巻市,東和町毒沢
0280153,イワテケン,ハナマキシ,トウワチョウナカナイ,岩手県,花巻市,東和町中内
0280113,イワテケン,ハナマキシ,トウワチョウヒガシハルヤマ,岩手県,花巻市,東和町東晴山
0280105,イワテケン,ハナマキシ,トウワチョウマエダ,岩手県,花巻市,東和町前田
0280131,イワテケン,ハナマキシ,トウワチョウマチイ,岩手県,花巻市,東和町町井
0280104,イワテケン,ハナマキシ,トウワチョウミナミカワメ,岩手県,花巻市,東和町南川目
0280155,イワテケン,ハナマキシ,トウワチョウミナミナルシマ,岩手県,花巻市,東和町南成島
0280144,イワテケン,ハナマキシ,トウワチョウミヤダ,岩手県,花巻市,東和町宮田
0280111,イワテケン,ハナマキシ,トウワチョウモモノサワ,岩手県,花巻市,東和町百ノ沢
0250135,イワテケン,ハナマキシ,トチナイ,岩手県,花巻市,栃内
0250131,イワテケン,ハナマキシ,トドロキ,岩手県,花巻市,轟木
0250251,イワテケン,ハナマキシ,トヨサワ,岩手県,花巻市,豊沢
0250089,イワテケン,ハナマキシ,トヨサワチョウ,岩手県,花巻市,豊沢町
0250053,イワテケン,ハナマキシ,ナカキタマンチョウメ,岩手県,花巻市,中北万丁目
0250133,イワテケン,ハナマキシ,ナカササマ,岩手県,花巻市,中笹間
0250036,イワテケン,ハナマキシ,ナカネコ,岩手県,花巻市,中根子
0250077,イワテケン,ハナマキシ,ナカマチ,岩手県,花巻市,仲町
0250046,イワテケン,ハナマキシ,ナベクラ,岩手県,花巻市,鍋倉
0250252,イワテケン,ハナマキシ,ナマリ,岩手県,花巻市,鉛
0250023,イワテケン,ハナマキシ,ナリタ,岩手県,花巻市,成田
0250021,イワテケン,ハナマキシ,ナンジョウ,岩手県,花巻市,南城
0250091,イワテケン,ハナマキシ,ニシオオドオリ,岩手県,花巻市,西大通り
0250045,イワテケン,ハナマキシ,ニシハレヤマ,岩手県,花巻市,西晴山
0250002,イワテケン,ハナマキシ,ニシミヤノメ,岩手県,花巻市,西宮野目
0250312,イワテケン,ハナマキシ,ニマイバシ,岩手県,花巻市,二枚橋
0250314,イワテケン,ハナマキシ,ニマイバシマチオオドオリ,岩手県,花巻市,二枚橋町大通り
0250315,イワテケン,ハナマキシ,ニマイバシマチミナミ,岩手県,花巻市,二枚橋町南
0250313,イワテケン,ハナマキシ,ニマイバシマチキタ,岩手県,花巻市,二枚橋町北
0250302,イワテケン,ハナマキシ,ヌカヅカ,岩手県,花巻市,糠塚
0250052,イワテケン,ハナマキシ,ノダ,岩手県,花巻市,野田
0250015,イワテケン,ハナマキシ,ヒガシジュウニチョウメ,岩手県,花巻市,東十二丁目
0250003,イワテケン,ハナマキシ,ヒガシミヤノメ,岩手県,花巻市,東宮野目
0250041,イワテケン,ハナマキシ,ヒザタテ,岩手県,花巻市,膝立
0250073,イワテケン,ハナマキシ,ヒトイチ,岩手県,花巻市,一日市
0250096,イワテケン,ハナマキシ,フジサワチョウ,岩手県,花巻市,藤沢町
0250085,イワテケン,ハナマキシ,フタバチョウ,岩手県,花巻市,双葉町
0250078,イワテケン,ハナマキシ,フツパリチョウ,岩手県,花巻市,吹張町
0250031,イワテケン,ハナマキシ,フドウ,岩手県,花巻市,不動
0250038,イワテケン,ハナマキシ,フドウチョウ,岩手県,花巻市,不動町
0250065,イワテケン,ハナマキシ,ホシガオカ,岩手県,花巻市,星が丘
0250066,イワテケン,ハナマキシ,マツゾノチョウ,岩手県,花巻市,松園町
0250093,イワテケン,ハナマキシ,ミナミカワラチョウ,岩手県,花巻市,南川原町
0250134,イワテケン,ハナマキシ,ミナミササマ,岩手県,花巻市,南笹間
0250051,イワテケン,ハナマキシ,ミナミシンデン,岩手県,花巻市,南新田
0250034,イワテケン,ハナマキシ,ミナミスワチョウ,岩手県,花巻市,南諏訪町
0250055,イワテケン,ハナマキシ,ミナミマンチョウメ,岩手県,花巻市,南万丁目
0250061,イワテケン,ハナマキシ,モトダテ,岩手県,花巻市,本館
0250011,イワテケン,ハナマキシ,ヤサワ,岩手県,花巻市,矢沢
0250024,イワテケン,ハナマキシ,ヤマノカミ,岩手県,花巻市,山の神
0250044,イワテケン,ハナマキシ,ユグチ（イシカワラ、タヤ、フタツゼキ、マトバ）,岩手県,花巻市,湯口（石川原、田屋、二ツ堰、的場）
0250244,イワテケン,ハナマキシ,ユグチ（ソノタ）,岩手県,花巻市,湯口（その他）
0250304,イワテケン,ハナマキシ,ユモト,岩手県,花巻市,湯本
0250136,イワテケン,ハナマキシ,ヨコシダ,岩手県,花巻市,横志田
0250072,イワテケン,ハナマキシ,ヨッカマチ,岩手県,花巻市,四日町
0250097,イワテケン,ハナマキシ,ワカバチョウ,岩手県,花巻市,若葉町
0240000,イワテケン,キタカミシ,イカニケイサイガナイバアイ,岩手県,北上市,以下に掲載がない場合
0240051,イワテケン,キタカミシ,アイサリチョウ,岩手県,北上市,相去町
0240031,イワテケン,キタカミシ,アオヤギチョウ,岩手県,北上市,青柳町
0240081,イワテケン,キタカミシ,アリタチョウ,岩手県,北上市,有田町
0240001,イワテケン,キタカミシ,イイトヨ,岩手県,北上市,飯豊
0240041,イワテケン,キタカミシ,イナセチョウ,岩手県,北上市,稲瀬町
0240021,イワテケン,キタカミシ,ウエノチョウ,岩手県,北上市,上野町
0240054,イワテケン,キタカミシ,オオツツミヒガシ,岩手県,北上市,大堤東
0240053,イワテケン,キタカミシ,オオツツミニシ,岩手県,北上市,大堤西
0240055,イワテケン,キタカミシ,オオツツミミナミ,岩手県,北上市,大堤南
0240052,イワテケン,キタカミシ,オオツツミキタ,岩手県,北上市,大堤北
0240061,イワテケン,キタカミシ,オオドオリ,岩手県,北上市,大通り
0240091,イワテケン,キタカミシ,オオマガリチョウ,岩手県,北上市,大曲町
0240056,イワテケン,キタカミシ,オニヤナギチョウ,岩手県,北上市,鬼柳町
0240062,イワテケン,キタカミシ,カジマチ,岩手県,北上市,鍛冶町
0240071,イワテケン,キタカミシ,カミエヅリコ,岩手県,北上市,上江釣子
0240057,イワテケン,キタカミシ,カミオニヤナギ,岩手県,北上市,上鬼柳
0240032,イワテケン,キタカミシ,カワギシ,岩手県,北上市,川岸
0240072,イワテケン,キタカミシ,キタオニヤナギ,岩手県,北上市,北鬼柳
0240102,イワテケン,キタカミシ,キタコウギョウダンチ（３、５バンチ）,岩手県,北上市,北工業団地（３、５番地）
0240002,イワテケン,キタカミシ,キタコウギョウダンチ（ソノタ）,岩手県,北上市,北工業団地（その他）
0240211,イワテケン,キタカミシ,クチナイチョウ,岩手県,北上市,口内町
0240063,イワテケン,キタカミシ,クネンバシ,岩手県,北上市,九年橋
0240042,イワテケン,キタカミシ,クロイワ,岩手県,北上市,黒岩
0240022,イワテケン,キタカミシ,クロサワジリ,岩手県,北上市,黒沢尻
0240105,イワテケン,キタカミシ,コトリザキ,岩手県,北上市,小鳥崎
0240033,イワテケン,キタカミシ,サイワイチョウ,岩手県,北上市,幸町
0240084,イワテケン,キタカミシ,サクラドオリ,岩手県,北上市,さくら通り
0240023,イワテケン,キタカミシ,サトブン,岩手県,北上市,里分
0240103,イワテケン,キタカミシ,サラキ,岩手県,北上市,更木
0240073,イワテケン,キタカミシ,シモエヅリコ,岩手県,北上市,下江釣子
0240058,イワテケン,キタカミシ,シモオニヤナギ,岩手県,北上市,下鬼柳
0240085,イワテケン,キタカミシ,シラユリ,岩手県,北上市,しらゆり
0240092,イワテケン,キタカミシ,シンコクチョウ,岩手県,北上市,新穀町
0240034,イワテケン,キタカミシ,スワチョウ,岩手県,北上市,諏訪町
0240043,イワテケン,キタカミシ,タチバナ,岩手県,北上市,立花
0240011,イワテケン,キタカミシ,ツツミガオカ,岩手県,北上市,堤ケ丘
0240012,イワテケン,キタカミシ,トキワダイ,岩手県,北上市,常盤台
0240024,イワテケン,キタカミシ,ナカノチョウ,岩手県,北上市,中野町
0240074,イワテケン,キタカミシ,ナメシダ,岩手県,北上市,滑田
0240003,イワテケン,キタカミシ,ナリタ,岩手県,北上市,成田
0240075,イワテケン,キタカミシ,ニツペイ,岩手県,北上市,新平
0240076,イワテケン,キタカミシ,ハトオカザキ,岩手県,北上市,鳩岡崎
0240035,イワテケン,キタカミシ,ハナゾノチョウ,岩手県,北上市,花園町
0240044,イワテケン,キタカミシ,ヒラサワ,岩手県,北上市,平沢
0240101,イワテケン,キタカミシ,フシウシ,岩手県,北上市,臥牛
0240013,イワテケン,キタカミシ,フジサワ,岩手県,北上市,藤沢
0240104,イワテケン,キタカミシ,フタゴチョウ,岩手県,北上市,二子町
0240093,イワテケン,キタカミシ,ホンゴクチョウ,岩手県,北上市,本石町
0240094,イワテケン,キタカミシ,ホンドオリ,岩手県,北上市,本通り
0240025,イワテケン,キタカミシ,マゴヤシキ,岩手県,北上市,孫屋敷
0240082,イワテケン,キタカミシ,マチブン,岩手県,北上市,町分
0240004,イワテケン,キタカミシ,ムラサキノ,岩手県,北上市,村崎野
0240083,イワテケン,キタカミシ,ヤナギハラチョウ,岩手県,北上市,柳原町
0240045,イワテケン,キタカミシ,ユザワ,岩手県,北上市,湯沢
0240095,イワテケン,キタカミシ,ヨシチョウ,岩手県,北上市,芳町
0240014,イワテケン,キタカミシ,リュウツウセンター,岩手県,北上市,流通センター
0240064,イワテケン,キタカミシ,ワカミヤチョウ,岩手県,北上市,若宮町
0240321,イワテケン,キタカミシ,ワガチョウイワサキ,岩手県,北上市,和賀町岩崎
0240322,イワテケン,キタカミシ,ワガチョウイワサキシンデン,岩手県,北上市,和賀町岩崎新田
0240325,イワテケン,キタカミシ,ワガチョウイワサワ,岩手県,北上市,和賀町岩沢
0240335,イワテケン,キタカミシ,ワガチョウゴトウ,岩手県,北上市,和賀町後藤
0240323,イワテケン,キタカミシ,ワガチョウススマゴ,岩手県,北上市,和賀町煤孫
0240326,イワテケン,キタカミシ,ワガチョウセンニン,岩手県,北上市,和賀町仙人
0240332,イワテケン,キタカミシ,ワガチョウタテカワメ,岩手県,北上市,和賀町竪川目
0240333,イワテケン,キタカミシ,ワガチョウナガヌマ,岩手県,北上市,和賀町長沼
0240334,イワテケン,キタカミシ,ワガチョウフジネ,岩手県,北上市,和賀町藤根
0240324,イワテケン,キタカミシ,ワガチョウヤマグチ,岩手県,北上市,和賀町山口
0240331,イワテケン,キタカミシ,ワガチョウヨコカワメ,岩手県,北上市,和賀町横川目
0280000,イワテケン,クジシ,イカニケイサイガナイバアイ,岩手県,久慈市,以下に掲載がない場合
0280014,イワテケン,クジシ,アサヒチョウ,岩手県,久慈市,旭町
0280063,イワテケン,クジシ,アラマチ,岩手県,久慈市,荒町
0288111,イワテケン,クジシ,ウベチョウ,岩手県,久慈市,宇部町
0280034,イワテケン,クジシ,エダナリサワ,岩手県,久慈市,枝成沢
0280091,イワテケン,クジシ,オオカワメチョウ,岩手県,久慈市,大川目町
0280083,イワテケン,クジシ,オオサワ,岩手県,久慈市,大沢
0280041,イワテケン,クジシ,オサナイチョウ,岩手県,久慈市,長内町
0280054,イワテケン,クジシ,カシワザキ,岩手県,久慈市,柏崎
0280051,イワテケン,クジシ,カワサキチョウ,岩手県,久慈市,川崎町
0280082,イワテケン,クジシ,カワヌキ,岩手県,久慈市,川貫
0280013,イワテケン,クジシ,キョウノモリ,岩手県,久慈市,京の森
0280015,イワテケン,クジシ,ゲンドウ,岩手県,久慈市,源道
0280071,イワテケン,クジシ,コクジチョウ,岩手県,久慈市,小久慈町
0280024,イワテケン,クジシ,サカエチョウ,岩手県,久慈市,栄町
0287801,イワテケン,クジシ,サムライハマチョウ,岩手県,久慈市,侍浜町
0280035,イワテケン,クジシ,サワサト,岩手県,久慈市,沢里
0280065,イワテケン,クジシ,ジュウハチニチマチ,岩手県,久慈市,十八日町
0280023,イワテケン,クジシ,シンナカノハシ,岩手県,久慈市,新中の橋
0280053,イワテケン,クジシ,タコウ,岩手県,久慈市,田高
0280055,イワテケン,クジシ,タツミチョウ,岩手県,久慈市,巽町
0280022,イワテケン,クジシ,タヤチョウ,岩手県,久慈市,田屋町
0280061,イワテケン,クジシ,チュウオウ,岩手県,久慈市,中央
0280032,イワテケン,クジシ,テラサト,岩手県,久慈市,寺里
0280031,イワテケン,クジシ,テンジンドウ,岩手県,久慈市,天神堂
0280066,イワテケン,クジシ,ナカノハシ,岩手県,久慈市,中の橋
0280056,イワテケン,クジシ,ナカマチ,岩手県,久慈市,中町
0280001,イワテケン,クジシ,ナツイチョウ,岩手県,久慈市,夏井町
0280012,イワテケン,クジシ,ニイダ,岩手県,久慈市,新井田
0280081,イワテケン,クジシ,ニシノサワ,岩手県,久慈市,西の沢
0280062,イワテケン,クジシ,ニジュウハチニチマチ,岩手県,久慈市,二十八日町
0280033,イワテケン,クジシ,ハタケダ,岩手県,久慈市,畑田
0280052,イワテケン,クジシ,ホンチョウ,岩手県,久慈市,本町
0280011,イワテケン,クジシ,ミナトチョウ,岩手県,久慈市,湊町
0280021,イワテケン,クジシ,モンゼン,岩手県,久慈市,門前
0288712,イワテケン,クジシ,ヤマガタチョウオグニ,岩手県,久慈市,山形町小国
0288602,イワテケン,クジシ,ヤマガタチョウカワイ,岩手県,久慈市,山形町川井
0288713,イワテケン,クジシ,ヤマガタチョウシモハタ,岩手県,久慈市,山形町霜畑
0288711,イワテケン,クジシ,ヤマガタチョウツナギ,岩手県,久慈市,山形町繋
0288603,イワテケン,クジシ,ヤマガタチョウニカルベ,岩手県,久慈市,山形町荷軽部
0288604,イワテケン,クジシ,ヤマガタチョウヒノサワ,岩手県,久慈市,山形町日野沢
0288601,イワテケン,クジシ,ヤマガタチョウヘロマチ,岩手県,久慈市,山形町戸呂町
0288605,イワテケン,クジシ,ヤマガタチョウライナイ,岩手県,久慈市,山形町来内
0288521,イワテケン,クジシ,ヤマネチョウ,岩手県,久慈市,山根町
0280064,イワテケン,クジシ,ヨウカチョウ,岩手県,久慈市,八日町
0280500,イワテケン,トオノシ,イカニケイサイガナイバアイ,岩手県,遠野市,以下に掲載がない場合
0280503,イワテケン,トオノシ,アオザサチョウアオザサ,岩手県,遠野市,青笹町青笹
0280502,イワテケン,トオノシ,アオザサチョウナカザワ,岩手県,遠野市,青笹町中沢
0280501,イワテケン,トオノシ,アオザサチョウヌカマエ,岩手県,遠野市,青笹町糠前
0280533,イワテケン,トオノシ,アヤオリチョウカミアヤオリ,岩手県,遠野市,綾織町上綾織
0280532,イワテケン,トオノシ,アヤオリチョウシモアヤオリ,岩手県,遠野市,綾織町下綾織
0280531,イワテケン,トオノシ,アヤオリチョウニッサト,岩手県,遠野市,綾織町新里
0280534,イワテケン,トオノシ,アヤオリチョウミサザキ,岩手県,遠野市,綾織町みさ崎
0280511,イワテケン,トオノシ,ウグイスザキチョウ,岩手県,遠野市,鶯崎町
0280481,イワテケン,トオノシ,オトモチョウ,岩手県,遠野市,小友町
0280517,イワテケン,トオノシ,カミクミチョウ,岩手県,遠野市,上組町
0280776,イワテケン,トオノシ,カミゴウチョウイタザワ,岩手県,遠野市,上郷町板沢
0280771,イワテケン,トオノシ,カミゴウチョウサヒナイ,岩手県,遠野市,上郷町佐比内
0280775,イワテケン,トオノシ,カミゴウチョウヒラクラ,岩手県,遠野市,上郷町平倉
0280773,イワテケン,トオノシ,カミゴウチョウヒラノハラ,岩手県,遠野市,上郷町平野原
0280772,イワテケン,トオノシ,カミゴウチョウホソゴエ,岩手県,遠野市,上郷町細越
0280774,イワテケン,トオノシ,カミゴウチョウライナイ,岩手県,遠野市,上郷町来内
0280516,イワテケン,トオノシ,コクチョウ,岩手県,遠野市,穀町
0280521,イワテケン,トオノシ,ザイモクチョウ,岩手県,遠野市,材木町
0280526,イワテケン,トオノシ,シモクミチョウ,岩手県,遠野市,下組町
0280522,イワテケン,トオノシ,シンコクチョウ,岩手県,遠野市,新穀町
0280524,イワテケン,トオノシ,シンマチ,岩手県,遠野市,新町
0280527,イワテケン,トオノシ,ダイクチョウ,岩手県,遠野市,大工町
0280523,イワテケン,トオノシ,チュウオウドオリ,岩手県,遠野市,中央通り
0280662,イワテケン,トオノシ,ツキモウシチョウアオダイ,岩手県,遠野市,附馬牛町安居台
0280661,イワテケン,トオノシ,ツキモウシチョウカミツキモウシ,岩手県,遠野市,附馬牛町上附馬牛
0280663,イワテケン,トオノシ,ツキモウシチョウシモツキモウシ,岩手県,遠野市,附馬牛町下附馬牛
0280664,イワテケン,トオノシ,ツキモウシチョウトウゼンジ,岩手県,遠野市,附馬牛町東禅寺
0280554,イワテケン,トオノシ,ツチブチチョウイイトヨ,岩手県,遠野市,土淵町飯豊
0280553,イワテケン,トオノシ,ツチブチチョウカシワザキ,岩手県,遠野市,土淵町柏崎
0280555,イワテケン,トオノシ,ツチブチチョウツチブチ,岩手県,遠野市,土淵町土淵
0280551,イワテケン,トオノシ,ツチブチチョウトチナイ,岩手県,遠野市,土淵町栃内
0280552,イワテケン,トオノシ,ツチブチチョウヤマグチ,岩手県,遠野市,土淵町山口
0280514,イワテケン,トオノシ,トオノチョウ,岩手県,遠野市,遠野町
0280542,イワテケン,トオノシ,ハヤセチョウ,岩手県,遠野市,早瀬町
0280512,イワテケン,トオノシ,ヒガシカミクミチョウ,岩手県,遠野市,東上組町
0280513,イワテケン,トオノシ,ヒガシコクチョウ,岩手県,遠野市,東穀町
0280515,イワテケン,トオノシ,ヒガシダテチョウ,岩手県,遠野市,東舘町
0280543,イワテケン,トオノシ,マツザキチョウコウコウジ,岩手県,遠野市,松崎町光興寺
0280545,イワテケン,トオノシ,マツザキチョウコマギ,岩手県,遠野市,松崎町駒木
0280541,イワテケン,トオノシ,マツザキチョウシライワ,岩手県,遠野市,松崎町白岩
0280544,イワテケン,トオノシ,マツザキチョウマツザキ,岩手県,遠野市,松崎町松崎
0280302,イワテケン,トオノシ,ミヤモリチョウカミマスザワ,岩手県,遠野市,宮守町上鱒沢
0280301,イワテケン,トオノシ,ミヤモリチョウカミミヤモリ,岩手県,遠野市,宮守町上宮守
0280303,イワテケン,トオノシ,ミヤモリチョウシモマスザワ,岩手県,遠野市,宮守町下鱒沢
0280304,イワテケン,トオノシ,ミヤモリチョウシモミヤモリ,岩手県,遠野市,宮守町下宮守
0280305,イワテケン,トオノシ,ミヤモリチョウタッソベ,岩手県,遠野市,宮守町達曽部
0280525,イワテケン,トオノシ,ムイカマチ,岩手県,遠野市,六日町
0210000,イワテケン,イチノセキシ,イカニケイサイガナイバアイ,岩手県,一関市,以下に掲載がない場合
0210853,イワテケン,イチノセキシ,アイサリ,岩手県,一関市,相去
0210031,イワテケン,イチノセキシ,アオバ,岩手県,一関市,青葉
0210041,イワテケン,イチノセキシ,アコオギ,岩手県,一関市,赤荻
0210864,イワテケン,イチノセキシ,アサヒチョウ,岩手県,一関市,旭町
0210008,イワテケン,イチノセキシ,イシバタケ,岩手県,一関市,石畑
0210894,イワテケン,イチノセキシ,イワイチョウ,岩手県,一関市,磐井町
0210834,イワテケン,イチノセキシ,ウナン,岩手県,一関市,宇南
0210867,イワテケン,イチノセキシ,エキマエ,岩手県,一関市,駅前
0210884,イワテケン,イチノセキシ,オオテマチ,岩手県,一関市,大手町
0210881,イワテケン,イチノセキシ,オオマチ,岩手県,一関市,大町
0210882,イワテケン,イチノセキシ,カミオオツキコウジ,岩手県,一関市,上大槻街
0210007,イワテケン,イチノセキシ,カミヒデリ,岩手県,一関市,上日照
0210833,イワテケン,イチノセキシ,カラカイ,岩手県,一関市,柄貝
0290202,イワテケン,イチノセキシ,カワサキチョウウスギヌ,岩手県,一関市,川崎町薄衣
0290201,イワテケン,イチノセキシ,カワサキチョウカンザキ,岩手県,一関市,川崎町門崎
0210802,イワテケン,イチノセキシ,キタジュッケンコウジ,岩手県,一関市,北十軒街
0210814,イワテケン,イチノセキシ,キタホウリョウ,岩手県,一関市,北ほうりょう
0210811,イワテケン,イチノセキシ,クボ,岩手県,一関市,久保
0210101,イワテケン,イチノセキシ,ゲンビチョウ,岩手県,一関市,厳美町
0210804,イワテケン,イチノセキシ,ゴジュウニンマチ,岩手県,一関市,五十人町
0290131,イワテケン,イチノセキシ,コゼンジ,岩手県,一関市,狐禅寺
0210022,イワテケン,イチノセキシ,ゴダイチョウ,岩手県,一関市,五代町
0210052,イワテケン,イチノセキシ,コトブキチョウ,岩手県,一関市,寿町
0210024,イワテケン,イチノセキシ,サイワイチョウ,岩手県,一関市,幸町
0210891,イワテケン,イチノセキシ,サクラギチョウ,岩手県,一関市,桜木町
0210801,イワテケン,イチノセキシ,サクラコウジ,岩手県,一関市,桜街
0210852,イワテケン,イチノセキシ,サワ,岩手県,一関市,沢
0210832,イワテケン,イチノセキシ,サンタ,岩手県,一関市,散田
0210821,イワテケン,イチノセキシ,サンノセキ,岩手県,一関市,三関
0210893,イワテケン,イチノセキシ,ジシュマチ,岩手県,一関市,地主町
0210806,イワテケン,イチノセキシ,シモオオツキコウジ,岩手県,一関市,下大槻街
0210877,イワテケン,イチノセキシ,ジョウナイ,岩手県,一関市,城内
0210006,イワテケン,イチノセキシ,ジョウボウ,岩手県,一関市,上坊
0210883,イワテケン,イチノセキシ,シンオオマチ,岩手県,一関市,新大町
0210001,イワテケン,イチノセキシ,シンマチ,岩手県,一関市,新町
0210841,イワテケン,イチノセキシ,スイカワコウジ,岩手県,一関市,吸川街
0210032,イワテケン,イチノセキシ,スエヒロ,岩手県,一関市,末広
0210851,イワテケン,イチノセキシ,セキガオカ,岩手県,一関市,関が丘
0290804,イワテケン,イチノセキシ,センマヤチョウイワシミズ,岩手県,一関市,千厩町磐清水
0291111,イワテケン,イチノセキシ,センマヤチョウオクタマ,岩手県,一関市,千厩町奥玉
0290801,イワテケン,イチノセキシ,センマヤチョウキヨタ,岩手県,一関市,千厩町清田
0290802,イワテケン,イチノセキシ,センマヤチョウコナシ,岩手県,一関市,千厩町小梨
0290803,イワテケン,イチノセキシ,センマヤチョウセンマヤ,岩手県,一関市,千厩町千厩
0290711,イワテケン,イチノセキシ,ダイトウチョウオオハラ,岩手県,一関市,大東町大原
0290603,イワテケン,イチノセキシ,ダイトウチョウオキタ,岩手県,一関市,大東町沖田
0290431,イワテケン,イチノセキシ,ダイトウチョウサルサワ,岩手県,一関市,大東町猿沢
0290521,イワテケン,イチノセキシ,ダイトウチョウシブタミ,岩手県,一関市,大東町渋民
0290523,イワテケン,イチノセキシ,ダイトウチョウスリサワ,岩手県,一関市,大東町摺沢
0290522,イワテケン,イチノセキシ,ダイトウチョウソゲイ,岩手県,一関市,大東町曽慶
0290602,イワテケン,イチノセキシ,ダイトウチョウトリウミ,岩手県,一関市,大東町鳥海
0290601,イワテケン,イチノセキシ,ダイトウチョウナカガワ,岩手県,一関市,大東町中川
0210873,イワテケン,イチノセキシ,ダイマチ,岩手県,一関市,台町
0210875,イワテケン,イチノセキシ,タカサキチョウ,岩手県,一関市,高崎町
0290132,イワテケン,イチノセキシ,タキザワ,岩手県,一関市,滝沢
0210027,イワテケン,イチノセキシ,タケヤマチョウ,岩手県,一関市,竹山町
0210885,イワテケン,イチノセキシ,タムラチョウ,岩手県,一関市,田村町
0210844,イワテケン,イチノセキシ,タンマチ,岩手県,一関市,反町
0210021,イワテケン,イチノセキシ,チュウオウチョウ,岩手県,一関市,中央町
0210862,イワテケン,イチノセキシ,チヨダチョウ,岩手県,一関市,千代田町
0210874,イワテケン,イチノセキシ,ツリヤマ,岩手県,一関市,釣山
0210023,イワテケン,イチノセキシ,ドウヤチョウ,岩手県,一関市,銅谷町
0210005,イワテケン,イチノセキシ,ナカサト（サワダ）,岩手県,一関市,中里（沢田）
0210002,イワテケン,イチノセキシ,ナカサト（ソノタ）,岩手県,一関市,中里（その他）
0210836,イワテケン,イチノセキシ,ナルガミ,岩手県,一関市,鳴神
0210865,イワテケン,イチノセキシ,ニイヤマ,岩手県,一関市,新山
0210854,イワテケン,イチノセキシ,ニシザワ,岩手県,一関市,西沢
0210835,イワテケン,イチノセキシ,ニホンギ,岩手県,一関市,二本木
0210831,イワテケン,イチノセキシ,ヌマタ,岩手県,一関市,沼田
0210102,イワテケン,イチノセキシ,ハギショウ（アカイノコ、アシノクチ、アマワラビ、オイナガレ、オオサワ、カミウツノ、カミホンゴウ、カミヨウガイ、ケショウザカ、サンガツダ、シモウツノ、シモホンゴウ、ソデヤマ、ドウノサワ、トチクラ、トチクラミナミ、ナガクラ、ナカザワ、ハチモリ、ババ、ヒロオモテ、ヒラバ、フルカマバ、マガリフチ、マツバラ、ミナミザワ、ヤギ、ヤッキリ、ヤセ、ヤハタ、ヤマノサワ）,岩手県,一関市,萩荘（赤猪子、芦ノ口、甘蕨、老流、大沢、上宇津野、上本郷、上要害、化粧坂、三月田、下宇津野、下本郷、外山、堂の沢、栃倉、栃倉南、長倉、中沢、八森、馬場、広面、平場、古釜場、曲淵、松原、南沢、谷起、焼切、八瀬、八幡、山ノ沢）
0210902,イワテケン,イチノセキシ,ハギショウ（ソノタ）,岩手県,一関市,萩荘（その他）
0210861,イワテケン,イチノセキシ,ハタオリヤマ,岩手県,一関市,機織山
0210871,イワテケン,イチノセキシ,ハチマンチョウ,岩手県,一関市,八幡町
0293103,イワテケン,イチノセキシ,ハナイズミチョウオイマツ,岩手県,一関市,花泉町老松
0293102,イワテケン,イチノセキシ,ハナイズミチョウカザワ,岩手県,一関市,花泉町金沢
0293206,イワテケン,イチノセキシ,ハナイズミチョウナガイ,岩手県,一関市,花泉町永井
0293101,イワテケン,イチノセキシ,ハナイズミチョウハナイズミ,岩手県,一関市,花泉町花泉
0293104,イワテケン,イチノセキシ,ハナイズミチョウヒカタ,岩手県,一関市,花泉町日形
0293207,イワテケン,イチノセキシ,ハナイズミチョウユシマ,岩手県,一関市,花泉町油島
0293105,イワテケン,イチノセキシ,ハナイズミチョウワクツ（イチノマチ、ニノマチ、カミハラ、サカイ、フルカワ、ミチシタ）,岩手県,一関市,花泉町涌津（一ノ町、二ノ町、上原、境、古川、道下）
0293205,イワテケン,イチノセキシ,ハナイズミチョウワクツ（ソノタ）,岩手県,一関市,花泉町涌津（その他）
0210807,イワテケン,イチノセキシ,ヒガシカオウチョウ,岩手県,一関市,東花王町
0210003,イワテケン,イチノセキシ,ヒガシゴダイ,岩手県,一関市,東五代
0210892,イワテケン,イチノセキシ,ヒガシジシュマチ,岩手県,一関市,東地主町
0210822,イワテケン,イチノセキシ,ヒガシダイ,岩手県,一関市,東台
0290301,イワテケン,イチノセキシ,ヒガシヤマチョウタコウヅ,岩手県,一関市,東山町田河津
0290302,イワテケン,イチノセキシ,ヒガシヤマチョウナガサカ,岩手県,一関市,東山町長坂
0290303,イワテケン,イチノセキシ,ヒガシヤマチョウマツカワ,岩手県,一関市,東山町松川
0210876,イワテケン,イチノセキシ,ヒロコウジ,岩手県,一関市,広街
0210812,イワテケン,イチノセキシ,ヒワタシ,岩手県,一関市,樋渡
0210843,イワテケン,イチノセキシ,フカマチ,岩手県,一関市,深町
0293522,イワテケン,イチノセキシ,フジサワチョウオオカゴ,岩手県,一関市,藤沢町大籠
0293311,イワテケン,イチノセキシ,フジサワチョウキノミ,岩手県,一関市,藤沢町黄海
0293403,イワテケン,イチノセキシ,フジサワチョウスナゴタ,岩手県,一関市,藤沢町砂子田
0293404,イワテケン,イチノセキシ,フジサワチョウトクダ,岩手県,一関市,藤沢町徳田
0293402,イワテケン,イチノセキシ,フジサワチョウニイヌマ,岩手県,一関市,藤沢町新沼
0293406,イワテケン,イチノセキシ,フジサワチョウニシグチ,岩手県,一関市,藤沢町西口
0293405,イワテケン,イチノセキシ,フジサワチョウフジサワ,岩手県,一関市,藤沢町藤沢
0293521,イワテケン,イチノセキシ,フジサワチョウホロワ,岩手県,一関市,藤沢町保呂羽
0293401,イワテケン,イチノセキシ,フジサワチョウマスザワ,岩手県,一関市,藤沢町増沢
0210221,イワテケン,イチノセキシ,マイカワ,岩手県,一関市,舞川
0210901,イワテケン,イチノセキシ,マシバ,岩手県,一関市,真柴
0210004,イワテケン,イチノセキシ,マチウラ,岩手県,一関市,町浦
0210803,イワテケン,イチノセキシ,ミナミジュッケンコウジ,岩手県,一関市,南十軒街
0210866,イワテケン,イチノセキシ,ミナミシンマチ,岩手県,一関市,南新町
0210813,イワテケン,イチノセキシ,ミナミホウリョウ,岩手県,一関市,南ほうりょう
0210863,イワテケン,イチノセキシ,ミナミマチ,岩手県,一関市,南町
0210872,イワテケン,イチノセキシ,ミヤサカチョウ,岩手県,一関市,宮坂町
0210013,イワテケン,イチノセキシ,ミヤシタチョウ,岩手県,一関市,宮下町
0210012,イワテケン,イチノセキシ,ミヤマエチョウ,岩手県,一関市,宮前町
0291201,イワテケン,イチノセキシ,ムロネチョウオリカベ,岩手県,一関市,室根町折壁
0291211,イワテケン,イチノセキシ,ムロネチョウツヤガワ,岩手県,一関市,室根町津谷川
0291202,イワテケン,イチノセキシ,ムロネチョウヤゴシ,岩手県,一関市,室根町矢越
0290211,イワテケン,イチノセキシ,ヤサカエ,岩手県,一関市,弥栄
0210842,イワテケン,イチノセキシ,ヤナギマチ,岩手県,一関市,柳町
0210063,イワテケン,イチノセキシ,ヤマノメ（オオツキ）,岩手県,一関市,山目（大槻）
0210035,イワテケン,イチノセキシ,ヤマノメ（サイテン）,岩手県,一関市,山目（才天）
0210054,イワテケン,イチノセキシ,ヤマノメ（サカイ）,岩手県,一関市,山目（境）
0210033,イワテケン,イチノセキシ,ヤマノメ（サトマエ）,岩手県,一関市,山目（里前）
0210064,イワテケン,イチノセキシ,ヤマノメ（サワウチ）,岩手県,一関市,山目（沢内）
0210051,イワテケン,イチノセキシ,ヤマノメ（サンタンダ）,岩手県,一関市,山目（三反田）
0210036,イワテケン,イチノセキシ,ヤマノメ（ジュウニジン）,岩手県,一関市,山目（十二神）
0210034,イワテケン,イチノセキシ,ヤマノメ（タチザワ）,岩手県,一関市,山目（立沢）
0210061,イワテケン,イチノセキシ,ヤマノメ（タテ）,岩手県,一関市,山目（館）
0210062,イワテケン,イチノセキシ,ヤマノメ（テラマエ）,岩手県,一関市,山目（寺前）
0210055,イワテケン,イチノセキシ,ヤマノメ（ドロタ）,岩手県,一関市,山目（泥田）
0210056,イワテケン,イチノセキシ,ヤマノメ（ドロタヤマシタ）,岩手県,一関市,山目（泥田山下）
0210053,イワテケン,イチノセキシ,ヤマノメ（ナカノ）,岩手県,一関市,山目（中野）
0210026,イワテケン,イチノセキシ,ヤマノメ（マエダ）,岩手県,一関市,山目（前田）
0210025,イワテケン,イチノセキシ,ヤマノメ（ムカイノ）,岩手県,一関市,山目（向野）
0210011,イワテケン,イチノセキシ,ヤマノメマチ,岩手県,一関市,山目町
0210805,イワテケン,イチノセキシ,ユタカマチ,岩手県,一関市,豊町
0210815,イワテケン,イチノセキシ,ヨウガイ,岩手県,一関市,要害
0210014,イワテケン,イチノセキシ,ランバイチョウ,岩手県,一関市,蘭梅町
0292200,イワテケン,リクゼンタカタシ,イカニケイサイガナイバアイ,岩手県,陸前高田市,以下に掲載がない場合
0292207,イワテケン,リクゼンタカタシ,オトモチョウ,岩手県,陸前高田市,小友町
0292204,イワテケン,リクゼンタカタシ,ケセンチョウ,岩手県,陸前高田市,気仙町
0292205,イワテケン,リクゼンタカタシ,タカタチョウ,岩手県,陸前高田市,高田町
0292203,イワテケン,リクゼンタカタシ,タケコマチョウ,岩手県,陸前高田市,竹駒町
0292208,イワテケン,リクゼンタカタシ,ヒロタチョウ,岩手県,陸前高田市,広田町
0292201,イワテケン,リクゼンタカタシ,ヤハギチョウ,岩手県,陸前高田市,矢作町
0292202,イワテケン,リクゼンタカタシ,ヨコタチョウ,岩手県,陸前高田市,横田町
0292206,イワテケン,リクゼンタカタシ,ヨネサキチョウ,岩手県,陸前高田市,米崎町
0260000,イワテケン,カマイシシ,イカニケイサイガナイバアイ,岩手県,釜石市,以下に掲載がない場合
0260012,イワテケン,カマイシシ,ウオガシ,岩手県,釜石市,魚河岸
0260301,イワテケン,カマイシシ,ウノスマイチョウ,岩手県,釜石市,鵜住居町
0260003,イワテケン,カマイシシ,ウレイシチョウ,岩手県,釜石市,嬉石町
0260022,イワテケン,カマイシシ,オオタダコエチョウ,岩手県,釜石市,大只越町
0260002,イワテケン,カマイシシ,オオダイラチョウ,岩手県,釜石市,大平町
0260024,イワテケン,カマイシシ,オオマチ,岩手県,釜石市,大町
0260025,イワテケン,カマイシシ,オオワタリチョウ,岩手県,釜石市,大渡町
0260302,イワテケン,カマイシシ,カタギシチョウ,岩手県,釜石市,片岸町
0260055,イワテケン,カマイシシ,カッシチョウ,岩手県,釜石市,甲子町
0260026,イワテケン,カマイシシ,カマイシ,岩手県,釜石市,釜石
0260041,イワテケン,カマイシシ,カミナカシマチョウ,岩手県,釜石市,上中島町
0260412,イワテケン,カマイシシ,クリバヤシチョウ,岩手県,釜石市,栗林町
0260042,イワテケン,カマイシシ,ゲンタサワチョウ,岩手県,釜石市,源太沢町
0260045,イワテケン,カマイシシ,コガワチョウ,岩手県,釜石市,小川町
0260052,イワテケン,カマイシシ,コサノチョウ,岩手県,釜石市,小佐野町
0260033,イワテケン,カマイシシ,コマギチョウ,岩手県,釜石市,駒木町
0260046,イワテケン,カマイシシ,サクラギチョウ,岩手県,釜石市,桜木町
0260053,イワテケン,カマイシシ,サダナイチョウ,岩手県,釜石市,定内町
0260015,イワテケン,カマイシシ,シンハマチョウ,岩手県,釜石市,新浜町
0260043,イワテケン,カマイシシ,シンマチ,岩手県,釜石市,新町
0260031,イワテケン,カマイシシ,スズコチョウ,岩手県,釜石市,鈴子町
0260044,イワテケン,カマイシシ,スミヨシチョウ,岩手県,釜石市,住吉町
0260021,イワテケン,カマイシシ,タダコエチョウ,岩手県,釜石市,只越町
0260032,イワテケン,カマイシシ,チドリチョウ,岩手県,釜石市,千鳥町
0260023,イワテケン,カマイシシ,テンジンチョウ,岩手県,釜石市,天神町
0260061,イワテケン,カマイシシ,トウニチョウ（ナベクラ）,岩手県,釜石市,唐丹町（鍋倉）
0260121,イワテケン,カマイシシ,トウニチョウ（ソノタ）,岩手県,釜石市,唐丹町（その他）
0260034,イワテケン,カマイシシ,ナカヅマチョウ,岩手県,釜石市,中妻町
0260054,イワテケン,カマイシシ,ノダチョウ,岩手県,釜石市,野田町
0260303,イワテケン,カマイシシ,ハコザキチョウ,岩手県,釜石市,箱崎町
0260411,イワテケン,カマイシシ,ハシノチョウ,岩手県,釜石市,橋野町
0260013,イワテケン,カマイシシ,ハマチョウ,岩手県,釜石市,浜町
0260014,イワテケン,カマイシシ,ヒガシマエチョウ,岩手県,釜石市,東前町
0260001,イワテケン,カマイシシ,ヘイタ,岩手県,釜石市,平田
0260005,イワテケン,カマイシシ,ヘイタチョウ,岩手県,釜石市,平田町
0260004,イワテケン,カマイシシ,マツバラチョウ,岩手県,釜石市,松原町
0260011,イワテケン,カマイシシ,ミナトマチ,岩手県,釜石市,港町
0260035,イワテケン,カマイシシ,ヤグモチョウ,岩手県,釜石市,八雲町
0260304,イワテケン,カマイシシ,リョウイシチョウ,岩手県,釜石市,両石町
0260051,イワテケン,カマイシシ,レイガグチチョウ,岩手県,釜石市,礼ケ口町
0286100,イワテケン,ニノヘシ,イカニケイサイガナイバアイ,岩手県,二戸市,以下に掲載がない場合
0286723,イワテケン,ニノヘシ,アッピ,岩手県,二戸市,安比
0286103,イワテケン,ニノヘシ,イシキリドコロ,岩手県,二戸市,石切所
0285713,イワテケン,ニノヘシ,カマザワ,岩手県,二戸市,釜沢
0286108,イワテケン,ニノヘシ,カミトマイ,岩手県,二戸市,上斗米
0285711,イワテケン,ニノヘシ,キンタイチ,岩手県,二戸市,金田一
0285702,イワテケン,ニノヘシ,シモトマイ（ソトセリサワ、ツキオリ、ツチバシ）,岩手県,二戸市,下斗米（外芹沢、月折、土橋）
0286102,イワテケン,ニノヘシ,シモトマイ（ソノタ）,岩手県,二戸市,下斗米（その他）
0286857,イワテケン,ニノヘシ,ジョウボウジマチアイナザワ,岩手県,二戸市,浄法寺町合名沢
0286944,イワテケン,ニノヘシ,ジョウボウジマチアスカ,岩手県,二戸市,浄法寺町飛鳥
0286945,イワテケン,ニノヘシ,ジョウボウジマチアスカヤチ,岩手県,二戸市,浄法寺町飛鳥谷地
0286946,イワテケン,ニノヘシ,ジョウボウジマチアッピナイ,岩手県,二戸市,浄法寺町安比内
0286947,イワテケン,ニノヘシ,ジョウボウジマチアッピナイザワ,岩手県,二戸市,浄法寺町安比内沢
0286883,イワテケン,ニノヘシ,ジョウボウジマチアラヤ,岩手県,二戸市,浄法寺町荒谷
0286837,イワテケン,ニノヘシ,ジョウボウジマチアラヤシキ,岩手県,二戸市,浄法寺町荒屋敷
0286866,イワテケン,ニノヘシ,ジョウボウジマチイイヅカ,岩手県,二戸市,浄法寺町飯近
0286924,イワテケン,ニノヘシ,ジョウボウジマチイエノウエ,岩手県,二戸市,浄法寺町家ノ上
0286877,イワテケン,ニノヘシ,ジョウボウジマチイサキザワ,岩手県,二戸市,浄法寺町伊崎沢
0286874,イワテケン,ニノヘシ,ジョウボウジマチイツタンダ,岩手県,二戸市,浄法寺町一反田
0286847,イワテケン,ニノヘシ,ジョウボウジマチイワブチ,岩手県,二戸市,浄法寺町岩渕
0286943,イワテケン,ニノヘシ,ジョウボウジマチウシロクボ,岩手県,二戸市,浄法寺町後久保
0286848,イワテケン,ニノヘシ,ジョウボウジマチウトザカ,岩手県,二戸市,浄法寺町ウト坂
0286819,イワテケン,ニノヘシ,ジョウボウジマチウマアライバ,岩手県,二戸市,浄法寺町馬洗場
0286879,イワテケン,ニノヘシ,ジョウボウジマチウメノキ,岩手県,二戸市,浄法寺町梅ノ木
0286833,イワテケン,ニノヘシ,ジョウボウジマチウルシザワ,岩手県,二戸市,浄法寺町漆沢
0286817,イワテケン,ニノヘシ,ジョウボウジマチウルシザワオオクボ,岩手県,二戸市,浄法寺町漆沢大久保
0286832,イワテケン,ニノヘシ,ジョウボウジマチウルシザワカミタイラ,岩手県,二戸市,浄法寺町漆沢上平
0286845,イワテケン,ニノヘシ,ジョウボウジマチウルシザワカミマエタ,岩手県,二戸市,浄法寺町漆沢上前田
0286831,イワテケン,ニノヘシ,ジョウボウジマチウルシザワシモタイラ,岩手県,二戸市,浄法寺町漆沢下平
0286835,イワテケン,ニノヘシ,ジョウボウジマチウルシザワシモマエタ,岩手県,二戸市,浄法寺町漆沢下モ前田
0286822,イワテケン,ニノヘシ,ジョウボウジマチウルシザワタテ,岩手県,二戸市,浄法寺町漆沢舘
0286842,イワテケン,ニノヘシ,ジョウボウジマチウルシザワナカマエタ,岩手県,二戸市,浄法寺町漆沢中前田
0286985,イワテケン,ニノヘシ,ジョウボウジマチウルシバタ,岩手県,二戸市,浄法寺町漆畑
0286878,イワテケン,ニノヘシ,ジョウボウジマチウルシバラ,岩手県,二戸市,浄法寺町漆原
0286861,イワテケン,ニノヘシ,ジョウボウジマチウワノ,岩手県,二戸市,浄法寺町上野
0286873,イワテケン,ニノヘシ,ジョウボウジマチオオシタ,岩手県,二戸市,浄法寺町大志田
0286919,イワテケン,ニノヘシ,ジョウボウジマチオオシミズアラヤ,岩手県,二戸市,浄法寺町大清水荒屋
0286916,イワテケン,ニノヘシ,ジョウボウジマチオオシミズシモタイラ,岩手県,二戸市,浄法寺町大清水下モ平
0286929,イワテケン,ニノヘシ,ジョウボウジマチオオシミズソラクボ,岩手県,二戸市,浄法寺町大清水空久保
0286917,イワテケン,ニノヘシ,ジョウボウジマチオオシミズマエタ,岩手県,二戸市,浄法寺町大清水前田
0286813,イワテケン,ニノヘシ,ジョウボウジマチオオダイラ,岩手県,二戸市,浄法寺町大平
0286958,イワテケン,ニノヘシ,ジョウボウジマチオオテ,岩手県,二戸市,浄法寺町大手
0286937,イワテケン,ニノヘシ,ジョウボウジマチオオハタ,岩手県,二戸市,浄法寺町大畑
0286849,イワテケン,ニノヘシ,ジョウボウジマチオカモト,岩手県,二戸市,浄法寺町岡本
0286844,イワテケン,ニノヘシ,ジョウボウジマチオカモトマエタ,岩手県,二戸市,浄法寺町岡本前田
0286939,イワテケン,ニノヘシ,ジョウボウジマチオサルベ,岩手県,二戸市,浄法寺町長流部
0286942,イワテケン,ニノヘシ,ジョウボウジマチオヤマクボ,岩手県,二戸市,浄法寺町御山久保
0286938,イワテケン,ニノヘシ,ジョウボウジマチオンヤマウワダイ,岩手県,二戸市,浄法寺町御山上平
0286933,イワテケン,ニノヘシ,ジョウボウジマチオンヤマウワノ,岩手県,二戸市,浄法寺町御山上野
0286952,イワテケン,ニノヘシ,ジョウボウジマチオンヤマオオクボ,岩手県,二戸市,浄法寺町御山大久保
0286935,イワテケン,ニノヘシ,ジョウボウジマチオンヤマシモマエタ,岩手県,二戸市,浄法寺町御山下前田
0286948,イワテケン,ニノヘシ,ジョウボウジマチオンヤマタテ,岩手県,二戸市,浄法寺町御山舘
0286941,イワテケン,ニノヘシ,ジョウボウジマチオンヤマナカマエタ,岩手県,二戸市,浄法寺町御山中前田
0286949,イワテケン,ニノヘシ,ジョウボウジマチオンヤママエタ,岩手県,二戸市,浄法寺町御山前田
0286966,イワテケン,ニノヘシ,ジョウボウジマチカイショウ,岩手県,二戸市,浄法寺町海上
0286957,イワテケン,ニノヘシ,ジョウボウジマチカイショウダ,岩手県,二戸市,浄法寺町海上田
0286968,イワテケン,ニノヘシ,ジョウボウジマチカイショウマエタ,岩手県,二戸市,浄法寺町海上前田
0286818,イワテケン,ニノヘシ,ジョウボウジマチカガミタ,岩手県,二戸市,浄法寺町鏡田
0286984,イワテケン,ニノヘシ,ジョウボウジマチカキノキタイラ,岩手県,二戸市,浄法寺町柿ノ木平
0286955,イワテケン,ニノヘシ,ジョウボウジマチカツラダイ,岩手県,二戸市,浄法寺町桂平
0286906,イワテケン,ニノヘシ,ジョウボウジマチカミスギサワ,岩手県,二戸市,浄法寺町上杉沢
0286856,イワテケン,ニノヘシ,ジョウボウジマチカミソトノ,岩手県,二戸市,浄法寺町上外野
0286911,イワテケン,ニノヘシ,ジョウボウジマチカミマエタ,岩手県,二戸市,浄法寺町上前田
0286816,イワテケン,ニノヘシ,ジョウボウジマチカミヤチ,岩手県,二戸市,浄法寺町上谷地
0286826,イワテケン,ニノヘシ,ジョウボウジマチカワマタ,岩手県,二戸市,浄法寺町川又
0286926,イワテケン,ニノヘシ,ジョウボウジマチカンザキ,岩手県,二戸市,浄法寺町門崎
0286953,イワテケン,ニノヘシ,ジョウボウジマチキサワバタムカイ,岩手県,二戸市,浄法寺町木沢畑向
0286814,イワテケン,ニノヘシ,ジョウボウジマチキタムラ,岩手県,二戸市,浄法寺町北村
0286981,イワテケン,ニノヘシ,ジョウボウジマチゴアン,岩手県,二戸市,浄法寺町五庵
0286851,イワテケン,ニノヘシ,ジョウボウジマチコイケ,岩手県,二戸市,浄法寺町小池
0286921,イワテケン,ニノヘシ,ジョウボウジマチコイズミ,岩手県,二戸市,浄法寺町小泉
0286821,イワテケン,ニノヘシ,ジョウボウジマチコダイラ,岩手県,二戸市,浄法寺町小平
0286977,イワテケン,ニノヘシ,ジョウボウジマチコマガミネ,岩手県,二戸市,浄法寺町駒ケ嶺
0286973,イワテケン,ニノヘシ,ジョウボウジマチコマガミネタテ,岩手県,二戸市,浄法寺町駒ケ嶺舘
0286979,イワテケン,ニノヘシ,ジョウボウジマチコマガミネノダ,岩手県,二戸市,浄法寺町駒ケ嶺野田
0286978,イワテケン,ニノヘシ,ジョウボウジマチコマガミネマエタ,岩手県,二戸市,浄法寺町駒ケ嶺前田
0286963,イワテケン,ニノヘシ,ジョウボウジマチコマタ,岩手県,二戸市,浄法寺町小又
0286853,イワテケン,ニノヘシ,ジョウボウジマチサイカツタ,岩手県,二戸市,浄法寺町サイカツ田
0286918,イワテケン,ニノヘシ,ジョウボウジマチサイカツタイラ,岩手県,二戸市,浄法寺町サイカツ平
0286903,イワテケン,ニノヘシ,ジョウボウジマチサカモト,岩手県,二戸市,浄法寺町坂本
0286972,イワテケン,ニノヘシ,ジョウボウジマチサクラダ,岩手県,二戸市,浄法寺町桜田
0286872,イワテケン,ニノヘシ,ジョウボウジマチサトカワメ,岩手県,二戸市,浄法寺町里川目
0286904,イワテケン,ニノヘシ,ジョウボウジマチサトシロ,岩手県,二戸市,浄法寺町里代
0286934,イワテケン,ニノヘシ,ジョウボウジマチサワダ,岩手県,二戸市,浄法寺町沢田
0286928,イワテケン,ニノヘシ,ジョウボウジマチサンナイ,岩手県,二戸市,浄法寺町山内
0286846,イワテケン,ニノヘシ,ジョウボウジマチシタマエタ,岩手県,二戸市,浄法寺町下タ前田
0286923,イワテケン,ニノヘシ,ジョウボウジマチシタムラ,岩手県,二戸市,浄法寺町下村
0286931,イワテケン,ニノヘシ,ジョウボウジマチシッペイ,岩手県,二戸市,浄法寺町尻平
0286951,イワテケン,ニノヘシ,ジョウボウジマチシミズジリ,岩手県,二戸市,浄法寺町清水尻
0286907,イワテケン,ニノヘシ,ジョウボウジマチシモガタイラ,岩手県,二戸市,浄法寺町季ケ平
0286812,イワテケン,ニノヘシ,ジョウボウジマチシモサワ,岩手県,二戸市,浄法寺町下沢
0286913,イワテケン,ニノヘシ,ジョウボウジマチシモノサワ,岩手県,二戸市,浄法寺町下ノ沢
0286983,イワテケン,ニノヘシ,ジョウボウジマチシモフジ,岩手県,二戸市,浄法寺町下藤
0286854,イワテケン,ニノヘシ,ジョウボウジマチシモマエタ,岩手県,二戸市,浄法寺町下前田
0286915,イワテケン,ニノヘシ,ジョウボウジマチシモヤシキ,岩手県,二戸市,浄法寺町霜屋敷
0286922,イワテケン,ニノヘシ,ジョウボウジマチシモヤチ,岩手県,二戸市,浄法寺町下谷地
0286855,イワテケン,ニノヘシ,ジョウボウジマチジョウホウジ,岩手県,二戸市,浄法寺町浄法寺
0286884,イワテケン,ニノヘシ,ジョウボウジマチシンザン,岩手県,二戸市,浄法寺町新山
0286836,イワテケン,ニノヘシ,ジョウボウジマチセキタ,岩手県,二戸市,浄法寺町関田
0286967,イワテケン,ニノヘシ,ジョウボウジマチソウガワラダ,岩手県,二戸市,浄法寺町惣川原田
0286905,イワテケン,ニノヘシ,ジョウボウジマチソラクボ,岩手県,二戸市,浄法寺町空久保
0286956,イワテケン,ニノヘシ,ジョウボウジマチダイボウ,岩手県,二戸市,浄法寺町大坊
0286961,イワテケン,ニノヘシ,ジョウボウジマチタキミバシ,岩手県,二戸市,浄法寺町滝見橋
0286876,イワテケン,ニノヘシ,ジョウボウジマチタコナイザワ,岩手県,二戸市,浄法寺町田子内沢
0286875,イワテケン,ニノヘシ,ジョウボウジマチタテ,岩手県,二戸市,浄法寺町舘
0286975,イワテケン,ニノヘシ,ジョウボウジマチタヨナイ,岩手県,二戸市,浄法寺町田余内
0286868,イワテケン,ニノヘシ,ジョウボウジマチチョウジャバナ,岩手県,二戸市,浄法寺町長者花
0286843,イワテケン,ニノヘシ,ジョウボウジマチツツミグチ,岩手県,二戸市,浄法寺町堤口
0286811,イワテケン,ニノヘシ,ジョウボウジマチテグラモリ,岩手県,二戸市,浄法寺町手倉森
0286862,イワテケン,ニノヘシ,ジョウボウジマチテラノウエ,岩手県,二戸市,浄法寺町寺ノ上
0286976,イワテケン,ニノヘシ,ジョウボウジマチトイグチ,岩手県,二戸市,浄法寺町樋口
0286852,イワテケン,ニノヘシ,ジョウボウジマチトイダ,岩手県,二戸市,浄法寺町樋田
0286825,イワテケン,ニノヘシ,ジョウボウジマチナガサカ,岩手県,二戸市,浄法寺町長坂
0286936,イワテケン,ニノヘシ,ジョウボウジマチナガドロ,岩手県,二戸市,浄法寺町長渡路
0286974,イワテケン,ニノヘシ,ジョウボウジマチナカハタ,岩手県,二戸市,浄法寺町中畑
0286912,イワテケン,ニノヘシ,ジョウボウジマチナカマエタ,岩手県,二戸市,浄法寺町中前田
0286824,イワテケン,ニノヘシ,ジョウボウジマチニシノサワ,岩手県,二戸市,浄法寺町西ノ沢
0286964,イワテケン,ニノヘシ,ジョウボウジマチヌマクボ,岩手県,二戸市,浄法寺町沼久保
0286908,イワテケン,ニノヘシ,ジョウボウジマチノグロサワ,岩手県,二戸市,浄法寺町野黒沢
0286865,イワテケン,ニノヘシ,ジョウボウジマチノダ,岩手県,二戸市,浄法寺町野田
0286925,イワテケン,ニノヘシ,ジョウボウジマチバイタ,岩手県,二戸市,浄法寺町梅田
0286863,イワテケン,ニノヘシ,ジョウボウジマチハチマンダテ,岩手県,二戸市,浄法寺町八幡舘
0286815,イワテケン,ニノヘシ,ジョウボウジマチハッポウグチ,岩手県,二戸市,浄法寺町八方口
0286962,イワテケン,ニノヘシ,ジョウボウジマチババムカイ,岩手県,二戸市,浄法寺町馬場向
0286969,イワテケン,ニノヘシ,ジョウボウジマチハホグチ,岩手県,二戸市,浄法寺町端保口
0286954,イワテケン,ニノヘシ,ジョウボウジマチハヤサカ,岩手県,二戸市,浄法寺町早坂
0286882,イワテケン,ニノヘシ,ジョウボウジマチハヨナイ,岩手県,二戸市,浄法寺町羽余内
0286901,イワテケン,ニノヘシ,ジョウボウジマチフカボリ,岩手県,二戸市,浄法寺町深堀
0286834,イワテケン,ニノヘシ,ジョウボウジマチホソダ,岩手県,二戸市,浄法寺町細田
0286841,イワテケン,ニノヘシ,ジョウボウジマチマツオカ,岩手県,二戸市,浄法寺町松岡
0286932,イワテケン,ニノヘシ,ジョウボウジマチマツハタ,岩手県,二戸市,浄法寺町松畑
0286823,イワテケン,ニノヘシ,ジョウボウジマチミヤザワ,岩手県,二戸市,浄法寺町宮沢
0286902,イワテケン,ニノヘシ,ジョウボウジマチミョウジンザワ,岩手県,二戸市,浄法寺町明神沢
0286971,イワテケン,ニノヘシ,ジョウボウジマチムカイガワラ,岩手県,二戸市,浄法寺町向川原
0286838,イワテケン,ニノヘシ,ジョウボウジマチムカイダ,岩手県,二戸市,浄法寺町向田
0286885,イワテケン,ニノヘシ,ジョウボウジマチモリコシ,岩手県,二戸市,浄法寺町森越
0286864,イワテケン,ニノヘシ,ジョウボウジマチモンゼンムカイ,岩手県,二戸市,浄法寺町門前向
0286867,イワテケン,ニノヘシ,ジョウボウジマチヤキバ,岩手県,二戸市,浄法寺町焼場
0286871,イワテケン,ニノヘシ,ジョウボウジマチヤスド,岩手県,二戸市,浄法寺町安戸
0286965,イワテケン,ニノヘシ,ジョウボウジマチヤチヤシキ,岩手県,二戸市,浄法寺町谷地屋敷
0286982,イワテケン,ニノヘシ,ジョウボウジマチヤッキリ,岩手県,二戸市,浄法寺町焼切
0286927,イワテケン,ニノヘシ,ジョウボウジマチユザワ,岩手県,二戸市,浄法寺町湯沢
0286914,イワテケン,ニノヘシ,ジョウボウジマチワイズミタ,岩手県,二戸市,浄法寺町和泉田
0286881,イワテケン,ニノヘシ,ジョウボウジマチワタノハ,岩手県,二戸市,浄法寺町渡ノ羽
0286107,イワテケン,ニノヘシ,シラトリ,岩手県,二戸市,白鳥
0286724,イワテケン,ニノヘシ,タルサワ,岩手県,二戸市,足沢
0286106,イワテケン,ニノヘシ,ニサタイ,岩手県,二戸市,仁左平
0286721,イワテケン,ニノヘシ,ニタドリ,岩手県,二戸市,似鳥
0285712,イワテケン,ニノヘシ,ノノウエ,岩手県,二戸市,野々上
0286101,イワテケン,ニノヘシ,フクオカ,岩手県,二戸市,福岡
0286722,イワテケン,ニノヘシ,フクダ,岩手県,二戸市,福田
0286105,イワテケン,ニノヘシ,ホリノ,岩手県,二戸市,堀野
0286104,イワテケン,ニノヘシ,マイサワ,岩手県,二戸市,米沢
0287100,イワテケン,ハチマンタイシ,イカニケイサイガナイバアイ,岩手県,八幡平市,以下に掲載がない場合
0287619,イワテケン,ハチマンタイシ,アイザワ,岩手県,八幡平市,相沢
0287635,イワテケン,ハチマンタイシ,アイノヤマ,岩手県,八幡平市,愛の山
0287526,イワテケン,ハチマンタイシ,アカコタイ,岩手県,八幡平市,赤子平
0287554,イワテケン,ハチマンタイシ,アカサカタ,岩手県,八幡平市,赤坂田
0287679,イワテケン,ハチマンタイシ,アシブカ,岩手県,八幡平市,足深
0287506,イワテケン,ハチマンタイシ,アシロテラダ,岩手県,八幡平市,安代寺田
0287552,イワテケン,ハチマンタイシ,アシロヨリキ,岩手県,八幡平市,安代寄木
0287306,イワテケン,ハチマンタイシ,アッピコウゲン,岩手県,八幡平市,安比高原
0287621,イワテケン,ハチマンタイシ,アニカワ,岩手県,八幡平市,兄川
0287622,イワテケン,ハチマンタイシ,アニハタナカカワラ,岩手県,八幡平市,兄畑中川原
0287406,イワテケン,ハチマンタイシ,アラキダ,岩手県,八幡平市,荒木田
0287534,イワテケン,ハチマンタイシ,アラヤシンマチ,岩手県,八幡平市,荒屋新町
0287674,イワテケン,ハチマンタイシ,イエノウラ,岩手県,八幡平市,家ノ裏
0287521,イワテケン,ハチマンタイシ,イシガミ,岩手県,八幡平市,石神
0287615,イワテケン,ハチマンタイシ,イシナザカ,岩手県,八幡平市,石名坂
0287614,イワテケン,ハチマンタイシ,イシナザカシタ,岩手県,八幡平市,石名坂下タ
0287663,イワテケン,ハチマンタイシ,イシモリ,岩手県,八幡平市,石森
0287562,イワテケン,ハチマンタイシ,イツカイチ,岩手県,八幡平市,五日市
0287501,イワテケン,ハチマンタイシ,イワキムカイ,岩手県,八幡平市,岩木向
0287505,イワテケン,ハチマンタイシ,イワヤ,岩手県,八幡平市,岩屋
0287531,イワテケン,ハチマンタイシ,ウエノヤマ,岩手県,八幡平市,上の山
0287602,イワテケン,ハチマンタイシ,ウシヤマ,岩手県,八幡平市,丑山
0287604,イワテケン,ハチマンタイシ,ウシヤマグチ,岩手県,八幡平市,丑山口
0287536,イワテケン,ハチマンタイシ,ウツタナイ,岩手県,八幡平市,打田内
0287605,イワテケン,ハチマンタイシ,ウノドリヤチ,岩手県,八幡平市,鵜谷地
0287606,イワテケン,ハチマンタイシ,ウバコイシ,岩手県,八幡平市,姥子石
0287655,イワテケン,ハチマンタイシ,ウマアゲサワ,岩手県,八幡平市,馬揚沢
0287403,イワテケン,ハチマンタイシ,ウワセキ,岩手県,八幡平市,上関
0287553,イワテケン,ハチマンタイシ,オウギハタ,岩手県,八幡平市,扇畑
0287661,イワテケン,ハチマンタイシ,オオサワ,岩手県,八幡平市,大沢
0287664,イワテケン,ハチマンタイシ,オオサワダ,岩手県,八幡平市,大沢田
0287607,イワテケン,ハチマンタイシ,オオツラタイラ,岩手県,八幡平市,大面平
0287111,イワテケン,ハチマンタイシ,オオブケ,岩手県,八幡平市,大更
0287624,イワテケン,ハチマンタイシ,オオマタサワグチ,岩手県,八幡平市,大又沢口
0287611,イワテケン,ハチマンタイシ,オキタオモテ,岩手県,八幡平市,沖田表
0287625,イワテケン,ハチマンタイシ,オキノタイラ,岩手県,八幡平市,沖ノ平
0287617,イワテケン,ハチマンタイシ,オリカベ,岩手県,八幡平市,折壁
0287612,イワテケン,ハチマンタイシ,カケタ,岩手県,八幡平市,欠田
0287303,イワテケン,ハチマンタイシ,カシワダイ,岩手県,八幡平市,柏台
0287402,イワテケン,ハチマンタイシ,カタビラ,岩手県,八幡平市,帷子
0287533,イワテケン,ハチマンタイシ,カマスダ,岩手県,八幡平市,叺田
0287502,イワテケン,ハチマンタイシ,カミイワキ,岩手県,八幡平市,上岩木
0287527,イワテケン,ハチマンタイシ,カワラ,岩手県,八幡平市,川原
0287643,イワテケン,ハチマンタイシ,キリトオシ,岩手県,八幡平市,切通
0287657,イワテケン,ハチマンタイシ,クリキダ,岩手県,八幡平市,栗木田
0287555,イワテケン,ハチマンタイシ,クロサワ,岩手県,八幡平市,黒沢
0287628,イワテケン,ハチマンタイシ,コイワイ,岩手県,八幡平市,小岩井
0287654,イワテケン,ハチマンタイシ,コトウゲ,岩手県,八幡平市,小峠
0287632,イワテケン,ハチマンタイシ,コハラミチノウエ,岩手県,八幡平市,小原道ノ上
0287638,イワテケン,ハチマンタイシ,コハラミチノシタ,岩手県,八幡平市,小原道ノ下
0287678,イワテケン,ハチマンタイシ,コモリ,岩手県,八幡平市,小森
0287532,イワテケン,ハチマンタイシ,コヤナギダ,岩手県,八幡平市,小柳田
0287543,イワテケン,ハチマンタイシ,コヤノハタ,岩手県,八幡平市,小屋畑
0287621,イワテケン,ハチマンタイシ,サクヒラ,岩手県,八幡平市,作平
0287656,イワテケン,ハチマンタイシ,サヅマ,岩手県,八幡平市,左妻
0287627,イワテケン,ハチマンタイシ,サヒナイ,岩手県,八幡平市,佐比内
0287676,イワテケン,ハチマンタイシ,サワグチ,岩手県,八幡平市,沢口
0287645,イワテケン,ハチマンタイシ,シタカワラ,岩手県,八幡平市,下タ川原
0287561,イワテケン,ハチマンタイシ,シタマチ,岩手県,八幡平市,下町
0287535,イワテケン,ハチマンタイシ,シミズ,岩手県,八幡平市,清水
0287675,イワテケン,ハチマンタイシ,シモカワラ,岩手県,八幡平市,下モ川原
0287511,イワテケン,ハチマンタイシ,シモノタ,岩手県,八幡平市,下の田
0287618,イワテケン,ハチマンタイシ,ジャイシ,岩手県,八幡平市,蛇石
0287642,イワテケン,ハチマンタイシ,ショウゼンカワラ,岩手県,八幡平市,勝善川原
0287629,イワテケン,ハチマンタイシ,シラサワグチ,岩手県,八幡平市,白沢口
0287551,イワテケン,ハチマンタイシ,シンデン,岩手県,八幡平市,新田
0287662,イワテケン,ハチマンタイシ,スギサワ,岩手県,八幡平市,杉沢
0287644,イワテケン,ハチマンタイシ,スズメナガネ,岩手県,八幡平市,雀長根
0287516,イワテケン,ハチマンタイシ,セキサワグチ,岩手県,八幡平市,関沢口
0287631,イワテケン,ハチマンタイシ,セノサワ,岩手県,八幡平市,瀬ノ沢
0287405,イワテケン,ハチマンタイシ,タイラダテ,岩手県,八幡平市,平舘
0287542,イワテケン,ハチマンタイシ,タカハタ,岩手県,八幡平市,高畑
0287566,イワテケン,ハチマンタイシ,タキザワ,岩手県,八幡平市,滝沢
0287601,イワテケン,ハチマンタイシ,タザワ,岩手県,八幡平市,田沢
0287623,イワテケン,ハチマンタイシ,タテイチ,岩手県,八幡平市,舘市
0287672,イワテケン,ハチマンタイシ,タナカシタ,岩手県,八幡平市,田中下タ
0287563,イワテケン,ハチマンタイシ,タノサワ,岩手県,八幡平市,田の沢
0287677,イワテケン,ハチマンタイシ,タヤマ,岩手県,八幡平市,田山
0287651,イワテケン,ハチマンタイシ,チョウジャマエ,岩手県,八幡平市,長者前
0287513,イワテケン,ハチマンタイシ,ツチザワ,岩手県,八幡平市,土沢
0287523,イワテケン,ハチマンタイシ,ツナギサワ,岩手県,八幡平市,繋沢
0287541,イワテケン,ハチマンタイシ,テラシダ,岩手県,八幡平市,寺志田
0287112,イワテケン,ハチマンタイシ,デンドウ,岩手県,八幡平市,田頭
0287303,イワテケン,ハチマンタイシ,トウシチオンセン,岩手県,八幡平市,藤七温泉
0287626,イワテケン,ハチマンタイシ,トクサリ,岩手県,八幡平市,戸鎖
0287567,イワテケン,ハチマンタイシ,トザワ,岩手県,八幡平市,戸沢
0287673,イワテケン,ハチマンタイシ,トノサカシタ,岩手県,八幡平市,殿坂下タ
0287514,イワテケン,ハチマンタイシ,ナカサイ,岩手県,八幡平市,中佐井
0287503,イワテケン,ハチマンタイシ,ナカダ,岩手県,八幡平市,中田
0287401,イワテケン,ハチマンタイシ,ニシネテラダ,岩手県,八幡平市,西根寺田
0287652,イワテケン,ハチマンタイシ,ネイシ,岩手県,八幡平市,根石
0287301,イワテケン,ハチマンタイシ,ノダ,岩手県,八幡平市,野駄
0287302,イワテケン,ハチマンタイシ,ハチマンタイオンセンキョウ,岩手県,八幡平市,八幡平温泉郷
0287671,イワテケン,ハチマンタイシ,ババシタ,岩手県,八幡平市,馬場下
0287525,イワテケン,ハチマンタイシ,ヒカゲ,岩手県,八幡平市,日影
0287633,イワテケン,ハチマンタイシ,ヒドロミチノウエ,岩手県,八幡平市,日泥道ノ上
0287637,イワテケン,ハチマンタイシ,ヒドロミチノシタ,岩手県,八幡平市,日泥道ノ下
0287113,イワテケン,ハチマンタイシ,ヒラカサ,岩手県,八幡平市,平笠
0287653,イワテケン,ハチマンタイシ,ヒラマタ,岩手県,八幡平市,平又
0287641,イワテケン,ハチマンタイシ,ヒロビラ,岩手県,八幡平市,比路平
0287616,イワテケン,ハチマンタイシ,フタゴ,岩手県,八幡平市,二タ子
0287515,イワテケン,ハチマンタイシ,フルヤシキ,岩手県,八幡平市,古屋敷
0287556,イワテケン,ハチマンタイシ,ホシザワ,岩手県,八幡平市,星沢
0287557,イワテケン,ハチマンタイシ,ホソノ,岩手県,八幡平市,細野
0287544,イワテケン,ハチマンタイシ,ホトザカ,岩手県,八幡平市,保戸坂
0287404,イワテケン,ハチマンタイシ,ホリキリ,岩手県,八幡平市,堀切
0287504,イワテケン,ハチマンタイシ,マエダ,岩手県,八幡平市,前田
0287537,イワテケン,ハチマンタイシ,マガタ,岩手県,八幡平市,曲田
0287613,イワテケン,ハチマンタイシ,マタトカワラ,岩手県,八幡平市,亦戸川原
0287305,イワテケン,ハチマンタイシ,マツオ,岩手県,八幡平市,松尾
0287302,イワテケン,ハチマンタイシ,マツオヨリキ,岩手県,八幡平市,松尾寄木
0287302,イワテケン,ハチマンタイシ,マツカワオンセン,岩手県,八幡平市,松川温泉
0287545,イワテケン,ハチマンタイシ,マツキダ,岩手県,八幡平市,松木田
0287304,イワテケン,ハチマンタイシ,ミドリガオカ,岩手県,八幡平市,緑ガ丘
0287565,イワテケン,ハチマンタイシ,メナイチ,岩手県,八幡平市,目名市
0287603,イワテケン,ハチマンタイシ,ヤガミ,岩手県,八幡平市,矢神
0287564,イワテケン,ハチマンタイシ,ヤチタ,岩手県,八幡平市,谷地田
0287608,イワテケン,ハチマンタイシ,ヤチナカ,岩手県,八幡平市,谷地中
0287512,イワテケン,ハチマンタイシ,ヤマギシ,岩手県,八幡平市,山岸
0287522,イワテケン,ハチマンタイシ,ヤマグチ,岩手県,八幡平市,山口
0287524,イワテケン,ハチマンタイシ,ユノサワ,岩手県,八幡平市,湯の沢
0287634,イワテケン,ハチマンタイシ,ワヤシキミチノウエ,岩手県,八幡平市,和屋敷道ノ上
0287636,イワテケン,ハチマンタイシ,ワヤシキミチノシタ,岩手県,八幡平市,和屋敷道ノ下
0230000,イワテケン,オウシュウシ,イカニケイサイガナイバアイ,岩手県,奥州市,以下に掲載がない場合
0230402,イワテケン,オウシュウシ,イサワオヤマ,岩手県,奥州市,胆沢小山
0230401,イワテケン,オウシュウシ,イサワナツタ,岩手県,奥州市,胆沢南都田
0230403,イワテケン,オウシュウシ,イサワワカヤナギ,岩手県,奥州市,胆沢若柳
0231761,イワテケン,オウシュウシ,エサシイデ,岩手県,奥州市,江刺伊手
0231132,イワテケン,オウシュウシ,エサシイナセ,岩手県,奥州市,江刺稲瀬
0231101,イワテケン,オウシュウシ,エサシイワヤドウ,岩手県,奥州市,江刺岩谷堂
0231111,イワテケン,オウシュウシ,エサシオオドオリ,岩手県,奥州市,江刺大通り
0231131,イワテケン,オウシュウシ,エサシオダキ,岩手県,奥州市,江刺愛宕
0231121,イワテケン,オウシュウシ,エサシオトコイシ,岩手県,奥州市,江刺男石
0231114,イワテケン,オウシュウシ,エサシカワラマチ,岩手県,奥州市,江刺川原町
0231118,イワテケン,オウシュウシ,エサシサカエチョウ,岩手県,奥州市,江刺栄町
0231105,イワテケン,オウシュウシ,エサシスギノマチ,岩手県,奥州市,江刺杉ノ町
0231125,イワテケン,オウシュウシ,エサシゼニマチ,岩手県,奥州市,江刺銭町
0231122,イワテケン,オウシュウシ,エサシタテヤマ,岩手県,奥州市,江刺館山
0231134,イワテケン,オウシュウシ,エサシタマサト,岩手県,奥州市,江刺玉里
0230171,イワテケン,オウシュウシ,エサシタワラ,岩手県,奥州市,江刺田原
0231116,イワテケン,オウシュウシ,エサシチョウゼンジ,岩手県,奥州市,江刺重染寺
0231104,イワテケン,オウシュウシ,エサシトヨタチョウ,岩手県,奥州市,江刺豊田町
0231113,イワテケン,オウシュウシ,エサシナカマチ,岩手県,奥州市,江刺中町
0231103,イワテケン,オウシュウシ,エサシニシオオドオリ,岩手県,奥州市,江刺西大通り
0231133,イワテケン,オウシュウシ,エサシヒロセ,岩手県,奥州市,江刺広瀬
0231762,イワテケン,オウシュウシ,エサシフジサト,岩手県,奥州市,江刺藤里
0231115,イワテケン,オウシュウシ,エサシホンチョウ,岩手県,奥州市,江刺本町
0231123,イワテケン,オウシュウシ,エサシマエダチョウ,岩手県,奥州市,江刺前田町
0231112,イワテケン,オウシュウシ,エサシミナミオオドオリ,岩手県,奥州市,江刺南大通り
0231117,イワテケン,オウシュウシ,エサシミナミマチ,岩手県,奥州市,江刺南町
0231124,イワテケン,オウシュウシ,エサシムイカマチ,岩手県,奥州市,江刺六日町
0231341,イワテケン,オウシュウシ,エサシヤナガワ,岩手県,奥州市,江刺梁川
0231102,イワテケン,オウシュウシ,エサシヨウカマチ,岩手県,奥州市,江刺八日町
0231551,イワテケン,オウシュウシ,エサシヨネサト,岩手県,奥州市,江刺米里
0294426,イワテケン,オウシュウシ,コロモガワアタゴシタ,岩手県,奥州市,衣川愛宕下
0294315,イワテケン,オウシュウシ,コロモガワアマダ,岩手県,奥州市,衣川天田
0294365,イワテケン,オウシュウシ,コロモガワアマツチ,岩手県,奥州市,衣川天土
0294307,イワテケン,オウシュウシ,コロモガワアリウラ,岩手県,奥州市,衣川有浦
0294434,イワテケン,オウシュウシ,コロモガワイケダ,岩手県,奥州市,衣川池田
0294433,イワテケン,オウシュウシ,コロモガワイケダニシ,岩手県,奥州市,衣川池田西
0294381,イワテケン,オウシュウシ,コロモガワイシガサワ,岩手県,奥州市,衣川石ヶ沢
0294384,イワテケン,オウシュウシ,コロモガワイシガミ,岩手県,奥州市,衣川石神
0294313,イワテケン,オウシュウシ,コロモガワイシュウ,岩手県,奥州市,衣川石生
0294322,イワテケン,オウシュウシ,コロモガワイタクラ,岩手県,奥州市,衣川板倉
0294352,イワテケン,オウシュウシ,コロモガワイワノウエ,岩手県,奥州市,衣川岩の上
0294465,イワテケン,オウシュウシ,コロモガワウシロタキノサワ,岩手県,奥州市,衣川後滝の沢
0294377,イワテケン,オウシュウシ,コロモガワウシロヤマ,岩手県,奥州市,衣川後山
0294482,イワテケン,オウシュウシ,コロモガワウネハタ,岩手県,奥州市,衣川畦畑
0294481,イワテケン,オウシュウシ,コロモガワウネハタヤマ,岩手県,奥州市,衣川畦畑山
0294425,イワテケン,オウシュウシ,コロモガワウネメザワ,岩手県,奥州市,衣川采女沢
0294442,イワテケン,オウシュウシ,コロモガワウワノ,岩手県,奥州市,衣川上野
0294321,イワテケン,オウシュウシ,コロモガワウンナンダ,岩手県,奥州市,衣川雲南田
0294436,イワテケン,オウシュウシ,コロモガワオオイシガサワ,岩手県,奥州市,衣川大石ヶ沢
0294406,イワテケン,オウシュウシ,コロモガワオオザカ,岩手県,奥州市,衣川大坂
0294308,イワテケン,オウシュウシ,コロモガワオオダイラ,岩手県,奥州市,衣川大平
0294419,イワテケン,オウシュウシ,コロモガワオオツラ,岩手県,奥州市,衣川大面
0294347,イワテケン,オウシュウシ,コロモガワオオニシ,岩手県,奥州市,衣川大西
0294488,イワテケン,オウシュウシ,コロモガワオオハラ,岩手県,奥州市,衣川大原
0294487,イワテケン,オウシュウシ,コロモガワオオハラヤマ,岩手県,奥州市,衣川大原山
0294383,イワテケン,オウシュウシ,コロモガワオキノノ,岩手県,奥州市,衣川沖の野
0294435,イワテケン,オウシュウシ,コロモガワオシキリ,岩手県,奥州市,衣川押切
0294454,イワテケン,オウシュウシ,コロモガワオモテ,岩手県,奥州市,衣川表
0294386,イワテケン,オウシュウシ,コロモガワオンナイシ,岩手県,奥州市,衣川女石
0294326,イワテケン,オウシュウシ,コロモガワカケダ,岩手県,奥州市,衣川懸田
0294452,イワテケン,オウシュウシ,コロモガワガッサン,岩手県,奥州市,衣川月山
0294388,イワテケン,オウシュウシ,コロモガワカミオオモリ,岩手県,奥州市,衣川上大森
0294474,イワテケン,オウシュウシ,コロモガワカミカワウチ,岩手県,奥州市,衣川上河内
0294411,イワテケン,オウシュウシ,コロモガワカミコウジ,岩手県,奥州市,衣川上小路
0294491,イワテケン,オウシュウシ,コロモガワカミタチサワ,岩手県,奥州市,衣川上立沢
0294329,イワテケン,オウシュウシ,コロモガワカミテラダ,岩手県,奥州市,衣川上寺田
0294437,イワテケン,オウシュウシ,コロモガワカラカネ,岩手県,奥州市,衣川唐金
0294446,イワテケン,オウシュウシ,コロモガワカワハタ,岩手県,奥州市,衣川川端
0294407,イワテケン,オウシュウシ,コロモガワカンナリ,岩手県,奥州市,衣川金成
0294303,イワテケン,オウシュウシ,コロモガワキヌハラ,岩手県,奥州市,衣川衣原
0294353,イワテケン,オウシュウシ,コロモガワキュウデン,岩手県,奥州市,衣川旧殿
0294375,イワテケン,オウシュウシ,コロモガワクラカケ,岩手県,奥州市,衣川鞍掛
0294424,イワテケン,オウシュウシ,コロモガワクリンドウ,岩手県,奥州市,衣川九輪堂
0294405,イワテケン,オウシュウシ,コロモガワクワノキヤチ,岩手県,奥州市,衣川桑木谷地
0294317,イワテケン,オウシュウシ,コロモガワクワハタ,岩手県,奥州市,衣川桑畑
0294323,イワテケン,オウシュウシ,コロモガワコアンシロ,岩手県,奥州市,衣川小安代
0294306,イワテケン,オウシュウシ,コロモガワコダ,岩手県,奥州市,衣川小田
0294432,イワテケン,オウシュウシ,コロモガワコバヤシ,岩手県,奥州市,衣川小林
0294362,イワテケン,オウシュウシ,コロモガワコバヤシヤマ,岩手県,奥州市,衣川小林山
0294325,イワテケン,オウシュウシ,コロモガワコマサイタ,岩手県,奥州市,衣川小正板
0294333,イワテケン,オウシュウシ,コロモガワコマバ,岩手県,奥州市,衣川駒場
0294344,イワテケン,オウシュウシ,コロモガワサワダ,岩手県,奥州市,衣川沢田
0294444,イワテケン,オウシュウシ,コロモガワシミズノウエ,岩手県,奥州市,衣川清水の上
0294387,イワテケン,オウシュウシ,コロモガワシモオオモリ,岩手県,奥州市,衣川下大森
0294471,イワテケン,オウシュウシ,コロモガワシモカワウチ,岩手県,奥州市,衣川下河内
0294492,イワテケン,オウシュウシ,コロモガワシモタチサワ,岩手県,奥州市,衣川下立沢
0294328,イワテケン,オウシュウシ,コロモガワシモテラダ,岩手県,奥州市,衣川下寺田
0294378,イワテケン,オウシュウシ,コロモガワショウブダイラ,岩手県,奥州市,衣川菖蒲平
0294427,イワテケン,オウシュウシ,コロモガワジンバシタ,岩手県,奥州市,衣川陣場下
0294348,イワテケン,オウシュウシ,コロモガワスギノ,岩手県,奥州市,衣川杉野
0294418,イワテケン,オウシュウシ,コロモガワスギバヤシ,岩手県,奥州市,衣川杉林
0294413,イワテケン,オウシュウシ,コロモガワセキシタ,岩手県,奥州市,衣川堰下
0294382,イワテケン,オウシュウシ,コロモガワセキブクロ,岩手県,奥州市,衣川関袋
0294422,イワテケン,オウシュウシ,コロモガワセワラ,岩手県,奥州市,衣川瀬原
0294423,イワテケン,オウシュウシ,コロモガワセワラニシウラ,岩手県,奥州市,衣川瀬原西浦
0294484,イワテケン,オウシュウシ,コロモガワソウミ,岩手県,奥州市,衣川噌味
0294304,イワテケン,オウシュウシ,コロモガワソトノサワ,岩手県,奥州市,衣川外の沢
0294486,イワテケン,オウシュウシ,コロモガワタカノス,岩手県,奥州市,衣川鷹の巣
0294342,イワテケン,オウシュウシ,コロモガワタカホロ,岩手県,奥州市,衣川高保呂
0294345,イワテケン,オウシュウシ,コロモガワタテシロ,岩手県,奥州市,衣川館城
0294431,イワテケン,オウシュウシ,コロモガワタナカ,岩手県,奥州市,衣川田中
0294439,イワテケン,オウシュウシ,コロモガワタナカニシ,岩手県,奥州市,衣川田中西
0294408,イワテケン,オウシュウシ,コロモガワツチヤ,岩手県,奥州市,衣川土屋
0294404,イワテケン,オウシュウシ,コロモガワテラブクロ,岩手県,奥州市,衣川寺袋
0294385,イワテケン,オウシュウシ,コロモガワトミサワ,岩手県,奥州市,衣川富沢
0294412,イワテケン,オウシュウシ,コロモガワトミタ,岩手県,奥州市,衣川富田
0294417,イワテケン,オウシュウシ,コロモガワトミタマエ,岩手県,奥州市,衣川富田前
0294346,イワテケン,オウシュウシ,コロモガワトヨマキ,岩手県,奥州市,衣川豊巻
0294389,イワテケン,オウシュウシ,コロモガワナガイタサワ,岩手県,奥州市,衣川長板沢
0294472,イワテケン,オウシュウシ,コロモガワナカカワウチ,岩手県,奥州市,衣川中河内
0294305,イワテケン,オウシュウシ,コロモガワナガフクロ,岩手県,奥州市,衣川長袋
0294361,イワテケン,オウシュウシ,コロモガワナガフクロ,岩手県,奥州市,衣川長嚢
0294314,イワテケン,オウシュウシ,コロモガワナカヤシキ,岩手県,奥州市,衣川中屋敷
0294475,イワテケン,オウシュウシ,コロモガワナカヤマ,岩手県,奥州市,衣川中山
0294351,イワテケン,オウシュウシ,コロモガワナツアキ,岩手県,奥州市,衣川夏秋
0294363,イワテケン,オウシュウシ,コロモガワナツナシ,岩手県,奥州市,衣川夏梨
0294445,イワテケン,オウシュウシ,コロモガワナノカイチバ,岩手県,奥州市,衣川七日市場
0294441,イワテケン,オウシュウシ,コロモガワナミキマエ,岩手県,奥州市,衣川並木前
0294495,イワテケン,オウシュウシ,コロモガワナラハラ,岩手県,奥州市,衣川楢原
0294494,イワテケン,オウシュウシ,コロモガワナラハラヤマ,岩手県,奥州市,衣川楢原山
0294364,イワテケン,オウシュウシ,コロモガワナレヤマ,岩手県,奥州市,衣川西風山
0294316,イワテケン,オウシュウシ,コロモガワナワシロサワ,岩手県,奥州市,衣川苗代沢
0294456,イワテケン,オウシュウシ,コロモガワニシウラ,岩手県,奥州市,衣川西裏
0294312,イワテケン,オウシュウシ,コロモガワニシクボ,岩手県,奥州市,衣川西窪
0294483,イワテケン,オウシュウシ,コロモガワヌマノ,岩手県,奥州市,衣川沼野
0294493,イワテケン,オウシュウシ,コロモガワノザキ,岩手県,奥州市,衣川野崎
0294354,イワテケン,オウシュウシ,コロモガワノゾキ,岩手県,奥州市,衣川除
0294414,イワテケン,オウシュウシ,コロモガワノダ,岩手県,奥州市,衣川野田
0294343,イワテケン,オウシュウシ,コロモガワノトヤシキ,岩手県,奥州市,衣川能登屋敷
0294462,イワテケン,オウシュウシ,コロモガワハッセン,岩手県,奥州市,衣川八千
0294401,イワテケン,オウシュウシ,コロモガワハリヤマ,岩手県,奥州市,衣川張山
0294451,イワテケン,オウシュウシ,コロモガワヒガシウラ,岩手県,奥州市,衣川東裏
0294421,イワテケン,オウシュウシ,コロモガワヒナタ,岩手県,奥州市,衣川日向
0294371,イワテケン,オウシュウシ,コロモガワヒヤマサワ,岩手県,奥州市,衣川桧山沢
0294374,イワテケン,オウシュウシ,コロモガワヒヤマサワヤマ,岩手県,奥州市,衣川桧山沢山
0294461,イワテケン,オウシュウシ,コロモガワヒラ,岩手県,奥州市,衣川平
0294331,イワテケン,オウシュウシ,コロモガワフカサワ,岩手県,奥州市,衣川深沢
0294311,イワテケン,オウシュウシ,コロモガワフルダテ,岩手県,奥州市,衣川古館
0294332,イワテケン,オウシュウシ,コロモガワフルド,岩手県,奥州市,衣川古戸
0294485,イワテケン,オウシュウシ,コロモガワホウトウヤチ,岩手県,奥州市,衣川宝塔谷地
0294402,イワテケン,オウシュウシ,コロモガワホシヤ,岩手県,奥州市,衣川星屋
0294403,イワテケン,オウシュウシ,コロモガワホンダワラ,岩手県,奥州市,衣川本田原
0294496,イワテケン,オウシュウシ,コロモガワマウチ,岩手県,奥州市,衣川真打
0294464,イワテケン,オウシュウシ,コロモガワマエタキノサワ,岩手県,奥州市,衣川前滝の沢
0294327,イワテケン,オウシュウシ,コロモガワマガケ,岩手県,奥州市,衣川馬懸
0294324,イワテケン,オウシュウシ,コロモガワマサイタ,岩手県,奥州市,衣川正板
0294372,イワテケン,オウシュウシ,コロモガワマツバヤシ,岩手県,奥州市,衣川松林
0294443,イワテケン,オウシュウシ,コロモガワムイカイチバ,岩手県,奥州市,衣川六日市場
0294473,イワテケン,オウシュウシ,コロモガワムカイ,岩手県,奥州市,衣川向
0294416,イワテケン,オウシュウシ,コロモガワムカイダテ,岩手県,奥州市,衣川向館
0294415,イワテケン,オウシュウシ,コロモガワムカイダテヤギ,岩手県,奥州市,衣川向館谷起
0294438,イワテケン,オウシュウシ,コロモガワムロノキ,岩手県,奥州市,衣川室の木
0294334,イワテケン,オウシュウシ,コロモガワモガフクロ,岩手県,奥州市,衣川百ヶ袋
0294497,イワテケン,オウシュウシ,コロモガワモチコロバシ,岩手県,奥州市,衣川餅転
0294376,イワテケン,オウシュウシ,コロモガワモトマキ,岩手県,奥州市,衣川本巻
0294355,イワテケン,オウシュウシ,コロモガワヤマギシ,岩手県,奥州市,衣川山岸
0294453,イワテケン,オウシュウシ,コロモガワヤマグチ,岩手県,奥州市,衣川山口
0294373,イワテケン,オウシュウシ,コロモガワヤマダ,岩手県,奥州市,衣川山田
0294455,イワテケン,オウシュウシ,コロモガワヨコミチシタ,岩手県,奥州市,衣川横道下
0294463,イワテケン,オウシュウシ,コロモガワヨシガサワ,岩手県,奥州市,衣川葭ヶ沢
0294341,イワテケン,オウシュウシ,コロモガワロクドウ,岩手県,奥州市,衣川六道
0294205,イワテケン,オウシュウシ,マエサワアイノサワ,岩手県,奥州市,前沢合ノ沢
0294206,イワテケン,オウシュウシ,マエサワアカサカ,岩手県,奥州市,前沢赤坂
0294207,イワテケン,オウシュウシ,マエサワアカツラ,岩手県,奥州市,前沢赤面
0294209,イワテケン,オウシュウシ,マエサワアスカドオリ,岩手県,奥州市,前沢あすか通
0294205,イワテケン,オウシュウシ,マエサワアテラサワ,岩手県,奥州市,前沢安寺沢
0294201,イワテケン,オウシュウシ,マエサワアベタテ,岩手県,奥州市,前沢阿部舘
0294208,イワテケン,オウシュウシ,マエサワアワガシマ,岩手県,奥州市,前沢粟ケ島
0294205,イワテケン,オウシュウシ,マエサワイシダ,岩手県,奥州市,前沢石田
0294205,イワテケン,オウシュウシ,マエサワイチノサワ,岩手県,奥州市,前沢一ノ沢
0294207,イワテケン,オウシュウシ,マエサワイッポンスギ,岩手県,奥州市,前沢一本杉
0294205,イワテケン,オウシュウシ,マエサワウノキ,岩手県,奥州市,前沢鵜ノ木
0294205,イワテケン,オウシュウシ,マエサワウノキダ,岩手県,奥州市,前沢鵜ノ木田
0294206,イワテケン,オウシュウシ,マエサワウラシンデン,岩手県,奥州市,前沢裏新田
0294205,イワテケン,オウシュウシ,マエサワウルシノ,岩手県,奥州市,前沢うるし野
0294211,イワテケン,オウシュウシ,マエサワエキヒガシ,岩手県,奥州市,前沢駅東
0294207,イワテケン,オウシュウシ,マエサワオオザクラ,岩手県,奥州市,前沢大桜
0294205,イワテケン,オウシュウシ,マエサワオオブクロ,岩手県,奥州市,前沢大袋
0294205,イワテケン,オウシュウシ,マエサワオキタ,岩手県,奥州市,前沢沖田
0294205,イワテケン,オウシュウシ,マエサワオサワグチ,岩手県,奥州市,前沢小沢口
0294208,イワテケン,オウシュウシ,マエサワカノハタ,岩手県,奥州市,前沢河ノ畑
0294208,イワテケン,オウシュウシ,マエサワカブキ,岩手県,奥州市,前沢株樹
0294205,イワテケン,オウシュウシ,マエサワカワウチ,岩手県,奥州市,前沢川内
0294203,イワテケン,オウシュウシ,マエサワキタクボ,岩手県,奥州市,前沢北久保
0294206,イワテケン,オウシュウシ,マエサワキツネイシ,岩手県,奥州市,前沢狐石
0294203,イワテケン,オウシュウシ,マエサワキツネドウ,岩手県,奥州市,前沢狐堂
0294205,イワテケン,オウシュウシ,マエサワキヌトメ,岩手県,奥州市,前沢衣関
0294201,イワテケン,オウシュウシ,マエサワキュウデン,岩手県,奥州市,前沢久田
0294201,イワテケン,オウシュウシ,マエサワゲンジガサキ,岩手県,奥州市,前沢源氏ケ崎
0294208,イワテケン,オウシュウシ,マエサワゴゴウタ,岩手県,奥州市,前沢五合田
0294207,イワテケン,オウシュウシ,マエサワゴジュウニンマチ,岩手県,奥州市,前沢五十人町
0294201,イワテケン,オウシュウシ,マエサワコジョウ,岩手県,奥州市,前沢古城
0294206,イワテケン,オウシュウシ,マエサワコマスイ,岩手県,奥州市,前沢駒水
0294205,イワテケン,オウシュウシ,マエサワサト,岩手県,奥州市,前沢里
0294204,イワテケン,オウシュウシ,マエサワシタヤギ,岩手県,奥州市,前沢下谷起
0294204,イワテケン,オウシュウシ,マエサワシマ,岩手県,奥州市,前沢島
0294205,イワテケン,オウシュウシ,マエサワシミズ,岩手県,奥州市,前沢清水
0294207,イワテケン,オウシュウシ,マエサワシモコウジ,岩手県,奥州市,前沢下小路
0294205,イワテケン,オウシュウシ,マエサワジャノハナ,岩手県,奥州市,前沢蛇ノ鼻
0294204,イワテケン,オウシュウシ,マエサワシュク,岩手県,奥州市,前沢宿
0294202,イワテケン,オウシュウシ,マエサワシラヤマ,岩手県,奥州市,前沢白山
0294205,イワテケン,オウシュウシ,マエサワシロトリダテ,岩手県,奥州市,前沢白鳥舘
0294205,イワテケン,オウシュウシ,マエサワシンジョウ,岩手県,奥州市,前沢新城
0294206,イワテケン,オウシュウシ,マエサワジンバ,岩手県,奥州市,前沢陣場
0294208,イワテケン,オウシュウシ,マエサワシンマチ,岩手県,奥州市,前沢新町
0294208,イワテケン,オウシュウシ,マエサワシンマチウラ,岩手県,奥州市,前沢新町裏
0294203,イワテケン,オウシュウシ,マエサワセイボ,岩手県,奥州市,前沢生母
0294207,イワテケン,オウシュウシ,マエサワタイラコウジ,岩手県,奥州市,前沢平小路
0294207,イワテケン,オウシュウシ,マエサワタイラマエ,岩手県,奥州市,前沢平前
0294208,イワテケン,オウシュウシ,マエサワダイリンジシタ,岩手県,奥州市,前沢大林寺下
0294204,イワテケン,オウシュウシ,マエサワタカハタケ,岩手県,奥州市,前沢高畑
0294208,イワテケン,オウシュウシ,マエサワタケザワ,岩手県,奥州市,前沢竹沢
0294208,イワテケン,オウシュウシ,マエサワタテイシ,岩手県,奥州市,前沢立石
0294204,イワテケン,オウシュウシ,マエサワタナカ,岩手県,奥州市,前沢田中
0294208,イワテケン,オウシュウシ,マエサワタバタ,岩手県,奥州市,前沢田畠
0294206,イワテケン,オウシュウシ,マエサワタロウガサワ,岩手県,奥州市,前沢太郎ケ沢
0294205,イワテケン,オウシュウシ,マエサワツツミダ,岩手県,奥州市,前沢堤田
0294205,イワテケン,オウシュウシ,マエサワテルイダテ,岩手県,奥州市,前沢照井舘
0294207,イワテケン,オウシュウシ,マエサワトウガサキ,岩手県,奥州市,前沢塔ケ崎
0294204,イワテケン,オウシュウシ,マエサワドウバ,岩手県,奥州市,前沢道場
0294205,イワテケン,オウシュウシ,マエサワトクサワ,岩手県,奥州市,前沢徳沢
0294207,イワテケン,オウシュウシ,マエサワトマリガサキ,岩手県,奥州市,前沢泊ケ崎
0294204,イワテケン,オウシュウシ,マエサワトリマチゴヤ,岩手県,奥州市,前沢鳥待小屋
0294204,イワテケン,オウシュウシ,マエサワナカクボ,岩手県,奥州市,前沢中久保
0294205,イワテケン,オウシュウシ,マエサワナガサワ,岩手県,奥州市,前沢永沢
0294208,イワテケン,オウシュウシ,マエサワナカダ,岩手県,奥州市,前沢中田
0294204,イワテケン,オウシュウシ,マエサワナガダン,岩手県,奥州市,前沢長檀
0294205,イワテケン,オウシュウシ,マエサワナガネ,岩手県,奥州市,前沢長根
0294204,イワテケン,オウシュウシ,マエサワナカムラ,岩手県,奥州市,前沢中村
0294205,イワテケン,オウシュウシ,マエサワナカヤシキ,岩手県,奥州市,前沢中屋敷
0294208,イワテケン,オウシュウシ,マエサワナノカマチ,岩手県,奥州市,前沢七日町
0294208,イワテケン,オウシュウシ,マエサワナノカマチウラ,岩手県,奥州市,前沢七日町裏
0294205,イワテケン,オウシュウシ,マエサワナミアライ,岩手県,奥州市,前沢浪洗
0294208,イワテケン,オウシュウシ,マエサワニジュウニンマチ,岩手県,奥州市,前沢二十人町
0294208,イワテケン,オウシュウシ,マエサワニジュウニンマチウラ,岩手県,奥州市,前沢二十人町裏
0294205,イワテケン,オウシュウシ,マエサワニノサワ,岩手県,奥州市,前沢二ノ沢
0294205,イワテケン,オウシュウシ,マエサワヌマジリ,岩手県,奥州市,前沢沼尻
0294205,イワテケン,オウシュウシ,マエサワヌマノサワ,岩手県,奥州市,前沢沼ノ沢
0294205,イワテケン,オウシュウシ,マエサワヒナタ,岩手県,奥州市,前沢日向
0294206,イワテケン,オウシュウシ,マエサワヒヨケマツ,岩手県,奥州市,前沢日除松
0294205,イワテケン,オウシュウシ,マエサワフクヨウ,岩手県,奥州市,前沢福養
0294204,イワテケン,オウシュウシ,マエサワフルカワ,岩手県,奥州市,前沢古川
0294205,イワテケン,オウシュウシ,マエサワホシバ,岩手県,奥州市,前沢干場
0294205,イワテケン,オウシュウシ,マエサワマエノ,岩手県,奥州市,前沢前野
0294206,イワテケン,オウシュウシ,マエサワミスモリ,岩手県,奥州市,前沢簾森
0294207,イワテケン,オウシュウシ,マエサワミッカマチ,岩手県,奥州市,前沢三日町
0294207,イワテケン,オウシュウシ,マエサワミッカマチウラ,岩手県,奥州市,前沢三日町浦
0294207,イワテケン,オウシュウシ,マエサワミッカマチシンウラ,岩手県,奥州市,前沢三日町新裏
0294205,イワテケン,オウシュウシ,マエサワミナミジンバ,岩手県,奥州市,前沢南陣場
0294205,イワテケン,オウシュウシ,マエサワミナミトウガサキ,岩手県,奥州市,前沢南塔ケ崎
0294205,イワテケン,オウシュウシ,マエサワミナミナカジマ,岩手県,奥州市,前沢南中島
0294204,イワテケン,オウシュウシ,マエサワミナミマエサワ,岩手県,奥州市,前沢南前沢
0294205,イワテケン,オウシュウシ,マエサワミノワ,岩手県,奥州市,前沢箕輪
0294204,イワテケン,オウシュウシ,マエサワムカイダ,岩手県,奥州市,前沢向田
0294204,イワテケン,オウシュウシ,マエサワモトスギ,岩手県,奥州市,前沢本杉
0294205,イワテケン,オウシュウシ,マエサワモロテザワ,岩手県,奥州市,前沢両手沢
0294205,イワテケン,オウシュウシ,マエサワヤギ,岩手県,奥州市,前沢谷記
0294205,イワテケン,オウシュウシ,マエサワヤギ,岩手県,奥州市,前沢谷起
0294205,イワテケン,オウシュウシ,マエサワヤギタ,岩手県,奥州市,前沢谷記田
0294205,イワテケン,オウシュウシ,マエサワヤギタ,岩手県,奥州市,前沢谷起田
0294205,イワテケン,オウシュウシ,マエサワヤグラマエ,岩手県,奥州市,前沢櫓前
0294207,イワテケン,オウシュウシ,マエサワヤシキ,岩手県,奥州市,前沢屋敷
0294204,イワテケン,オウシュウシ,マエサワヤチ,岩手県,奥州市,前沢谷地
0294208,イワテケン,オウシュウシ,マエサワヤマシタ,岩手県,奥州市,前沢山下
0294204,イワテケン,オウシュウシ,マエサワヤワタ,岩手県,奥州市,前沢八幡
0294204,イワテケン,オウシュウシ,マエサワヤワタマエ,岩手県,奥州市,前沢八幡前
0294206,イワテケン,オウシュウシ,マエサワヨウガモリ,岩手県,奥州市,前沢養ケ森
0294205,イワテケン,オウシュウシ,マエサワロッポンマツ,岩手県,奥州市,前沢六本松
0230035,イワテケン,オウシュウシ,ミズサワアカツチダ,岩手県,奥州市,水沢赤土田
0230041,イワテケン,オウシュウシ,ミズサワアキバチョウ,岩手県,奥州市,水沢秋葉町
0230823,イワテケン,オウシュウシ,ミズサワアサヒチョウ,岩手県,奥州市,水沢朝日町
0230818,イワテケン,オウシュウシ,ミズサワアズマチョウ,岩手県,奥州市,水沢東町
0230831,イワテケン,オウシュウシ,ミズサワアネタイチョウ,岩手県,奥州市,水沢姉体町
0230824,イワテケン,オウシュウシ,ミズサワイズミチョウ,岩手県,奥州市,水沢泉町
0230013,イワテケン,オウシュウシ,ミズサワイッポンヤナギ,岩手県,奥州市,水沢一本柳
0230011,イワテケン,オウシュウシ,ミズサワイナリダ,岩手県,奥州市,水沢稲荷田
0230898,イワテケン,オウシュウシ,ミズサワウシロダ,岩手県,奥州市,水沢後田
0230057,イワテケン,オウシュウシ,ミズサワウワマチ,岩手県,奥州市,水沢上町
0230854,イワテケン,オウシュウシ,ミズサワオオガネチョウ,岩手県,奥州市,水沢大鐘町
0230084,イワテケン,オウシュウシ,ミズサワオオガミ,岩手県,奥州市,水沢大上
0230053,イワテケン,オウシュウシ,ミズサワオオテマチ,岩手県,奥州市,水沢大手町
0230867,イワテケン,オウシュウシ,ミズサワオオハシ,岩手県,奥州市,水沢大橋
0230802,イワテケン,オウシュウシ,ミズサワオオバタケコウジ,岩手県,奥州市,水沢大畑小路
0230045,イワテケン,オウシュウシ,ミズサワオオマチ,岩手県,奥州市,水沢大町
0230085,イワテケン,オウシュウシ,ミズサワオドリコ,岩手県,奥州市,水沢踊子
0230001,イワテケン,オウシュウシ,ミズサワオロシマチ,岩手県,奥州市,水沢卸町
0230021,イワテケン,オウシュウシ,ミズサワカケノシタ,岩手県,奥州市,水沢欠ノ下
0230051,イワテケン,オウシュウシ,ミズサワカッテチョウ,岩手県,奥州市,水沢勝手町
0230892,イワテケン,オウシュウシ,ミズサワカマタ,岩手県,奥州市,水沢釜田
0230833,イワテケン,オウシュウシ,ミズサワカミアネタイ,岩手県,奥州市,水沢上姉体
0230052,イワテケン,オウシュウシ,ミズサワカラメテチョウ,岩手県,奥州市,水沢搦手丁
0230034,イワテケン,オウシュウシ,ミズサワカワグチマチ,岩手県,奥州市,水沢川口町
0230863,イワテケン,オウシュウシ,ミズサワカワバタ,岩手県,奥州市,水沢川端
0230046,イワテケン,オウシュウシ,ミズサワカワラコウジ,岩手県,奥州市,水沢川原小路
0230031,イワテケン,オウシュウシ,ミズサワキタウシザワ,岩手県,奥州市,水沢北丑沢
0230036,イワテケン,オウシュウシ,ミズサワキタクリバヤシ,岩手県,奥州市,水沢北栗林
0230881,イワテケン,オウシュウシ,ミズサワキタダ,岩手県,奥州市,水沢北田
0230092,イワテケン,オウシュウシ,ミズサワキタハンゴウ,岩手県,奥州市,水沢北半郷
0230054,イワテケン,オウシュウシ,ミズサワキチコウジ,岩手県,奥州市,水沢吉小路
0230056,イワテケン,オウシュウシ,ミズサワキュウデン,岩手県,奥州市,水沢久田
0230101,イワテケン,オウシュウシ,ミズサワクロイシチョウ,岩手県,奥州市,水沢黒石町
0230071,イワテケン,オウシュウシ,ミズサワクロコ,岩手県,奥州市,水沢黒子
0230077,イワテケン,オウシュウシ,ミズサワクワバタ,岩手県,奥州市,水沢桑畑
0230062,イワテケン,オウシュウシ,ミズサワコイシダ,岩手県,奥州市,水沢小石田
0230025,イワテケン,オウシュウシ,ミズサワコウアミ,岩手県,奥州市,水沢高網
0230002,イワテケン,オウシュウシ,ミズサワコウギョウダンチ,岩手県,奥州市,水沢工業団地
0230087,イワテケン,オウシュウシ,ミズサワコウヤシュク,岩手県,奥州市,水沢高谷宿
0230055,イワテケン,オウシュウシ,ミズサワコクゾウコウジ,岩手県,奥州市,水沢虚空蔵小路
0230074,イワテケン,オウシュウシ,ミズサワゴクラク,岩手県,奥州市,水沢極楽
0230015,イワテケン,オウシュウシ,ミズサワゴセンガリ,岩手県,奥州市,水沢五千刈
0230018,イワテケン,オウシュウシ,ミズサワコナカ,岩手県,奥州市,水沢小中
0230094,イワテケン,オウシュウシ,ミズサワゴリン,岩手県,奥州市,水沢五輪
0230012,イワテケン,オウシュウシ,ミズサワサイカツダ,岩手県,奥州市,水沢斉勝田
0230805,イワテケン,オウシュウシ,ミズサワサイノカミ,岩手県,奥州市,水沢斉の神
0230897,イワテケン,オウシュウシ,ミズサワサクラカワ,岩手県,奥州市,水沢桜川
0230003,イワテケン,オウシュウシ,ミズサワサクラカワ,岩手県,奥州市,水沢佐倉河
0230865,イワテケン,オウシュウシ,ミズサワサクラヤシキ,岩手県,奥州市,水沢桜屋敷
0230872,イワテケン,オウシュウシ,ミズサワサクラヤシキニシ,岩手県,奥州市,水沢桜屋敷西
0230873,イワテケン,オウシュウシ,ミズサワササモリヤチ,岩手県,奥州市,水沢笹森谷地
0230026,イワテケン,オウシュウシ,ミズサワサトヤリ,岩手県,奥州市,水沢里鎗
0230044,イワテケン,オウシュウシ,ミズサワサンボンギ,岩手県,奥州市,水沢三本木
0230014,イワテケン,オウシュウシ,ミズサワジゾウデン,岩手県,奥州市,水沢地蔵田
0230017,イワテケン,オウシュウシ,ミズサワシブタ,岩手県,奥州市,水沢渋田
0230063,イワテケン,オウシュウシ,ミズサワショウテン,岩手県,奥州市,水沢聖天
0230073,イワテケン,オウシュウシ,ミズサワジリョウ,岩手県,奥州市,水沢寺領
0230807,イワテケン,オウシュウシ,ミズサワシンコウジ,岩手県,奥州市,水沢新小路
0230841,イワテケン,オウシュウシ,ミズサワシンジョウ,岩手県,奥州市,水沢真城
0230842,イワテケン,オウシュウシ,ミズサワシンジョウガオカ,岩手県,奥州市,水沢真城が丘
0230821,イワテケン,オウシュウシ,ミズサワシンメイチョウ,岩手県,奥州市,水沢神明町
0230095,イワテケン,オウシュウシ,ミズサワスズメダ,岩手県,奥州市,水沢雀田
0230866,イワテケン,オウシュウシ,ミズサワセキアイ,岩手県,奥州市,水沢堰合
0230083,イワテケン,オウシュウシ,ミズサワゼンゴウ,岩手県,奥州市,水沢前郷
0230877,イワテケン,オウシュウシ,ミズサワソデヤチ,岩手県,奥州市,水沢袖谷地
0230871,イワテケン,オウシュウシ,ミズサワソトヤチ,岩手県,奥州市,水沢外谷地
0230081,イワテケン,オウシュウシ,ミズサワソリマチ,岩手県,奥州市,水沢橇町
0230827,イワテケン,オウシュウシ,ミズサワタイニチドオリ,岩手県,奥州市,水沢太日通り
0230825,イワテケン,オウシュウシ,ミズサワダイマチ,岩手県,奥州市,水沢台町
0230894,イワテケン,オウシュウシ,ミズサワダイミョウジン,岩手県,奥州市,水沢大明神
0230032,イワテケン,オウシュウシ,ミズサワタガ,岩手県,奥州市,水沢多賀
0230889,イワテケン,オウシュウシ,ミズサワタカヤシキ,岩手県,奥州市,水沢高屋敷
0230091,イワテケン,オウシュウシ,ミズサワタカヤマ,岩手県,奥州市,水沢高山
0230891,イワテケン,オウシュウシ,ミズサワタクミダ,岩手県,奥州市,水沢内匠田
0230803,イワテケン,オウシュウシ,ミズサワタコウジ,岩手県,奥州市,水沢田小路
0230047,イワテケン,オウシュウシ,ミズサワタチマチ,岩手県,奥州市,水沢立町
0230895,イワテケン,オウシュウシ,ミズサワタビハリ,岩手県,奥州市,水沢足袋針
0230019,イワテケン,オウシュウシ,ミズサワツキダテ,岩手県,奥州市,水沢築舘
0230076,イワテケン,オウシュウシ,ミズサワツクリミチ,岩手県,奥州市,水沢造道
0230876,イワテケン,オウシュウシ,ミズサワツルブチ,岩手県,奥州市,水沢鶴淵
0230811,イワテケン,オウシュウシ,ミズサワテラコウジ,岩手県,奥州市,水沢寺小路
0230812,イワテケン,オウシュウシ,ミズサワテラワキ,岩手県,奥州市,水沢寺脇
0230815,イワテケン,オウシュウシ,ミズサワテンモンダイドオリ,岩手県,奥州市,水沢天文台通り
0230064,イワテケン,オウシュウシ,ミズサワドキタ,岩手県,奥州市,水沢土器田
0230857,イワテケン,オウシュウシ,ミズサワナカウワノチョウ,岩手県,奥州市,水沢中上野町
0230022,イワテケン,オウシュウシ,ミズサワナカシロ,岩手県,奥州市,水沢中城
0230826,イワテケン,オウシュウシ,ミズサワナカダチョウ,岩手県,奥州市,水沢中田町
0230813,イワテケン,オウシュウシ,ミズサワナカマチ,岩手県,奥州市,水沢中町
0230061,イワテケン,オウシュウシ,ミズサワナガマチ,岩手県,奥州市,水沢長町
0230024,イワテケン,オウシュウシ,ミズサワナゴリ,岩手県,奥州市,水沢名残
0230856,イワテケン,オウシュウシ,ミズサワニシウワノチョウ,岩手県,奥州市,水沢西上野町
0230896,イワテケン,オウシュウシ,ミズサワニシコウデン,岩手県,奥州市,水沢西光田
0230885,イワテケン,オウシュウシ,ミズサワニシダ,岩手県,奥州市,水沢西田
0230816,イワテケン,オウシュウシ,ミズサワニシマチ,岩手県,奥州市,水沢西町
0230067,イワテケン,オウシュウシ,ミズサワニタンダ,岩手県,奥州市,水沢二反田
0230102,イワテケン,オウシュウシ,ミズサワハダチョウエキヒガシ,岩手県,奥州市,水沢羽田町駅東
0230104,イワテケン,オウシュウシ,ミズサワハダチョウエキマエ,岩手県,奥州市,水沢羽田町駅前
0230103,イワテケン,オウシュウシ,ミズサワハダチョウエキミナミ,岩手県,奥州市,水沢羽田町駅南
0230106,イワテケン,オウシュウシ,ミズサワハダチョウクボ,岩手県,奥州市,水沢羽田町久保
0230105,イワテケン,オウシュウシ,ミズサワハダチョウホウショウ,岩手県,奥州市,水沢羽田町宝生
0230107,イワテケン,オウシュウシ,ミズサワハダチョウホウリュウギ,岩手県,奥州市,水沢羽田町宝柳木
0230108,イワテケン,オウシュウシ,ミズサワハダチョウムカイハタ,岩手県,奥州市,水沢羽田町向畑
0230832,イワテケン,オウシュウシ,ミズサワハダチョウ（クサイヌマ、シモヌマ、ヤギ、モトヤギ）,岩手県,奥州市,水沢羽田町（草井沼、下沼、谷木、元谷木）
0230132,イワテケン,オウシュウシ,ミズサワハダチョウ（ソノタ）,岩手県,奥州市,水沢羽田町（その他）
0230888,イワテケン,オウシュウシ,ミズサワハッタンダ,岩手県,奥州市,水沢八反田
0230023,イワテケン,オウシュウシ,ミズサワハッタンマチ,岩手県,奥州市,水沢八反町
0230829,イワテケン,オウシュウシ,ミズサワハナゾノチョウ,岩手県,奥州市,水沢花園町
0230027,イワテケン,オウシュウシ,ミズサワハバシタ,岩手県,奥州市,水沢幅下
0230853,イワテケン,オウシュウシ,ミズサワヒガシウワノチョウ,岩手県,奥州市,水沢東上野町
0230828,イワテケン,オウシュウシ,ミズサワヒガシオオドオリ,岩手県,奥州市,水沢東大通り
0230822,イワテケン,オウシュウシ,ミズサワヒガシナカドオリ,岩手県,奥州市,水沢東中通り
0230082,イワテケン,オウシュウシ,ミズサワヒガシハンゴウ,岩手県,奥州市,水沢東半郷
0230808,イワテケン,オウシュウシ,ミズサワヒタカコウジ,岩手県,奥州市,水沢日高小路
0230806,イワテケン,オウシュウシ,ミズサワヒタカニシ,岩手県,奥州市,水沢日高西
0230016,イワテケン,オウシュウシ,ミズサワヒラサワ,岩手県,奥州市,水沢平沢
0230072,イワテケン,オウシュウシ,ミズサワヒワタシ,岩手県,奥州市,水沢樋渡
0230862,イワテケン,オウシュウシ,ミズサワフクヨシチョウ,岩手県,奥州市,水沢福吉町
0230814,イワテケン,オウシュウシ,ミズサワフクロマチ,岩手県,奥州市,水沢袋町
0230882,イワテケン,オウシュウシ,ミズサワフクワラ,岩手県,奥州市,水沢福原
0230033,イワテケン,オウシュウシ,ミズサワフダンチョウ,岩手県,奥州市,水沢不断町
0230861,イワテケン,オウシュウシ,ミズサワホシガオカチョウ,岩手県,奥州市,水沢星ガ丘町
0230058,イワテケン,オウシュウシ,ミズサワホリノウチ,岩手県,奥州市,水沢堀ノ内
0230066,イワテケン,オウシュウシ,ミズサワマエタブクロ,岩手県,奥州市,水沢前田袋
0230884,イワテケン,オウシュウシ,ミズサワマエヤチ,岩手県,奥州市,水沢前谷地
0230883,イワテケン,オウシュウシ,ミズサワマチウラ,岩手県,奥州市,水沢町裏
0230093,イワテケン,オウシュウシ,ミズサワミズガミ,岩手県,奥州市,水沢水神
0230065,イワテケン,オウシュウシ,ミズサワミズヤマ,岩手県,奥州市,水沢水山
0230043,イワテケン,オウシュウシ,ミズサワミチアイ,岩手県,奥州市,水沢道合
0230037,イワテケン,オウシュウシ,ミズサワミナミウシザワ,岩手県,奥州市,水沢南丑沢
0230855,イワテケン,オウシュウシ,ミズサワミナミオオガネ,岩手県,奥州市,水沢南大鐘
0230851,イワテケン,オウシュウシ,ミズサワミナミマチ,岩手県,奥州市,水沢南町
0230886,イワテケン,オウシュウシ,ミズサワミナミヤナカ,岩手県,奥州市,水沢南矢中
0230075,イワテケン,オウシュウシ,ミズサワミノクチ,岩手県,奥州市,水沢水ノ口
0230817,イワテケン,オウシュウシ,ミズサワミヤシタチョウ,岩手県,奥州市,水沢宮下町
0230874,イワテケン,オウシュウシ,ミズサワミワケモリ,岩手県,奥州市,水沢見分森
0230096,イワテケン,オウシュウシ,ミズサワムカイダ,岩手県,奥州市,水沢向田
0230875,イワテケン,オウシュウシ,ミズサワモリシタ,岩手県,奥州市,水沢森下
0230086,イワテケン,オウシュウシ,ミズサワヤチナカ,岩手県,奥州市,水沢谷地中
0230804,イワテケン,オウシュウシ,ミズサワヤチミョウエン,岩手県,奥州市,水沢谷地明円
0230887,イワテケン,オウシュウシ,ミズサワヤナカ,岩手県,奥州市,水沢矢中
0230042,イワテケン,オウシュウシ,ミズサワヤナギマチ,岩手県,奥州市,水沢柳町
0230852,イワテケン,オウシュウシ,ミズサワヤマザキチョウ,岩手県,奥州市,水沢山崎町
0230801,イワテケン,オウシュウシ,ミズサワヨコマチ,岩手県,奥州市,水沢横町
0230893,イワテケン,オウシュウシ,ミズサワヨモギダ,岩手県,奥州市,水沢蓬田
0230864,イワテケン,オウシュウシ,ミズサワリュウガババ,岩手県,奥州市,水沢龍ヶ馬場
0200600,イワテケン,タキザワシ,イカニケイサイガナイバアイ,岩手県,滝沢市,以下に掲載がない場合
0200633,イワテケン,タキザワシ,アナグチ,岩手県,滝沢市,穴口
0200604,イワテケン,タキザワシ,イッポンギ,岩手県,滝沢市,一本木
0200618,イワテケン,タキザワシ,イワテサン,岩手県,滝沢市,岩手山
0200685,イワテケン,タキザワシ,ウカイアダチ,岩手県,滝沢市,鵜飼安達
0200673,イワテケン,タキザワシ,ウカイイシドメ,岩手県,滝沢市,鵜飼石留
0200681,イワテケン,タキザワシ,ウカイウバヤシキ,岩手県,滝沢市,鵜飼姥屋敷
0200662,イワテケン,タキザワシ,ウカイオオダルミ,岩手県,滝沢市,鵜飼大緩
0200686,イワテケン,タキザワシ,ウカイオニコシ,岩手県,滝沢市,鵜飼鬼越
0200655,イワテケン,タキザワシ,ウカイオニワダ,岩手県,滝沢市,鵜飼御庭田
0200657,イワテケン,タキザワシ,ウカイカジカモリ,岩手県,滝沢市,鵜飼鰍森
0200671,イワテケン,タキザワシ,ウカイカミタカヤナギ,岩手県,滝沢市,鵜飼上高柳
0200656,イワテケン,タキザワシ,ウカイカミノヤマ,岩手県,滝沢市,鵜飼上山
0200688,イワテケン,タキザワシ,ウカイカミマエダ,岩手県,滝沢市,鵜飼上前田
0200668,イワテケン,タキザワシ,ウカイキツネホラ,岩手県,滝沢市,鵜飼狐洞
0200664,イワテケン,タキザワシ,ウカイササモリ,岩手県,滝沢市,鵜飼笹森
0200658,イワテケン,タキザワシ,ウカイシミズサワ,岩手県,滝沢市,鵜飼清水沢
0200672,イワテケン,タキザワシ,ウカイシモタカヤナギ,岩手県,滝沢市,鵜飼下高柳
0200661,イワテケン,タキザワシ,ウカイシロイシ,岩手県,滝沢市,鵜飼白石
0200666,イワテケン,タキザワシ,ウカイセンコガワ,岩手県,滝沢市,鵜飼先古川
0200659,イワテケン,タキザワシ,ウカイソトクボ,岩手県,滝沢市,鵜飼外久保
0200674,イワテケン,タキザワシ,ウカイタカヤナギ,岩手県,滝沢市,鵜飼高柳
0200675,イワテケン,タキザワシ,ウカイタキムカイ,岩手県,滝沢市,鵜飼滝向
0200677,イワテケン,タキザワシ,ウカイトイノクチ,岩手県,滝沢市,鵜飼樋の口
0200652,イワテケン,タキザワシ,ウカイドウハタ,岩手県,滝沢市,鵜飼洞畑
0200678,イワテケン,タキザワシ,ウカイトシモウ,岩手県,滝沢市,鵜飼年毛
0200684,イワテケン,タキザワシ,ウカイヌマモリ,岩手県,滝沢市,鵜飼沼森
0200653,イワテケン,タキザワシ,ウカイハサマ,岩手県,滝沢市,鵜飼迫
0200676,イワテケン,タキザワシ,ウカイハチニンウチ,岩手県,滝沢市,鵜飼八人打
0200683,イワテケン,タキザワシ,ウカイハナダイラ,岩手県,滝沢市,鵜飼花平
0200651,イワテケン,タキザワシ,ウカイホソヤチ,岩手県,滝沢市,鵜飼細谷地
0200667,イワテケン,タキザワシ,ウカイムカイシンデン,岩手県,滝沢市,鵜飼向新田
0200663,イワテケン,タキザワシ,ウカイモロクズガワ,岩手県,滝沢市,鵜飼諸葛川
0200682,イワテケン,タキザワシ,ウカイリンアン,岩手県,滝沢市,鵜飼臨安
0200601,イワテケン,タキザワシ,ウシロ,岩手県,滝沢市,後
0200615,イワテケン,タキザワシ,ウトウザカ,岩手県,滝沢市,卯遠坂
0200627,イワテケン,タキザワシ,オイノクボ,岩手県,滝沢市,狼久保
0200613,イワテケン,タキザワシ,オオイシワタリ,岩手県,滝沢市,大石渡
0200769,イワテケン,タキザワシ,オオガマアラヤシキ,岩手県,滝沢市,大釜荒屋敷
0200754,イワテケン,タキザワシ,オオガマウワガマ,岩手県,滝沢市,大釜上釜
0200758,イワテケン,タキザワシ,オオガマオオシミズ,岩手県,滝沢市,大釜大清水
0200763,イワテケン,タキザワシ,オオガマオオバタケ,岩手県,滝沢市,大釜大畑
0200776,イワテケン,タキザワシ,オオガマオニガタキ,岩手県,滝沢市,大釜鬼が滝
0200757,イワテケン,タキザワシ,オオガマカザバヤシ,岩手県,滝沢市,大釜風林
0200755,イワテケン,タキザワシ,オオガマカマクチ,岩手県,滝沢市,大釜釜口
0200773,イワテケン,タキザワシ,オオガマカミタケハナ,岩手県,滝沢市,大釜上竹鼻
0200765,イワテケン,タキザワシ,オオガマコヤシキ,岩手県,滝沢市,大釜小屋敷
0200774,イワテケン,タキザワシ,オオガマシオノモリ,岩手県,滝沢市,大釜塩の森
0200752,イワテケン,タキザワシ,オオガマシロヤマ,岩手県,滝沢市,大釜白山
0200751,イワテケン,タキザワシ,オオガマセンガクボ,岩手県,滝沢市,大釜千が窪
0200756,イワテケン,タキザワシ,オオガマタカモリ,岩手県,滝沢市,大釜高森
0200771,イワテケン,タキザワシ,オオガマタケハナ,岩手県,滝沢市,大釜竹鼻
0200761,イワテケン,タキザワシ,オオガマタノシリ,岩手県,滝沢市,大釜田の尻
0200764,イワテケン,タキザワシ,オオガマドイジリ,岩手県,滝沢市,大釜土井尻
0200762,イワテケン,タキザワシ,オオガマトダテ,岩手県,滝沢市,大釜外館
0200772,イワテケン,タキザワシ,オオガマナカセ,岩手県,滝沢市,大釜中瀬
0200767,イワテケン,タキザワシ,オオガマナカミチ,岩手県,滝沢市,大釜中道
0200777,イワテケン,タキザワシ,オオガマニサワセ,岩手県,滝沢市,大釜仁沢瀬
0200775,イワテケン,タキザワシ,オオガマヌマブクロ,岩手県,滝沢市,大釜沼袋
0200766,イワテケン,タキザワシ,オオガマハチマンマエ,岩手県,滝沢市,大釜八幡前
0200753,イワテケン,タキザワシ,オオガマホソヤ,岩手県,滝沢市,大釜細屋
0200778,イワテケン,タキザワシ,オオガマヨシミズ,岩手県,滝沢市,大釜吉水
0200779,イワテケン,タキザワシ,オオガマヨシミズ,岩手県,滝沢市,大釜吉清水
0200768,イワテケン,タキザワシ,オオガマワダ,岩手県,滝沢市,大釜和田
0200636,イワテケン,タキザワシ,オオクボ,岩手県,滝沢市,大久保
0200621,イワテケン,タキザワシ,オオサキ,岩手県,滝沢市,大崎
0200701,イワテケン,タキザワシ,オオサワカゴヤシキ,岩手県,滝沢市,大沢籠屋敷
0200702,イワテケン,タキザワシ,オオサワカミツルコ,岩手県,滝沢市,大沢上鶴子
0200718,イワテケン,タキザワシ,オオサワコヤチ,岩手県,滝沢市,大沢小谷地
0200715,イワテケン,タキザワシ,オオサワシモヤシキ,岩手県,滝沢市,大沢下屋敷
0200713,イワテケン,タキザワシ,オオサワシンミチ,岩手県,滝沢市,大沢新道
0200703,イワテケン,タキザワシ,オオサワセキアイ,岩手県,滝沢市,大沢堰合
0200707,イワテケン,タキザワシ,オオサワタテ,岩手県,滝沢市,大沢館
0200719,イワテケン,タキザワシ,オオサワツルコ,岩手県,滝沢市,大沢鶴子
0200709,イワテケン,タキザワシ,オオサワトヤマノ,岩手県,滝沢市,大沢外山野
0200712,イワテケン,タキザワシ,オオサワナガツボ,岩手県,滝沢市,大沢長坪
0200708,イワテケン,タキザワシ,オオサワハシギダイラ,岩手県,滝沢市,大沢箸木平
0200705,イワテケン,タキザワシ,オオサワフタマタ,岩手県,滝沢市,大沢二タ又
0200714,イワテケン,タキザワシ,オオサワマスムラ,岩手県,滝沢市,大沢舛村
0200710,イワテケン,タキザワシ,オオサワヤサクハタ,岩手県,滝沢市,大沢弥作畑
0200711,イワテケン,タキザワシ,オオサワヤチガミ,岩手県,滝沢市,大沢谷地上
0200704,イワテケン,タキザワシ,オオサワヤチナカ,岩手県,滝沢市,大沢谷地中
0200717,イワテケン,タキザワシ,オオサワヨツヤ,岩手県,滝沢市,大沢四つ家
0200716,イワテケン,タキザワシ,オオサワヨネクラ,岩手県,滝沢市,大沢米倉
0200706,イワテケン,タキザワシ,オオサワワッタ,岩手県,滝沢市,大沢割田
0200602,イワテケン,タキザワシ,オオモリダイラ,岩手県,滝沢市,大森平
0200606,イワテケン,タキザワシ,カガナイ,岩手県,滝沢市,加賀内
0200619,イワテケン,タキザワシ,カミイワテサン,岩手県,滝沢市,上岩手山
0200687,イワテケン,タキザワシ,カミウカイ,岩手県,滝沢市,上鵜飼
0200614,イワテケン,タキザワシ,カミナカムラ,岩手県,滝沢市,上中村
0200646,イワテケン,タキザワシ,クロサワ,岩手県,滝沢市,黒沢
0200624,イワテケン,タキザワシ,サイノカミ,岩手県,滝沢市,妻の神
0200723,イワテケン,タキザワシ,シノギアヤオリ,岩手県,滝沢市,篠木綾織
0200726,イワテケン,タキザワシ,シノギアラヤ,岩手県,滝沢市,篠木荒屋
0200745,イワテケン,タキザワシ,シノギオオテラサワ,岩手県,滝沢市,篠木大寺沢
0200742,イワテケン,タキザワシ,シノギオボケザワ,岩手県,滝沢市,篠木苧桶沢
0200722,イワテケン,タキザワシ,シノギカミアヤオリ,岩手県,滝沢市,篠木上綾織
0200734,イワテケン,タキザワシ,シノギカミクロハタ,岩手県,滝沢市,篠木上黒畑
0200728,イワテケン,タキザワシ,シノギカミシノギ,岩手県,滝沢市,篠木上篠木
0200735,イワテケン,タキザワシ,シノギクロハタ,岩手県,滝沢市,篠木黒畑
0200724,イワテケン,タキザワシ,シノギコヤチ,岩手県,滝沢市,篠木小谷地
0200736,イワテケン,タキザワシ,シノギサンゴウ,岩手県,滝沢市,篠木参郷
0200738,イワテケン,タキザワシ,シノギサンゴウノモリ,岩手県,滝沢市,篠木参郷の森
0200743,イワテケン,タキザワシ,シノギソトヤマ,岩手県,滝沢市,篠木外山
0200744,イワテケン,タキザワシ,シノギタテガサワ,岩手県,滝沢市,篠木館が沢
0200737,イワテケン,タキザワシ,シノギツツミ,岩手県,滝沢市,篠木堤
0200732,イワテケン,タキザワシ,シノギトイノクチ,岩手県,滝沢市,篠木樋の口
0200727,イワテケン,タキザワシ,シノギトヤヒラ,岩手県,滝沢市,篠木鳥谷平
0200721,イワテケン,タキザワシ,シノギナカムラ,岩手県,滝沢市,篠木中村
0200725,イワテケン,タキザワシ,シノギナカヤシキ,岩手県,滝沢市,篠木中屋敷
0200746,イワテケン,タキザワシ,シノギニサワセ,岩手県,滝沢市,篠木仁沢瀬
0200733,イワテケン,タキザワシ,シノギマチバ,岩手県,滝沢市,篠木待場
0200731,イワテケン,タキザワシ,シノギミョウホウ,岩手県,滝沢市,篠木明法
0200741,イワテケン,タキザワシ,シノギヤトリモリ,岩手県,滝沢市,篠木矢取森
0200665,イワテケン,タキザワシ,シモウカイ,岩手県,滝沢市,下鵜飼
0200611,イワテケン,タキザワシ,スゴ,岩手県,滝沢市,巣子
0200605,イワテケン,タキザワシ,スナコミ,岩手県,滝沢市,砂込
0200643,イワテケン,タキザワシ,ソトヤマ,岩手県,滝沢市,外山
0200645,イワテケン,タキザワシ,タカヤシキ,岩手県,滝沢市,高屋敷
0200637,イワテケン,タキザワシ,タカヤシキダイラ,岩手県,滝沢市,高屋敷平
0200608,イワテケン,タキザワシ,チョウタロウバヤシ,岩手県,滝沢市,長太郎林
0200638,イワテケン,タキザワシ,ツチザワ,岩手県,滝沢市,土沢
0200616,イワテケン,タキザワシ,トクサガワ,岩手県,滝沢市,木賊川
0200603,イワテケン,タキザワシ,トメガモリ,岩手県,滝沢市,留が森
0200654,イワテケン,タキザワシ,ナカウカイ,岩手県,滝沢市,中鵜飼
0200642,イワテケン,タキザワシ,ナカムラ,岩手県,滝沢市,中村
0200623,イワテケン,タキザワシ,ナラノキサワ,岩手県,滝沢市,楢の木沢
0200641,イワテケン,タキザワシ,ネギヤシキ,岩手県,滝沢市,祢宜屋敷
0200631,イワテケン,タキザワシ,ネホリザカ,岩手県,滝沢市,根堀坂
0200622,イワテケン,タキザワシ,ノザワ,岩手県,滝沢市,野沢
0200625,イワテケン,タキザワシ,ハノキサワヤマ,岩手県,滝沢市,葉の木沢山
0200644,イワテケン,タキザワシ,ヘイゾウサワ,岩手県,滝沢市,平蔵沢
0200632,イワテケン,タキザワシ,マキノバヤシ,岩手県,滝沢市,牧野林
0200635,イワテケン,タキザワシ,ミミトリヤマ,岩手県,滝沢市,耳取山
0200626,イワテケン,タキザワシ,ミョウジンダイラ,岩手県,滝沢市,明神平
0200634,イワテケン,タキザワシ,ムロコウジ,岩手県,滝沢市,室小路
0200612,イワテケン,タキザワシ,ヤナギサワ,岩手県,滝沢市,柳沢
0200609,イワテケン,タキザワシ,ヤナギハラ,岩手県,滝沢市,柳原
0200607,イワテケン,タキザワシ,ヤヘイバヤシ,岩手県,滝沢市,弥兵エ林
0200617,イワテケン,タキザワシ,ユブネザワ,岩手県,滝沢市,湯舟沢
0200500,イワテケン,イワテグンシズクイシチョウ,イカニケイサイガナイバアイ,岩手県,岩手郡雫石町,以下に掲載がない場合
0200502,イワテケン,イワテグンシズクイシチョウ,イタバシ,岩手県,岩手郡雫石町,板橋
0200546,イワテケン,イワテグンシズクイシチョウ,イナリシタ,岩手県,岩手郡雫石町,稲荷下
0200583,イワテケン,イワテグンシズクイシチョウ,ウワノ,岩手県,岩手郡雫石町,上野
0200574,イワテケン,イワテグンシズクイシチョウ,オウシュク,岩手県,岩手郡雫石町,鴬宿
0200581,イワテケン,イワテグンシズクイシチョウ,オミョウジン,岩手県,岩手郡雫石町,御明神
0200544,イワテケン,イワテグンシズクイシチョウ,カキキ,岩手県,岩手郡雫石町,柿木
0200559,イワテケン,イワテグンシズクイシチョウ,カミササモリ,岩手県,岩手郡雫石町,上笹森
0200555,イワテケン,イワテグンシズクイシチョウ,カミソネダ,岩手県,岩手郡雫石町,上曽根田
0200557,イワテケン,イワテグンシズクイシチョウ,カミダイラ,岩手県,岩手郡雫石町,上平
0200538,イワテケン,イワテグンシズクイシチョウ,カミマチキタ,岩手県,岩手郡雫石町,上町北
0200537,イワテケン,イワテグンシズクイシチョウ,カミマチニシ,岩手県,岩手郡雫石町,上町西
0200539,イワテケン,イワテグンシズクイシチョウ,カミマチヒガシ,岩手県,岩手郡雫石町,上町東
0200530,イワテケン,イワテグンシズクイシチョウ,カミマチミナミ,岩手県,岩手郡雫石町,上町南
0200534,イワテケン,イワテグンシズクイシチョウ,カワハラ,岩手県,岩手郡雫石町,川原
0200517,イワテケン,イワテグンシズクイシチョウ,クロサワガワ,岩手県,岩手郡雫石町,黒沢川
0200525,イワテケン,イワテグンシズクイシチョウ,ゲンダイドウ,岩手県,岩手郡雫石町,源大堂
0200535,イワテケン,イワテグンシズクイシチョウ,コビヤチ,岩手県,岩手郡雫石町,小日谷地
0200551,イワテケン,イワテグンシズクイシチョウ,ササモリ,岩手県,岩手郡雫石町,笹森
0200512,イワテケン,イワテグンシズクイシチョウ,シオガモリ,岩手県,岩手郡雫石町,塩ケ森
0200513,イワテケン,イワテグンシズクイシチョウ,シモウサギノ,岩手県,岩手郡雫石町,下兎野
0200522,イワテケン,イワテグンシズクイシチョウ,シモクボ,岩手県,岩手郡雫石町,下久保
0200558,イワテケン,イワテグンシズクイシチョウ,シモササモリ,岩手県,岩手郡雫石町,下笹森
0200553,イワテケン,イワテグンシズクイシチョウ,シモソネダ,岩手県,岩手郡雫石町,下曽根田
0200552,イワテケン,イワテグンシズクイシチョウ,シモダイラ,岩手県,岩手郡雫石町,下平
0200515,イワテケン,イワテグンシズクイシチョウ,シモナガネ,岩手県,岩手郡雫石町,下長根
0200528,イワテケン,イワテグンシズクイシチョウ,シモマチ,岩手県,岩手郡雫石町,下町
0200529,イワテケン,イワテグンシズクイシチョウ,シモマチニシ,岩手県,岩手郡雫石町,下町西
0200520,イワテケン,イワテグンシズクイシチョウ,シモマチヒガシ,岩手県,岩手郡雫石町,下町東
0200541,イワテケン,イワテグンシズクイシチョウ,センガリダ,岩手県,岩手郡雫石町,千刈田
0200521,イワテケン,イワテグンシズクイシチョウ,ソツダ,岩手県,岩手郡雫石町,麁津田
0200543,イワテケン,イワテグンシズクイシチョウ,タカマエダ,岩手県,岩手郡雫石町,高前田
0200571,イワテケン,イワテグンシズクイシチョウ,ツナギ,岩手県,岩手郡雫石町,繋
0200524,イワテケン,イワテグンシズクイシチョウ,テラノシタ,岩手県,岩手郡雫石町,寺の下
0200505,イワテケン,イワテグンシズクイシチョウ,ナカクロサワガワ,岩手県,岩手郡雫石町,中黒沢川
0200504,イワテケン,イワテグンシズクイシチョウ,ナカヌマ,岩手県,岩手郡雫石町,中沼
0200527,イワテケン,イワテグンシズクイシチョウ,ナカマチ,岩手県,岩手郡雫石町,中町
0200511,イワテケン,イワテグンシズクイシチョウ,ナガハタ,岩手県,岩手郡雫石町,長畑
0200585,イワテケン,イワテグンシズクイシチョウ,ナガヤマ,岩手県,岩手郡雫石町,長山
0200556,イワテケン,イワテグンシズクイシチョウ,ナゴ,岩手県,岩手郡雫石町,名子
0200503,イワテケン,イワテグンシズクイシチョウ,ナナツモリ,岩手県,岩手郡雫石町,七ツ森
0200501,イワテケン,イワテグンシズクイシチョウ,ニサセ,岩手県,岩手郡雫石町,仁佐瀬
0200572,イワテケン,イワテグンシズクイシチョウ,ニシアニワ,岩手県,岩手郡雫石町,西安庭
0200584,イワテケン,イワテグンシズクイシチョウ,ニシネ,岩手県,岩手郡雫石町,西根
0200506,イワテケン,イワテグンシズクイシチョウ,ヌマガエシ,岩手県,岩手郡雫石町,沼返
0200523,イワテケン,イワテグンシズクイシチョウ,ネホリ,岩手県,岩手郡雫石町,根堀
0200514,イワテケン,イワテグンシズクイシチョウ,ノナカ,岩手県,岩手郡雫石町,野中
0200582,イワテケン,イワテグンシズクイシチョウ,ハシバ,岩手県,岩手郡雫石町,橋場
0200536,イワテケン,イワテグンシズクイシチョウ,ハツケ,岩手県,岩手郡雫石町,八卦
0200533,イワテケン,イワテグンシズクイシチョウ,ハヤシ,岩手県,岩手郡雫石町,林
0200532,イワテケン,イワテグンシズクイシチョウ,ハライガワ,岩手県,岩手郡雫石町,払川
0200547,イワテケン,イワテグンシズクイシチョウ,ハレヤマ,岩手県,岩手郡雫石町,晴山
0200554,イワテケン,イワテグンシズクイシチョウ,マチウラ,岩手県,岩手郡雫石町,町裏
0200531,イワテケン,イワテグンシズクイシチョウ,マミダ,岩手県,岩手郡雫石町,麻見田
0200507,イワテケン,イワテグンシズクイシチョウ,マルヤチ,岩手県,岩手郡雫石町,丸谷地
0200542,イワテケン,イワテグンシズクイシチョウ,マンダワタリ,岩手県,岩手郡雫石町,万田渡
0200573,イワテケン,イワテグンシズクイシチョウ,ミナミハタ,岩手県,岩手郡雫石町,南畑
0200545,イワテケン,イワテグンシズクイシチョウ,ヤチ,岩手県,岩手郡雫石町,谷地
0285400,イワテケン,イワテグンクズマキマチ,イカニケイサイガナイバアイ,岩手県,岩手郡葛巻町,以下に掲載がない場合
0285403,イワテケン,イワテグンクズマキマチ,エカリ,岩手県,岩手郡葛巻町,江刈
0285102,イワテケン,イワテグンクズマキマチ,クズマキ（ダイ４０チワリ＜５７バンチ１２５、１７６ヲノゾク＞−ダイ４５チワリ）,岩手県,岩手郡葛巻町,葛巻（第４０地割「５７番地１２５、１７６を除く」〜第４５地割）
0285402,イワテケン,イワテグンクズマキマチ,クズマキ（ソノタ）,岩手県,岩手郡葛巻町,葛巻（その他）
0285401,イワテケン,イワテグンクズマキマチ,タベ,岩手県,岩手郡葛巻町,田部
0284300,イワテケン,イワテグンイワテマチ,イカニケイサイガナイバアイ,岩手県,岩手郡岩手町,以下に掲載がない場合
0284307,イワテケン,イワテグンイワテマチ,イツカイチ,岩手県,岩手郡岩手町,五日市
0284421,イワテケン,イワテグンイワテマチ,イッカタイ,岩手県,岩手郡岩手町,一方井
0284303,イワテケン,イワテグンイワテマチ,エカリナイ,岩手県,岩手郡岩手町,江刈内
0284211,イワテケン,イワテグンイワテマチ,カワグチ,岩手県,岩手郡岩手町,川口
0284305,イワテケン,イワテグンイワテマチ,クボ,岩手県,岩手郡岩手町,久保
0284424,イワテケン,イワテグンイワテマチ,クロイシ,岩手県,岩手郡岩手町,黒石
0284426,イワテケン,イワテグンイワテマチ,クロナイ,岩手県,岩手郡岩手町,黒内
0284304,イワテケン,イワテグンイワテマチ,コダキ,岩手県,岩手郡岩手町,子抱
0284302,イワテケン,イワテグンイワテマチ,ダイボウ,岩手県,岩手郡岩手町,大坊
0284423,イワテケン,イワテグンイワテマチ,ツチカワ,岩手県,岩手郡岩手町,土川
0284301,イワテケン,イワテグンイワテマチ,ヌマクナイ,岩手県,岩手郡岩手町,沼宮内
0284425,イワテケン,イワテグンイワテマチ,ハキタ,岩手県,岩手郡岩手町,葉木田
0284422,イワテケン,イワテグンイワテマチ,ボウ,岩手県,岩手郡岩手町,坊
0284306,イワテケン,イワテグンイワテマチ,ミドウ,岩手県,岩手郡岩手町,御堂
0283300,イワテケン,シワグンシワチョウ,イカニケイサイガナイバアイ,岩手県,紫波郡紫波町,以下に掲載がない場合
0283533,イワテケン,シワグンシワチョウ,アカザワ,岩手県,紫波郡紫波町,赤沢
0283451,イワテケン,シワグンシワチョウ,イナフジ,岩手県,紫波郡紫波町,稲藤
0283311,イワテケン,シワグンシワチョウ,イヌブチ,岩手県,紫波郡紫波町,犬渕
0283312,イワテケン,シワグンシワチョウ,イヌホエモリ,岩手県,紫波郡紫波町,犬吠森
0283321,イワテケン,シワグンシワチョウ,エガラ,岩手県,紫波郡紫波町,江柄
0283314,イワテケン,シワグンシワチョウ,オオマキ,岩手県,紫波郡紫波町,大巻
0283452,イワテケン,シワグンシワチョウ,カタヨセ,岩手県,紫波郡紫波町,片寄
0283441,イワテケン,シワグンシワチョウ,カミヒラサワ,岩手県,紫波郡紫波町,上平沢
0283443,イワテケン,シワグンシワチョウ,カミマツモト,岩手県,紫波郡紫波町,上松本
0283323,イワテケン,シワグンシワチョウ,キタザワ,岩手県,紫波郡紫波町,北沢
0283536,イワテケン,シワグンシワチョウ,キタダ,岩手県,紫波郡紫波町,北田
0283309,イワテケン,シワグンシワチョウ,キタヒヅメ,岩手県,紫波郡紫波町,北日詰
0283325,イワテケン,シワグンシワチョウ,クサカリ,岩手県,紫波郡紫波町,草刈
0283303,イワテケン,シワグンシワチョウ,コウスイジ,岩手県,紫波郡紫波町,高水寺
0283444,イワテケン,シワグンシワチョウ,コヤシキ,岩手県,紫波郡紫波町,小屋敷
0283307,イワテケン,シワグンシワチョウ,サクラマチ,岩手県,紫波郡紫波町,桜町
0283316,イワテケン,シワグンシワチョウ,サヒナイ,岩手県,紫波郡紫波町,佐比内
0283446,イワテケン,シワグンシワチョウ,シモマツモト,岩手県,紫波郡紫波町,下松本
0283318,イワテケン,シワグンシワチョウ,シワチュウオウエキマエ,岩手県,紫波郡紫波町,紫波中央駅前
0283302,イワテケン,シワグンシワチョウ,ジンガオカ,岩手県,紫波郡紫波町,陣ケ岡
0283453,イワテケン,シワグンシワチョウ,ツチダテ,岩手県,紫波郡紫波町,土舘
0283535,イワテケン,シワグンシワチョウ,トオヤマ,岩手県,紫波郡紫波町,遠山
0283322,イワテケン,シワグンシワチョウ,トチナイ,岩手県,紫波郡紫波町,栃内
0283301,イワテケン,シワグンシワチョウ,ナカジマ,岩手県,紫波郡紫波町,中島
0283326,イワテケン,シワグンシワチョウ,ニシナガオカ,岩手県,紫波郡紫波町,西長岡
0283324,イワテケン,シワグンシワチョウ,ヒガシナガオカ,岩手県,紫波郡紫波町,東長岡
0283315,イワテケン,シワグンシワチョウ,ヒコベ,岩手県,紫波郡紫波町,彦部
0283305,イワテケン,シワグンシワチョウ,ヒヅメ,岩手県,紫波郡紫波町,日詰
0283310,イワテケン,シワグンシワチョウ,ヒヅメエキマエ,岩手県,紫波郡紫波町,日詰駅前
0283306,イワテケン,シワグンシワチョウ,ヒヅメニシ,岩手県,紫波郡紫波町,日詰西
0283308,イワテケン,シワグンシワチョウ,ヒラサワ,岩手県,紫波郡紫波町,平沢
0283304,イワテケン,シワグンシワチョウ,フツカマチ,岩手県,紫波郡紫波町,二日町
0283532,イワテケン,シワグンシワチョウ,フナクボ,岩手県,紫波郡紫波町,船久保
0283313,イワテケン,シワグンシワチョウ,ホシヤマ,岩手県,紫波郡紫波町,星山
0283442,イワテケン,シワグンシワチョウ,マスザワ,岩手県,紫波郡紫波町,升沢
0283445,イワテケン,シワグンシワチョウ,ミナミデンボウジ,岩手県,紫波郡紫波町,南伝法寺
0283317,イワテケン,シワグンシワチョウ,ミナミヒヅメ,岩手県,紫波郡紫波町,南日詰
0283447,イワテケン,シワグンシワチョウ,ミヤデ,岩手県,紫波郡紫波町,宮手
0283534,イワテケン,シワグンシワチョウ,ムラサキノ,岩手県,紫波郡紫波町,紫野
0283531,イワテケン,シワグンシワチョウ,ヤマヤ,岩手県,紫波郡紫波町,山屋
0283448,イワテケン,シワグンシワチョウ,ヨシミズ,岩手県,紫波郡紫波町,吉水
0283600,イワテケン,シワグンヤハバチョウ,イカニケイサイガナイバアイ,岩手県,紫波郡矢巾町,以下に掲載がない場合
0283605,イワテケン,シワグンヤハバチョウ,アイノノ,岩手県,紫波郡矢巾町,間野々
0283611,イワテケン,シワグンヤハバチョウ,アカバヤシ,岩手県,紫波郡矢巾町,赤林
0283609,イワテケン,シワグンヤハバチョウ,イダイドオリ,岩手県,紫波郡矢巾町,医大通
0283626,イワテケン,シワグンヤハバチョウ,イワシミズ,岩手県,紫波郡矢巾町,岩清水
0283618,イワテケン,シワグンヤハバチョウ,エキヒガシ,岩手県,紫波郡矢巾町,駅東
0283617,イワテケン,シワグンヤハバチョウ,オオタ,岩手県,紫波郡矢巾町,太田
0283622,イワテケン,シワグンヤハバチョウ,カミヤツギ,岩手県,紫波郡矢巾町,上矢次
0283608,イワテケン,シワグンヤハバチョウ,キタコオリヤマ,岩手県,紫波郡矢巾町,北郡山
0283624,イワテケン,シワグンヤハバチョウ,キタデンポウジ,岩手県,紫波郡矢巾町,北伝法寺
0283613,イワテケン,シワグンヤハバチョウ,キタヤハバ,岩手県,紫波郡矢巾町,北矢幅
0283623,イワテケン,シワグンヤハバチョウ,ケムヤマ,岩手県,紫波郡矢巾町,煙山
0283607,イワテケン,シワグンヤハバチョウ,コウスイジ,岩手県,紫波郡矢巾町,高水寺
0283612,イワテケン,シワグンヤハバチョウ,シモヤツギ,岩手県,紫波郡矢巾町,下矢次
0283616,イワテケン,シワグンヤハバチョウ,シラサワ,岩手県,紫波郡矢巾町,白沢
0283601,イワテケン,シワグンヤハバチョウ,タカタ,岩手県,紫波郡矢巾町,高田
0283606,イワテケン,シワグンヤハバチョウ,ツチハシ,岩手県,紫波郡矢巾町,土橋
0283603,イワテケン,シワグンヤハバチョウ,ニシトクタ,岩手県,紫波郡矢巾町,西徳田
0283604,イワテケン,シワグンヤハバチョウ,ヒガシトクタ,岩手県,紫波郡矢巾町,東徳田
0283621,イワテケン,シワグンヤハバチョウ,ヒロミヤサワ,岩手県,紫波郡矢巾町,広宮沢
0283602,イワテケン,シワグンヤハバチョウ,フジサワ,岩手県,紫波郡矢巾町,藤沢
0283614,イワテケン,シワグンヤハバチョウ,マタベエシンデン,岩手県,紫波郡矢巾町,又兵エ新田
0283615,イワテケン,シワグンヤハバチョウ,ミナミヤハバ,岩手県,紫波郡矢巾町,南矢幅
0283625,イワテケン,シワグンヤハバチョウ,ムロオカ,岩手県,紫波郡矢巾町,室岡
0200891,イワテケン,シワグンヤハバチョウ,リュウツウセンターミナミ,岩手県,紫波郡矢巾町,流通センター南
0283627,イワテケン,シワグンヤハバチョウ,ワミ,岩手県,紫波郡矢巾町,和味
0295500,イワテケン,ワガグンニシワガマチ,イカニケイサイガナイバアイ,岩手県,和賀郡西和賀町,以下に掲載がない場合
0295503,イワテケン,ワガグンニシワガマチ,アナアケ２２チワリ、アナアケ２３チワリ,岩手県,和賀郡西和賀町,穴明２２地割、穴明２３地割
0295511,イワテケン,ワガグンニシワガマチ,ウエノノ３９チワリ,岩手県,和賀郡西和賀町,上野々３９地割
0295523,イワテケン,ワガグンニシワガマチ,エッチュウハタ６４チワリ−エッチュウハタ６６チワリ,岩手県,和賀郡西和賀町,越中畑６４地割〜越中畑６６地割
0295507,イワテケン,ワガグンニシワガマチ,オオクツ３６チワリ,岩手県,和賀郡西和賀町,大沓３６地割
0295521,イワテケン,ワガグンニシワガマチ,オオワタリ５７チワリ,岩手県,和賀郡西和賀町,大渡５７地割
0295513,イワテケン,ワガグンニシワガマチ,カッチ５１チワリ,岩手県,和賀郡西和賀町,甲子５１地割
0295523,イワテケン,ワガグンニシワガマチ,カツラゴザワ７５チワリ、カツラゴザワ７６チワリ,岩手県,和賀郡西和賀町,桂子沢７５地割、桂子沢７６地割
0295502,イワテケン,ワガグンニシワガマチ,カバサワ１６チワリ、カバサワ１７チワリ,岩手県,和賀郡西和賀町,樺沢１６地割、樺沢１７地割
0295512,イワテケン,ワガグンニシワガマチ,カワシリ４０チワリ、カワシリ４１チワリ,岩手県,和賀郡西和賀町,川尻４０地割、川尻４１地割
0295513,イワテケン,ワガグンニシワガマチ,クサイザワ４７チワリ,岩手県,和賀郡西和賀町,草井沢４７地割
0295521,イワテケン,ワガグンニシワガマチ,コツナギザワ５４チワリ−コツナギザワ５６チワリ,岩手県,和賀郡西和賀町,小繋沢５４地割〜小繋沢５６地割
0295501,イワテケン,ワガグンニシワガマチ,サソウ１チワリ−サソウ６チワリ,岩手県,和賀郡西和賀町,左草１地割〜左草６地割
0295616,イワテケン,ワガグンニシワガマチ,サワウチイズミザワ,岩手県,和賀郡西和賀町,沢内泉沢
0295614,イワテケン,ワガグンニシワガマチ,サワウチオオタ,岩手県,和賀郡西和賀町,沢内太田
0295612,イワテケン,ワガグンニシワガマチ,サワウチオオノ,岩手県,和賀郡西和賀町,沢内大野
0295703,イワテケン,ワガグンニシワガマチ,サワウチカイザワ,岩手県,和賀郡西和賀町,沢内貝沢
0295701,イワテケン,ワガグンニシワガマチ,サワウチカワフネ,岩手県,和賀郡西和賀町,沢内川舟
0295621,イワテケン,ワガグンニシワガマチ,サワウチケンパン,岩手県,和賀郡西和賀町,沢内鍵飯
0295615,イワテケン,ワガグンニシワガマチ,サワウチサルハシ,岩手県,和賀郡西和賀町,沢内猿橋
0295611,イワテケン,ワガグンニシワガマチ,サワウチシンマチ,岩手県,和賀郡西和賀町,沢内新町
0295617,イワテケン,ワガグンニシワガマチ,サワウチナガセノ,岩手県,和賀郡西和賀町,沢内長瀬野
0295619,イワテケン,ワガグンニシワガマチ,サワウチベンテン,岩手県,和賀郡西和賀町,沢内弁天
0295613,イワテケン,ワガグンニシワガマチ,サワウチマエゴウ,岩手県,和賀郡西和賀町,沢内前郷
0295618,イワテケン,ワガグンニシワガマチ,サワウチリョウザワ,岩手県,和賀郡西和賀町,沢内両沢
0295702,イワテケン,ワガグンニシワガマチ,サワウチワカハタ,岩手県,和賀郡西和賀町,沢内若畑
0295523,イワテケン,ワガグンニシワガマチ,サワナカ７３チワリ、サワナカ７４チワリ,岩手県,和賀郡西和賀町,沢中７３地割、沢中７４地割
0295502,イワテケン,ワガグンニシワガマチ,シタマエ７チワリ−シタマエ１４チワリ,岩手県,和賀郡西和賀町,下前７地割〜下前１４地割
0295503,イワテケン,ワガグンニシワガマチ,シミズガノ１８チワリ,岩手県,和賀郡西和賀町,清水ケ野１８地割
0295501,イワテケン,ワガグンニシワガマチ,シモサソウ７７チワリ−シモサソウ８０チワリ,岩手県,和賀郡西和賀町,下左草７７地割〜下左草８０地割
0295523,イワテケン,ワガグンニシワガマチ,シロキノ６７チワリ,岩手県,和賀郡西和賀町,白木野６７地割
0240341,イワテケン,ワガグンニシワガマチ,スギナハタ４４チワリ（ユダダムカンリジムショ、ウシログチヤマ、アテラク）,岩手県,和賀郡西和賀町,杉名畑４４地割（湯田ダム管理事務所、後口山、当楽）
0295513,イワテケン,ワガグンニシワガマチ,スギナハタ４４チワリ（ソノタ）,岩手県,和賀郡西和賀町,杉名畑４４地割（その他）
0295522,イワテケン,ワガグンニシワガマチ,スゴウ６３チワリ,岩手県,和賀郡西和賀町,巣郷６３地割
0295504,イワテケン,ワガグンニシワガマチ,ツキザワ２５チワリ−ツキザワ２８チワリ,岩手県,和賀郡西和賀町,槻沢２５地割〜槻沢２８地割
0295502,イワテケン,ワガグンニシワガマチ,トラサワ１５チワリ,岩手県,和賀郡西和賀町,寅沢１５地割
0295522,イワテケン,ワガグンニシワガマチ,ナカムラ５８チワリ、ナカムラ５９チワリ,岩手県,和賀郡西和賀町,中村５８地割、中村５９地割
0295522,イワテケン,ワガグンニシワガマチ,ノノシュク６０チワリ−ノノシュク６２チワリ,岩手県,和賀郡西和賀町,野々宿６０地割〜野々宿６２地割
0295523,イワテケン,ワガグンニシワガマチ,ホソナイ６８チワリ、ホソナイ６９チワリ,岩手県,和賀郡西和賀町,細内６８地割、細内６９地割
0295513,イワテケン,ワガグンニシワガマチ,ホンナイ４６チワリ,岩手県,和賀郡西和賀町,本内４６地割
0295503,イワテケン,ワガグンニシワガマチ,マギノ２４チワリ,岩手県,和賀郡西和賀町,間木野２４地割
0295513,イワテケン,ワガグンニシワガマチ,ミミドリ４９チワリ,岩手県,和賀郡西和賀町,耳取４９地割
0295513,イワテケン,ワガグンニシワガマチ,モトヤシキ４８チワリ,岩手県,和賀郡西和賀町,本屋敷４８地割
0295523,イワテケン,ワガグンニシワガマチ,ヤナギザワ７０チワリ、ヤナギザワ７１チワリ,岩手県,和賀郡西和賀町,柳沢７０地割、柳沢７１地割
0295514,イワテケン,ワガグンニシワガマチ,ユガワ５２チワリ、ユガワ５３チワリ,岩手県,和賀郡西和賀町,湯川５２地割、湯川５３地割
0295503,イワテケン,ワガグンニシワガマチ,ユダ１９チワリ−ユダ２１チワリ,岩手県,和賀郡西和賀町,湯田１９地割〜湯田２１地割
0295506,イワテケン,ワガグンニシワガマチ,ユノサワ３１チワリ−ユノサワ３５チワリ,岩手県,和賀郡西和賀町,湯之沢３１地割〜湯之沢３５地割
0295505,イワテケン,ワガグンニシワガマチ,ユモト２９チワリ、ユモト３０チワリ,岩手県,和賀郡西和賀町,湯本２９地割、湯本３０地割
0295523,イワテケン,ワガグンニシワガマチ,ヨシガサワ７２チワリ,岩手県,和賀郡西和賀町,芦ケ沢７２地割
0295513,イワテケン,ワガグンニシワガマチ,ワシノス５０チワリ,岩手県,和賀郡西和賀町,鷲之巣５０地割
0294500,イワテケン,イサワグンカネガサキチョウ,イカニケイサイガナイバアイ,岩手県,胆沢郡金ケ崎町,以下に掲載がない場合
0294505,イワテケン,イサワグンカネガサキチョウ,ナガサカエ,岩手県,胆沢郡金ケ崎町,永栄
0294504,イワテケン,イサワグンカネガサキチョウ,ナガサワ,岩手県,胆沢郡金ケ崎町,永沢
0294503,イワテケン,イサワグンカネガサキチョウ,ニシネ,岩手県,胆沢郡金ケ崎町,西根
0294502,イワテケン,イサワグンカネガサキチョウ,ミカジリ,岩手県,胆沢郡金ケ崎町,三ケ尻
0294501,イワテケン,イサワグンカネガサキチョウ,ロクハラ,岩手県,胆沢郡金ケ崎町,六原
0294100,イワテケン,ニシイワイグンヒライズミチョウ,イカニケイサイガナイバアイ,岩手県,西磐井郡平泉町,以下に掲載がない場合
0294101,イワテケン,ニシイワイグンヒライズミチョウ,ナガシマ,岩手県,西磐井郡平泉町,長島
0294102,イワテケン,ニシイワイグンヒライズミチョウ,ヒライズミ,岩手県,西磐井郡平泉町,平泉
0292300,イワテケン,ケセングンスミタチョウ,イカニケイサイガナイバアイ,岩手県,気仙郡住田町,以下に掲載がない場合
0292501,イワテケン,ケセングンスミタチョウ,カミアリス,岩手県,気仙郡住田町,上有住
0292502,イワテケン,ケセングンスミタチョウ,シモアリス,岩手県,気仙郡住田町,下有住
0292311,イワテケン,ケセングンスミタチョウ,セタマイ,岩手県,気仙郡住田町,世田米
0281100,イワテケン,カミヘイグンオオツチチョウ,イカニケイサイガナイバアイ,岩手県,上閉伊郡大槌町,以下に掲載がない場合
0281102,イワテケン,カミヘイグンオオツチチョウ,アカハマ,岩手県,上閉伊郡大槌町,赤浜
0281105,イワテケン,カミヘイグンオオツチチョウ,アンド,岩手県,上閉伊郡大槌町,安渡
0281131,イワテケン,カミヘイグンオオツチチョウ,オオツチ,岩手県,上閉伊郡大槌町,大槌
0281112,イワテケン,カミヘイグンオオツチチョウ,オオマチ,岩手県,上閉伊郡大槌町,大町
0281132,イワテケン,カミヘイグンオオツチチョウ,オガクチ,岩手県,上閉伊郡大槌町,大ケ口
0281133,イワテケン,カミヘイグンオオツチチョウ,カネザワ,岩手県,上閉伊郡大槌町,金沢
0281115,イワテケン,カミヘイグンオオツチチョウ,カミチョウ,岩手県,上閉伊郡大槌町,上町
0281101,イワテケン,カミヘイグンオオツチチョウ,キリキリ,岩手県,上閉伊郡大槌町,吉里吉里
0281121,イワテケン,カミヘイグンオオツチチョウ,コヅチ,岩手県,上閉伊郡大槌町,小鎚
0281114,イワテケン,カミヘイグンオオツチチョウ,サカエチョウ,岩手県,上閉伊郡大槌町,栄町
0281122,イワテケン,カミヘイグンオオツチチョウ,サクラギチョウ,岩手県,上閉伊郡大槌町,桜木町
0281111,イワテケン,カミヘイグンオオツチチョウ,シンチョウ,岩手県,上閉伊郡大槌町,新町
0281104,イワテケン,カミヘイグンオオツチチョウ,シンミナトマチ,岩手県,上閉伊郡大槌町,新港町
0281117,イワテケン,カミヘイグンオオツチチョウ,スエヒロチョウ,岩手県,上閉伊郡大槌町,末広町
0281113,イワテケン,カミヘイグンオオツチチョウ,スカチョウ,岩手県,上閉伊郡大槌町,須賀町
0281116,イワテケン,カミヘイグンオオツチチョウ,ホンチョウ,岩手県,上閉伊郡大槌町,本町
0281103,イワテケン,カミヘイグンオオツチチョウ,ミナトマチ,岩手県,上閉伊郡大槌町,港町
0281300,イワテケン,シモヘイグンヤマダマチ,イカニケイサイガナイバアイ,岩手県,下閉伊郡山田町,以下に掲載がない場合
0281303,イワテケン,シモヘイグンヤマダマチ,アラカワ,岩手県,下閉伊郡山田町,荒川
0281352,イワテケン,シモヘイグンヤマダマチ,イイオカ,岩手県,下閉伊郡山田町,飯岡
0281301,イワテケン,シモヘイグンヤマダマチ,イシトウゲ,岩手県,下閉伊郡山田町,石峠
0281311,イワテケン,シモヘイグンヤマダマチ,オオサワ,岩手県,下閉伊郡山田町,大沢
0281361,イワテケン,シモヘイグンヤマダマチ,オリカサ,岩手県,下閉伊郡山田町,織笠
0281342,イワテケン,シモヘイグンヤマダマチ,カワムカイチョウ,岩手県,下閉伊郡山田町,川向町
0281331,イワテケン,シモヘイグンヤマダマチ,キタハマチョウ,岩手県,下閉伊郡山田町,北浜町
0281333,イワテケン,シモヘイグンヤマダマチ,コウラクチョウ,岩手県,下閉伊郡山田町,後楽町
0281343,イワテケン,シモヘイグンヤマダマチ,サカイダチョウ,岩手県,下閉伊郡山田町,境田町
0281332,イワテケン,シモヘイグンヤマダマチ,チュウオウチョウ,岩手県,下閉伊郡山田町,中央町
0281302,イワテケン,シモヘイグンヤマダマチ,トヨマネ,岩手県,下閉伊郡山田町,豊間根
0281351,イワテケン,シモヘイグンヤマダマチ,ナガサキ,岩手県,下閉伊郡山田町,長崎
0281341,イワテケン,シモヘイグンヤマダマチ,ハチマンチョウ,岩手県,下閉伊郡山田町,八幡町
0281371,イワテケン,シモヘイグンヤマダマチ,フナコシ,岩手県,下閉伊郡山田町,船越
0281321,イワテケン,シモヘイグンヤマダマチ,ヤマダ,岩手県,下閉伊郡山田町,山田
0270500,イワテケン,シモヘイグンイワイズミチョウ,イカニケイサイガナイバアイ,岩手県,下閉伊郡岩泉町,以下に掲載がない場合
0282231,イワテケン,シモヘイグンイワイズミチョウ,アサナイ,岩手県,下閉伊郡岩泉町,浅内
0270611,イワテケン,シモヘイグンイワイズミチョウ,アッカ,岩手県,下閉伊郡岩泉町,安家
0285642,イワテケン,シモヘイグンイワイズミチョウ,アナザワ,岩手県,下閉伊郡岩泉町,穴沢
0270508,イワテケン,シモヘイグンイワイズミチョウ,アマヒタイ,岩手県,下閉伊郡岩泉町,尼額
0270501,イワテケン,シモヘイグンイワイズミチョウ,イワイズミ,岩手県,下閉伊郡岩泉町,岩泉
0282232,イワテケン,シモヘイグンイワイズミチョウ,オオカワ,岩手県,下閉伊郡岩泉町,大川
0270502,イワテケン,シモヘイグンイワイズミチョウ,オトモ,岩手県,下閉伊郡岩泉町,乙茂
0270421,イワテケン,シモヘイグンイワイズミチョウ,オモト,岩手県,下閉伊郡岩泉町,小本
0285641,イワテケン,シモヘイグンイワイズミチョウ,カド,岩手県,下閉伊郡岩泉町,門
0285633,イワテケン,シモヘイグンイワイズミチョウ,カマツタ（カミクリヤド、クリヤド、ゴンゲン）,岩手県,下閉伊郡岩泉町,釜津田（上栗宿、栗宿、権現）
0282233,イワテケン,シモヘイグンイワイズミチョウ,カマツタ（ソノタ）,岩手県,下閉伊郡岩泉町,釜津田（その他）
0270505,イワテケン,シモヘイグンイワイズミチョウ,カミウゲイ,岩手県,下閉伊郡岩泉町,上有芸
0270503,イワテケン,シモヘイグンイワイズミチョウ,サルサワ,岩手県,下閉伊郡岩泉町,猿沢
0270504,イワテケン,シモヘイグンイワイズミチョウ,シモウゲイ,岩手県,下閉伊郡岩泉町,下有芸
0270506,イワテケン,シモヘイグンイワイズミチョウ,ソイリ,岩手県,下閉伊郡岩泉町,鼠入
0270423,イワテケン,シモヘイグンイワイズミチョウ,ナカサト,岩手県,下閉伊郡岩泉町,中里
0270422,イワテケン,シモヘイグンイワイズミチョウ,ナカシマ,岩手県,下閉伊郡岩泉町,中島
0270507,イワテケン,シモヘイグンイワイズミチョウ,ニショウイシ,岩手県,下閉伊郡岩泉町,二升石
0270424,イワテケン,シモヘイグンイワイズミチョウ,ホロノ,岩手県,下閉伊郡岩泉町,袰野
0285643,イワテケン,シモヘイグンイワイズミチョウ,ホロワタ,岩手県,下閉伊郡岩泉町,袰綿
0288400,イワテケン,シモヘイグンタノハタムラ,イカニケイサイガナイバアイ,岩手県,下閉伊郡田野畑村,以下に掲載がない場合
0288402,イワテケン,シモヘイグンタノハタムラ,アケト,岩手県,下閉伊郡田野畑村,明戸
0288401,イワテケン,シモヘイグンタノハタムラ,イチノワタリ,岩手県,下閉伊郡田野畑村,一の渡
0288401,イワテケン,シモヘイグンタノハタムラ,エゾモリ,岩手県,下閉伊郡田野畑村,蝦夷森
0288405,イワテケン,シモヘイグンタノハタムラ,オオアシ,岩手県,下閉伊郡田野畑村,大芦
0288401,イワテケン,シモヘイグンタノハタムラ,オオモリ,岩手県,下閉伊郡田野畑村,大森
0288401,イワテケン,シモヘイグンタノハタムラ,オカンヨウ,岩手県,下閉伊郡田野畑村,尾肝要
0288401,イワテケン,シモヘイグンタノハタムラ,オクチ,岩手県,下閉伊郡田野畑村,奥地
0288401,イワテケン,シモヘイグンタノハタムラ,オクチムカイ,岩手県,下閉伊郡田野畑村,奥地向
0288401,イワテケン,シモヘイグンタノハタムラ,カヤカリサワ,岩手県,下閉伊郡田野畑村,茅刈沢
0288407,イワテケン,シモヘイグンタノハタムラ,カワダイ,岩手県,下閉伊郡田野畑村,川平
0288402,イワテケン,シモヘイグンタノハタムラ,キタヤマ,岩手県,下閉伊郡田野畑村,北山
0288405,イワテケン,シモヘイグンタノハタムラ,キリウシ,岩手県,下閉伊郡田野畑村,切牛
0288406,イワテケン,シモヘイグンタノハタムラ,サルヤマ,岩手県,下閉伊郡田野畑村,猿山
0288404,イワテケン,シモヘイグンタノハタムラ,シマノコシ,岩手県,下閉伊郡田野畑村,島越
0288407,イワテケン,シモヘイグンタノハタムラ,スゲノクボ,岩手県,下閉伊郡田野畑村,菅窪
0288401,イワテケン,シモヘイグンタノハタムラ,スゴウ,岩手県,下閉伊郡田野畑村,巣合
0288401,イワテケン,シモヘイグンタノハタムラ,センジョウ,岩手県,下閉伊郡田野畑村,千丈
0288401,イワテケン,シモヘイグンタノハタムラ,センゾク,岩手県,下閉伊郡田野畑村,千足
0288401,イワテケン,シモヘイグンタノハタムラ,タキノサワ,岩手県,下閉伊郡田野畑村,滝ノ沢
0288401,イワテケン,シモヘイグンタノハタムラ,タシロ,岩手県,下閉伊郡田野畑村,田代
0288407,イワテケン,シモヘイグンタノハタムラ,タノハタ,岩手県,下閉伊郡田野畑村,田野畑
0288402,イワテケン,シモヘイグンタノハタムラ,ツクエ,岩手県,下閉伊郡田野畑村,机
0288406,イワテケン,シモヘイグンタノハタムラ,トシロベ,岩手県,下閉伊郡田野畑村,年呂部
0288401,イワテケン,シモヘイグンタノハタムラ,ナガネ,岩手県,下閉伊郡田野畑村,長根
0288406,イワテケン,シモヘイグンタノハタムラ,ナナタキ,岩手県,下閉伊郡田野畑村,七滝
0288401,イワテケン,シモヘイグンタノハタムラ,ヌマブクロ,岩手県,下閉伊郡田野畑村,沼袋
0288401,イワテケン,シモヘイグンタノハタムラ,ネギチ,岩手県,下閉伊郡田野畑村,子木地
0288401,イワテケン,シモヘイグンタノハタムラ,ネギヤシキ,岩手県,下閉伊郡田野畑村,子木屋敷
0288401,イワテケン,シモヘイグンタノハタムラ,ハギュウ,岩手県,下閉伊郡田野畑村,萩牛
0288405,イワテケン,シモヘイグンタノハタムラ,ハマイワイズミ,岩手県,下閉伊郡田野畑村,浜岩泉
0288401,イワテケン,シモヘイグンタノハタムラ,ヒカゲ,岩手県,下閉伊郡田野畑村,日蔭
0288401,イワテケン,シモヘイグンタノハタムラ,ヒメマツ,岩手県,下閉伊郡田野畑村,姫松
0288405,イワテケン,シモヘイグンタノハタムラ,マギサワ,岩手県,下閉伊郡田野畑村,真木沢
0288404,イワテケン,シモヘイグンタノハタムラ,マツマエサワ,岩手県,下閉伊郡田野畑村,松前沢
0288401,イワテケン,シモヘイグンタノハタムラ,ミサワ,岩手県,下閉伊郡田野畑村,三沢
0288405,イワテケン,シモヘイグンタノハタムラ,ミナミオオアシ,岩手県,下閉伊郡田野畑村,南大芦
0288406,イワテケン,シモヘイグンタノハタムラ,ムロバ,岩手県,下閉伊郡田野畑村,室場
0288406,イワテケン,シモヘイグンタノハタムラ,メナ,岩手県,下閉伊郡田野畑村,目名
0288403,イワテケン,シモヘイグンタノハタムラ,ラガ,岩手県,下閉伊郡田野畑村,羅賀
0288407,イワテケン,シモヘイグンタノハタムラ,ワノ,岩手県,下閉伊郡田野畑村,和野
0288300,イワテケン,シモヘイグンフダイムラ,イカニケイサイガナイバアイ,岩手県,下閉伊郡普代村,以下に掲載がない場合
0288366,イワテケン,シモヘイグンフダイムラ,アシオイ,岩手県,下閉伊郡普代村,芦生
0288365,イワテケン,シモヘイグンフダイムラ,アシワタリ,岩手県,下閉伊郡普代村,芦渡
0288343,イワテケン,シモヘイグンフダイムラ,ウエノヤマ,岩手県,下閉伊郡普代村,上の山
0288362,イワテケン,シモヘイグンフダイムラ,ウネドリ,岩手県,下閉伊郡普代村,卯子酉
0288331,イワテケン,シモヘイグンフダイムラ,ウルベ,岩手県,下閉伊郡普代村,宇留部
0288345,イワテケン,シモヘイグンフダイムラ,オオタナベ,岩手県,下閉伊郡普代村,太田名部
0288368,イワテケン,シモヘイグンフダイムラ,カシワギダイラ,岩手県,下閉伊郡普代村,柏木平
0288352,イワテケン,シモヘイグンフダイムラ,カミムラ,岩手県,下閉伊郡普代村,上村
0288361,イワテケン,シモヘイグンフダイムラ,キタノマタ,岩手県,下閉伊郡普代村,北ノ股
0288353,イワテケン,シモヘイグンフダイムラ,クロサキ,岩手県,下閉伊郡普代村,黒崎
0288312,イワテケン,シモヘイグンフダイムラ,コヤチ,岩手県,下閉伊郡普代村,小谷地
0288303,イワテケン,シモヘイグンフダイムラ,サワムカイ,岩手県,下閉伊郡普代村,沢向
0288351,イワテケン,シモヘイグンフダイムラ,シモムラ,岩手県,下閉伊郡普代村,下村
0288311,イワテケン,シモヘイグンフダイムラ,シライ,岩手県,下閉伊郡普代村,白井
0288313,イワテケン,シモヘイグンフダイムラ,ツチトリバ,岩手県,下閉伊郡普代村,土取場
0288336,イワテケン,シモヘイグンフダイムラ,ツツミ,岩手県,下閉伊郡普代村,堤
0288322,イワテケン,シモヘイグンフダイムラ,テンバイザカ,岩手県,下閉伊郡普代村,天拝坂
0288332,イワテケン,シモヘイグンフダイムラ,ドウヤ,岩手県,下閉伊郡普代村,銅屋
0288323,イワテケン,シモヘイグンフダイムラ,トリイ,岩手県,下閉伊郡普代村,鳥居
0288334,イワテケン,シモヘイグンフダイムラ,ナカムラ,岩手県,下閉伊郡普代村,中村
0288344,イワテケン,シモヘイグンフダイムラ,ナカヤマ,岩手県,下閉伊郡普代村,中山
0288321,イワテケン,シモヘイグンフダイムラ,ノグルミ,岩手県,下閉伊郡普代村,野胡桃
0288367,イワテケン,シモヘイグンフダイムラ,ハギュウ,岩手県,下閉伊郡普代村,萩牛
0288301,イワテケン,シモヘイグンフダイムラ,ババノ,岩手県,下閉伊郡普代村,馬場野
0288335,イワテケン,シモヘイグンフダイムラ,フダイ,岩手県,下閉伊郡普代村,普代
0288302,イワテケン,シモヘイグンフダイムラ,ホリナイ,岩手県,下閉伊郡普代村,堀内
0288364,イワテケン,シモヘイグンフダイムラ,ミナミノマタ,岩手県,下閉伊郡普代村,南股
0288341,イワテケン,シモヘイグンフダイムラ,ミョウジン,岩手県,下閉伊郡普代村,明神
0288363,イワテケン,シモヘイグンフダイムラ,モイチ,岩手県,下閉伊郡普代村,茂市
0288333,イワテケン,シモヘイグンフダイムラ,ラガ,岩手県,下閉伊郡普代村,羅賀
0288342,イワテケン,シモヘイグンフダイムラ,ワノヤマ,岩手県,下閉伊郡普代村,和野山
0286300,イワテケン,クノヘグンカルマイマチ,イカニケイサイガナイバアイ,岩手県,九戸郡軽米町,以下に掲載がない場合
0286223,イワテケン,クノヘグンカルマイマチ,エヅカ,岩手県,九戸郡軽米町,狄塚
0286301,イワテケン,クノヘグンカルマイマチ,カミダテ,岩手県,九戸郡軽米町,上舘
0286302,イワテケン,クノヘグンカルマイマチ,カルマイ,岩手県,九戸郡軽米町,軽米
0286303,イワテケン,クノヘグンカルマイマチ,コウケ,岩手県,九戸郡軽米町,高家
0286411,イワテケン,クノヘグンカルマイマチ,コカルマイ,岩手県,九戸郡軽米町,小軽米
0286222,イワテケン,クノヘグンカルマイマチ,サンナイ,岩手県,九戸郡軽米町,山内
0286304,イワテケン,クノヘグンカルマイマチ,ナガクラ,岩手県,九戸郡軽米町,長倉
0286221,イワテケン,クノヘグンカルマイマチ,ハレヤマ,岩手県,九戸郡軽米町,晴山
0286412,イワテケン,クノヘグンカルマイマチ,ヘビクチ,岩手県,九戸郡軽米町,蛇口
0286413,イワテケン,クノヘグンカルマイマチ,マルコ,岩手県,九戸郡軽米町,円子
0288200,イワテケン,クノヘグンノダムラ,イカニケイサイガナイバアイ,岩手県,九戸郡野田村,以下に掲載がない場合
0288202,イワテケン,クノヘグンノダムラ,タマガワ,岩手県,九戸郡野田村,玉川
0288201,イワテケン,クノヘグンノダムラ,ノダ,岩手県,九戸郡野田村,野田
0286500,イワテケン,クノヘグンクノヘムラ,イカニケイサイガナイバアイ,岩手県,九戸郡九戸村,以下に掲載がない場合
0286501,イワテケン,クノヘグンクノヘムラ,アラヤ,岩手県,九戸郡九戸村,荒谷
0286502,イワテケン,クノヘグンクノヘムラ,イボナイ,岩手県,九戸郡九戸村,伊保内
0286505,イワテケン,クノヘグンクノヘムラ,エサシカ,岩手県,九戸郡九戸村,江刺家
0286503,イワテケン,クノヘグンクノヘムラ,コグラ,岩手県,九戸郡九戸村,小倉
0286611,イワテケン,クノヘグンクノヘムラ,サンネ,岩手県,九戸郡九戸村,山根
0286504,イワテケン,クノヘグンクノヘムラ,チョウコウジ,岩手県,九戸郡九戸村,長興寺
0286612,イワテケン,クノヘグンクノヘムラ,トダ,岩手県,九戸郡九戸村,戸田
0286506,イワテケン,クノヘグンクノヘムラ,ヤマヤ,岩手県,九戸郡九戸村,山屋
0286507,イワテケン,クノヘグンクノヘムラ,ユキヤ,岩手県,九戸郡九戸村,雪屋
0287900,イワテケン,クノヘグンヒロノチョウ,イカニケイサイガナイバアイ,岩手県,九戸郡洋野町,以下に掲載がない場合
0288803,イワテケン,クノヘグンヒロノチョウ,アコギ,岩手県,九戸郡洋野町,阿子木
0287905,イワテケン,クノヘグンヒロノチョウ,ウゲ,岩手県,九戸郡洋野町,有家
0288802,イワテケン,クノヘグンヒロノチョウ,オオノ,岩手県,九戸郡洋野町,大野
0287904,イワテケン,クノヘグンヒロノチョウ,オコナイ,岩手県,九戸郡洋野町,小子内
0288801,イワテケン,クノヘグンヒロノチョウ,カミダテ,岩手県,九戸郡洋野町,上館
0288804,イワテケン,クノヘグンヒロノチョウ,タイシマ,岩手県,九戸郡洋野町,帯島
0287915,イワテケン,クノヘグンヒロノチョウ,タネイチダイ１５チワリ−ダイ２１チワリ（カヌカ、ショウジアイ、ミドリチョウ、オオクボ、タカトリ）,岩手県,九戸郡洋野町,種市第１５地割〜第２１地割（鹿糠、小路合、緑町、大久保、高取）
0287903,イワテケン,クノヘグンヒロノチョウ,タネイチダイ１チワリ−ダイ３チワリ（ヤギミナミマチ、ヤギキタマチ）,岩手県,九戸郡洋野町,種市第１地割〜第３地割（八木南町、八木北町）
0287914,イワテケン,クノヘグンヒロノチョウ,タネイチダイ２２チワリ−ダイ２３チワリ（１ク、２ク、３ク、４ク、オオマチ、コバシ、スミヨシチョウ）,岩手県,九戸郡洋野町,種市第２２地割〜第２３地割（一区、二区、三区、四区、大町、小橋、住吉町）
0287913,イワテケン,クノヘグンヒロノチョウ,タネイチダイ２４チワリ−ダイ２５チワリ（ミドリガオカチョウ、ヨコテ）,岩手県,九戸郡洋野町,種市第２４地割〜第２５地割（緑ケ丘町、横手）
0287912,イワテケン,クノヘグンヒロノチョウ,タネイチダイ２６チワリ−ダイ３８チワリ（カワシリ、ヒラナイ）,岩手県,九戸郡洋野町,種市第２６地割〜第３８地割（川尻、平内）
0287911,イワテケン,クノヘグンヒロノチョウ,タネイチダイ３９チワリ−ダイ４５チワリ（カドノハマ、デンキチ）,岩手県,九戸郡洋野町,種市第３９地割〜第４５地割（角浜、伝吉）
0287918,イワテケン,クノヘグンヒロノチョウ,タネイチダイ４６チワリ−ダイ４９チワリ（ムギサワ）,岩手県,九戸郡洋野町,種市第４６地割〜第４９地割（麦沢）
0287902,イワテケン,クノヘグンヒロノチョウ,タネイチダイ４チワリ−ダイ７チワリ（シュクノヘ）,岩手県,九戸郡洋野町,種市第４地割〜第７地割（宿戸）
0287917,イワテケン,クノヘグンヒロノチョウ,タネイチダイ５０チワリ−ダイ７０チワリ（オオサワ、ジョウナイ、タキサワ）,岩手県,九戸郡洋野町,種市第５０地割〜第７０地割（大沢、城内、滝沢）
0287916,イワテケン,クノヘグンヒロノチョウ,タネイチダイ７１チワリ−ダイ７４チワリ（オオヤ、ワザ）,岩手県,九戸郡洋野町,種市第７１地割〜第７４地割（大谷、和座）
0287901,イワテケン,クノヘグンヒロノチョウ,タネイチダイ８チワリ−ダイ１４チワリ（タマガワ、ヘルケ）,岩手県,九戸郡洋野町,種市第８地割〜第１４地割（玉川、戸類家）
0287906,イワテケン,クノヘグンヒロノチョウ,ナカノ,岩手県,九戸郡洋野町,中野
0288805,イワテケン,クノヘグンヒロノチョウ,ミズサワ,岩手県,九戸郡洋野町,水沢
0285300,イワテケン,ニノヘグンイチノヘマチ,イカニケイサイガナイバアイ,岩手県,二戸郡一戸町,以下に掲載がない場合
0285222,イワテケン,ニノヘグンイチノヘマチ,アネタイ,岩手県,二戸郡一戸町,姉帯
0285304,イワテケン,ニノヘグンイチノヘマチ,イズルマチ,岩手県,二戸郡一戸町,出ル町
0285312,イワテケン,ニノヘグンイチノヘマチ,イチノヘ,岩手県,二戸郡一戸町,一戸
0285316,イワテケン,ニノヘグンイチノヘマチ,イワダテ,岩手県,二戸郡一戸町,岩舘
0285131,イワテケン,ニノヘグンイチノヘマチ,ウベツ,岩手県,二戸郡一戸町,宇別
0285134,イワテケン,ニノヘグンイチノヘマチ,オクナカヤマ,岩手県,二戸郡一戸町,奥中山
0285303,イワテケン,ニノヘグンイチノヘマチ,オトモ,岩手県,二戸郡一戸町,小友
0285223,イワテケン,ニノヘグンイチノヘマチ,オモギシ,岩手県,二戸郡一戸町,面岸
0285311,イワテケン,ニノヘグンイチノヘマチ,コウゼンジ,岩手県,二戸郡一戸町,高善寺
0285221,イワテケン,ニノヘグンイチノヘマチ,コズヤ,岩手県,二戸郡一戸町,小鳥谷
0285132,イワテケン,ニノヘグンイチノヘマチ,コツナギ,岩手県,二戸郡一戸町,小繋
0285301,イワテケン,ニノヘグンイチノヘマチ,サイホウジ,岩手県,二戸郡一戸町,西法寺
0285305,イワテケン,ニノヘグンイチノヘマチ,ツキダテ,岩手県,二戸郡一戸町,月舘
0285313,イワテケン,ニノヘグンイチノヘマチ,トリゴエ,岩手県,二戸郡一戸町,鳥越
0285306,イワテケン,ニノヘグンイチノヘマチ,ナカサト,岩手県,二戸郡一戸町,中里
0285233,イワテケン,ニノヘグンイチノヘマチ,ナカヤマ（シンデン１７−２、３７バンチ、ヒガシヒギョウ１バンチ）,岩手県,二戸郡一戸町,中山（新田１７−２、３７番地、東火行１番地）
0285133,イワテケン,ニノヘグンイチノヘマチ,ナカヤマ（ソノタ）,岩手県,二戸郡一戸町,中山（その他）
0285314,イワテケン,ニノヘグンイチノヘマチ,ナラヤマ,岩手県,二戸郡一戸町,楢山
0285315,イワテケン,ニノヘグンイチノヘマチ,ネソリ,岩手県,二戸郡一戸町,根反
0285224,イワテケン,ニノヘグンイチノヘマチ,ヒラヌカ,岩手県,二戸郡一戸町,平糠
0285302,イワテケン,ニノヘグンイチノヘマチ,メガ,岩手県,二戸郡一戸町,女鹿
