6900000,シマネケン,マツエシ,イカニケイサイガナイバアイ,島根県,松江市,以下に掲載がない場合
6900261,シマネケン,マツエシ,アイカチョウ,島根県,松江市,秋鹿町
6900022,シマネケン,マツエシ,アオバダイ,島根県,松江市,青葉台
6900015,シマネケン,マツエシ,アゲノギ,島根県,松江市,上乃木
6900834,シマネケン,マツエシ,アサクミチョウ,島根県,松江市,朝酌町
6900003,シマネケン,マツエシ,アサヒマチ,島根県,松江市,朝日町
6900027,シマネケン,マツエシ,イウチョウ,島根県,松江市,意宇町
6900881,シマネケン,マツエシ,イシバシチョウ,島根県,松江市,石橋町
6900006,シマネケン,マツエシ,イセミヤチョウ,島根県,松江市,伊勢宮町
6900034,シマネケン,マツエシ,イチノタニチョウ,島根県,松江市,一の谷町
6900062,シマネケン,マツエシ,ウオマチ,島根県,松江市,魚町
6900869,シマネケン,マツエシ,ウグイスダイ,島根県,松江市,うぐいす台
6900131,シマネケン,マツエシ,ウチデチョウ,島根県,松江市,打出町
6900873,シマネケン,マツエシ,ウチナカバラチョウ,島根県,松江市,内中原町
6901115,シマネケン,マツエシ,オウチョウ,島根県,松江市,邑生町
6900832,シマネケン,マツエシ,オオイチョウ,島根県,松江市,大井町
6900263,シマネケン,マツエシ,オオガキチョウ,島根県,松江市,大垣町
6900032,シマネケン,マツエシ,オオクサチョウ,島根県,松江市,大草町
6900264,シマネケン,マツエシ,オオノチョウ,島根県,松江市,大野町
6900033,シマネケン,マツエシ,オオバチョウ,島根県,松江市,大庭町
6900831,シマネケン,マツエシ,オオミサキチョウ,島根県,松江市,大海崎町
6900262,シマネケン,マツエシ,オカモトチョウ,島根県,松江市,岡本町
6900872,シマネケン,マツエシ,オクダニチョウ,島根県,松江市,奥谷町
6900007,シマネケン,マツエシ,オテセンバチョウ,島根県,松江市,御手船場町
6900266,シマネケン,マツエシ,オノゼチョウ,島根県,松江市,魚瀬町
6900848,シマネケン,マツエシ,オマチ,島根県,松江市,苧町
6900825,シマネケン,マツエシ,ガクエン,島根県,松江市,学園
6900826,シマネケン,マツエシ,ガクエンミナミ,島根県,松江市,学園南
6900322,シマネケン,マツエシ,カシマチョウエトモ,島根県,松江市,鹿島町恵曇
6900324,シマネケン,マツエシ,カシマチョウカタク,島根県,松江市,鹿島町片句
6900801,シマネケン,マツエシ,カシマチョウカミコウブ,島根県,松江市,鹿島町上講武
6900804,シマネケン,マツエシ,カシマチョウキタコウブ,島根県,松江市,鹿島町北講武
6900333,シマネケン,マツエシ,カシマチョウコウラ,島根県,松江市,鹿島町古浦
6900332,シマネケン,マツエシ,カシマチョウサダホンゴウ,島根県,松江市,鹿島町佐陀本郷
6900331,シマネケン,マツエシ,カシマチョウサダミヤウチ,島根県,松江市,鹿島町佐陀宮内
6900321,シマネケン,マツエシ,カシマチョウタケダイ,島根県,松江市,鹿島町武代
6900323,シマネケン,マツエシ,カシマチョウタユ,島根県,松江市,鹿島町手結
6900411,シマネケン,マツエシ,カシマチョウミツ,島根県,松江市,鹿島町御津
6900802,シマネケン,マツエシ,カシマチョウミナミコウブ,島根県,松江市,鹿島町南講武
6900803,シマネケン,マツエシ,カシマチョウミョウブン,島根県,松江市,鹿島町名分
6900877,シマネケン,マツエシ,カスガチョウ,島根県,松江市,春日町
6900847,シマネケン,マツエシ,カタハラチョウ,島根県,松江市,片原町
6901104,シマネケン,マツエシ,カミウベオチョウ,島根県,松江市,上宇部尾町
6900265,シマネケン,マツエシ,カミオオノチョウ,島根県,松江市,上大野町
6900867,シマネケン,マツエシ,カミサダチョウ,島根県,松江市,上佐陀町
6900821,シマネケン,マツエシ,カミヒガシカワツチョウ,島根県,松江市,上東川津町
6901102,シマネケン,マツエシ,カミホンジョウチョウ,島根県,松江市,上本庄町
6900812,シマネケン,マツエシ,カワハラチョウ,島根県,松江市,川原町
6900883,シマネケン,マツエシ,キタタマチ,島根県,松江市,北田町
6900888,シマネケン,マツエシ,キタホリチョウ,島根県,松江市,北堀町
6900859,シマネケン,マツエシ,クヤチョウ,島根県,松江市,国屋町
6900876,シマネケン,マツエシ,クロダチョウ,島根県,松江市,黒田町
6900121,シマネケン,マツエシ,コシチョウ,島根県,松江市,古志町
6900012,シマネケン,マツエシ,コシバラ,島根県,松江市,古志原
6900013,シマネケン,マツエシ,コシバラチョウ,島根県,松江市,古志原町
6900151,シマネケン,マツエシ,コソシチョウ,島根県,松江市,古曽志町
6900856,シマネケン,マツエシ,コモヅチョウ,島根県,松江市,薦津町
6900056,シマネケン,マツエシ,サイカマチ,島根県,松江市,雑賀町
6900041,シマネケン,マツエシ,サイワイマチ,島根県,松江市,幸町
6900042,シマネケン,マツエシ,サカエマチ,島根県,松江市,栄町
6900813,シマネケン,マツエシ,サカモトチョウ,島根県,松江市,坂本町
6900035,シマネケン,マツエシ,サクサチョウ,島根県,松江市,佐草町
6900402,シマネケン,マツエシ,シマネチョウオワシ,島根県,松江市,島根町大芦
6900401,シマネケン,マツエシ,シマネチョウカカ,島根県,松江市,島根町加賀
6901213,シマネケン,マツエシ,シマネチョウタコ,島根県,松江市,島根町多古
6901211,シマネケン,マツエシ,シマネチョウノイ,島根県,松江市,島根町野井
6901212,シマネケン,マツエシ,シマネチョウノナミ,島根県,松江市,島根町野波
6900866,シマネケン,マツエシ,シモサダチョウ,島根県,松江市,下佐陀町
6900822,シマネケン,マツエシ,シモヒガシカワツチョウ,島根県,松江市,下東川津町
6900141,シマネケン,マツエシ,ショウジョウチョウ,島根県,松江市,荘成町
6900868,シマネケン,マツエシ,ショウホクダイ,島根県,松江市,淞北台
6900061,シマネケン,マツエシ,シラカタホンマチ,島根県,松江市,白瀉本町
6900054,シマネケン,マツエシ,シンサイカマチ,島根県,松江市,新雑賀町
6990407,シマネケン,マツエシ,シンジチョウイジミ,島根県,松江市,宍道町伊志見
6990405,シマネケン,マツエシ,シンジチョウカミキマチ,島根県,松江市,宍道町上来待
6990406,シマネケン,マツエシ,シンジチョウサソウ,島根県,松江市,宍道町佐々布
6990408,シマネケン,マツエシ,シンジチョウショウワ,島根県,松江市,宍道町昭和
6990401,シマネケン,マツエシ,シンジチョウシンジ,島根県,松江市,宍道町宍道
6990403,シマネケン,マツエシ,シンジチョウニシキマチ,島根県,松江市,宍道町西来待
6990402,シマネケン,マツエシ,シンジチョウハクイシ,島根県,松江市,宍道町白石
6990404,シマネケン,マツエシ,シンジチョウヒガシキマチ,島根県,松江市,宍道町東来待
6901103,シマネケン,マツエシ,シンジョウチョウ,島根県,松江市,新庄町
6900057,シマネケン,マツエシ,シンマチ,島根県,松江市,新町
6900846,シマネケン,マツエシ,スエツグチョウ,島根県,松江市,末次町
6900843,シマネケン,マツエシ,スエツグホンマチ,島根県,松江市,末次本町
6900824,シマネケン,マツエシ,スガタチョウ,島根県,松江市,菅田町
6900878,シマネケン,マツエシ,スナゴチョウ,島根県,松江市,砂子町
6900049,シマネケン,マツエシ,ソデシチョウ,島根県,松江市,袖師町
6900875,シマネケン,マツエシ,ソトナカバラチョウ,島根県,松江市,外中原町
6900002,シマネケン,マツエシ,タイショウマチ,島根県,松江市,大正町
6900882,シマネケン,マツエシ,ダイリンチョウ,島根県,松江市,大輪町
6901113,シマネケン,マツエシ,タスミチョウ,島根県,松江市,手角町
6900052,シマネケン,マツエシ,タテマチ,島根県,松江市,竪町
6990205,シマネケン,マツエシ,タマユチョウオオダニ,島根県,松江市,玉湯町大谷
6990201,シマネケン,マツエシ,タマユチョウタマツクリ,島根県,松江市,玉湯町玉造
6990204,シマネケン,マツエシ,タマユチョウハヤシ,島根県,松江市,玉湯町林
6990203,シマネケン,マツエシ,タマユチョウフジナ,島根県,松江市,玉湯町布志名
6990202,シマネケン,マツエシ,タマユチョウユマチ,島根県,松江市,玉湯町湯町
6900058,シマネケン,マツエシ,タワヤマチョウ,島根県,松江市,田和山町
6900023,シマネケン,マツエシ,チクヤチョウ,島根県,松江市,竹矢町
6900852,シマネケン,マツエシ,チドリチョウ,島根県,松江市,千鳥町
6900055,シマネケン,マツエシ,ツダマチ,島根県,松江市,津田町
6900063,シマネケン,マツエシ,テラマチ,島根県,松江市,寺町
6900064,シマネケン,マツエシ,テンジンマチ,島根県,松江市,天神町
6900851,シマネケン,マツエシ,ドウガタチョウ,島根県,松江市,堂形町
6900887,シマネケン,マツエシ,トノマチ,島根県,松江市,殿町
6900874,シマネケン,マツエシ,ナカハラチョウ,島根県,松江市,中原町
6901112,シマネケン,マツエシ,ナガミチョウ,島根県,松江市,長海町
6900065,シマネケン,マツエシ,ナダマチ,島根県,松江市,灘町
6900854,シマネケン,マツエシ,ナンペイダイ,島根県,松江市,南平台
6900865,シマネケン,マツエシ,ニシイクマチョウ,島根県,松江市,西生馬町
6900037,シマネケン,マツエシ,ニシインベチョウ,島根県,松江市,西忌部町
6900835,シマネケン,マツエシ,ニシオチョウ,島根県,松江市,西尾町
6900823,シマネケン,マツエシ,ニシカワツチョウ,島根県,松江市,西川津町
6900142,シマネケン,マツエシ,ニシダニチョウ,島根県,松江市,西谷町
6900845,シマネケン,マツエシ,ニシチャマチ,島根県,松江市,西茶町
6900017,シマネケン,マツエシ,ニシツダ,島根県,松江市,西津田
6900132,シマネケン,マツエシ,ニシナガエチョウ,島根県,松江市,西長江町
6900122,シマネケン,マツエシ,ニシハマサダチョウ,島根県,松江市,西浜佐陀町
6900860,シマネケン,マツエシ,ニシホッキチョウ,島根県,松江市,西法吉町
6900815,シマネケン,マツエシ,ニシモチダチョウ,島根県,松江市,西持田町
6900048,シマネケン,マツエシ,ニシヨメシマ,島根県,松江市,西嫁島
6900046,シマネケン,マツエシ,ノギフクトミチョウ,島根県,松江市,乃木福富町
6900045,シマネケン,マツエシ,ノシラチョウ,島根県,松江市,乃白町
6901114,シマネケン,マツエシ,ノバラチョウ,島根県,松江市,野原町
6900004,シマネケン,マツエシ,ハチケンヤマチ,島根県,松江市,八軒屋町
6900855,シマネケン,マツエシ,ハマサダチョウ,島根県,松江市,浜佐田町
6900044,シマネケン,マツエシ,ハマノギ,島根県,松江市,浜乃木
6900001,シマネケン,マツエシ,ヒガシアサヒマチ,島根県,松江市,東朝日町
6900864,シマネケン,マツエシ,ヒガシイクマチョウ,島根県,松江市,東生馬町
6990108,シマネケン,マツエシ,ヒガシイズモチョウアダカエ,島根県,松江市,東出雲町出雲郷
6990111,シマネケン,マツエシ,ヒガシイズモチョウイウナン,島根県,松江市,東出雲町意宇南
6990112,シマネケン,マツエシ,ヒガシイズモチョウイウヒガシ,島根県,松江市,東出雲町意宇東
6990107,シマネケン,マツエシ,ヒガシイズモチョウイマミヤ,島根県,松江市,東出雲町今宮
6990101,シマネケン,マツエシ,ヒガシイズモチョウイヤ,島根県,松江市,東出雲町揖屋
6990105,シマネケン,マツエシ,ヒガシイズモチョウウチウマ,島根県,松江市,東出雲町内馬
6990106,シマネケン,マツエシ,ヒガシイズモチョウカスガ,島根県,松江市,東出雲町春日
6990103,シマネケン,マツエシ,ヒガシイズモチョウカミイトウ,島根県,松江市,東出雲町上意東
6990102,シマネケン,マツエシ,ヒガシイズモチョウシモイトウ,島根県,松江市,東出雲町下意東
6990104,シマネケン,マツエシ,ヒガシイズモチョウスタ,島根県,松江市,東出雲町須田
6990110,シマネケン,マツエシ,ヒガシイズモチョウニシキシンマチ,島根県,松江市,東出雲町錦新町
6990109,シマネケン,マツエシ,ヒガシイズモチョウニシキハマ,島根県,松江市,東出雲町錦浜
6900036,シマネケン,マツエシ,ヒガシインベチョウ,島根県,松江市,東忌部町
6900871,シマネケン,マツエシ,ヒガシオクダニチョウ,島根県,松江市,東奥谷町
6900844,シマネケン,マツエシ,ヒガシチャマチ,島根県,松江市,東茶町
6900011,シマネケン,マツエシ,ヒガシツダチョウ,島根県,松江市,東津田町
6900133,シマネケン,マツエシ,ヒガシナガエチョウ,島根県,松江市,東長江町
6900842,シマネケン,マツエシ,ヒガシホンマチ,島根県,松江市,東本町
6900814,シマネケン,マツエシ,ヒガシモチダチョウ,島根県,松江市,東持田町
6900862,シマネケン,マツエシ,ヒツガオカ,島根県,松江市,比津が丘
6900863,シマネケン,マツエシ,ヒツチョウ,島根県,松江市,比津町
6900833,シマネケン,マツエシ,フクトミチョウ,島根県,松江市,福富町
6900811,シマネケン,マツエシ,フクハラチョウ,島根県,松江市,福原町
6900026,シマネケン,マツエシ,フジミチョウ,島根県,松江市,富士見町
6900038,シマネケン,マツエシ,ヘイセイチョウ,島根県,松江市,平成町
6900816,シマネケン,マツエシ,ホクリョウチョウ,島根県,松江市,北陵町
6900861,シマネケン,マツエシ,ホッキチョウ,島根県,松江市,法吉町
6900886,シマネケン,マツエシ,ホロマチ,島根県,松江市,母衣町
6900053,シマネケン,マツエシ,ホンゴウチョウ,島根県,松江市,本郷町
6901101,シマネケン,マツエシ,ホンジョウチョウ,島根県,松江市,本庄町
6900024,シマネケン,マツエシ,マカタチョウ,島根県,松江市,馬潟町
6901111,シマネケン,マツエシ,マクラギチョウ,島根県,松江市,枕木町
6900043,シマネケン,マツエシ,マツオチョウ,島根県,松江市,松尾町
6900884,シマネケン,マツエシ,ミナミタマチ,島根県,松江市,南田町
6901223,シマネケン,マツエシ,ミホノセキチョウカサウラ,島根県,松江市,美保関町笠浦
6901315,シマネケン,マツエシ,ミホノセキチョウカタエ,島根県,松江市,美保関町片江
6901221,シマネケン,マツエシ,ミホノセキチョウキタウラ,島根県,松江市,美保関町北浦
6901502,シマネケン,マツエシ,ミホノセキチョウクモヅ,島根県,松江市,美保関町雲津
6901311,シマネケン,マツエシ,ミホノセキチョウシチルイ,島根県,松江市,美保関町七類
6901313,シマネケン,マツエシ,ミホノセキチョウシモウベオ,島根県,松江市,美保関町下宇部尾
6901314,シマネケン,マツエシ,ミホノセキチョウスゲウラ,島根県,松江市,美保関町菅浦
6901222,シマネケン,マツエシ,ミホノセキチョウチクミ,島根県,松江市,美保関町千酌
6901504,シマネケン,マツエシ,ミホノセキチョウフクウラ,島根県,松江市,美保関町福浦
6901501,シマネケン,マツエシ,ミホノセキチョウミホノセキ,島根県,松江市,美保関町美保関
6901505,シマネケン,マツエシ,ミホノセキチョウモリヤマ（コガネザキ）,島根県,松江市,美保関町森山（古金崎）
6901312,シマネケン,マツエシ,ミホノセキチョウモリヤマ（ソノタ）,島根県,松江市,美保関町森山（その他）
6901503,シマネケン,マツエシ,ミホノセキチョウモロクイ,島根県,松江市,美保関町諸喰
6900841,シマネケン,マツエシ,ムコウジマチョウ,島根県,松江市,向島町
6900014,シマネケン,マツエシ,ヤクモダイ,島根県,松江市,八雲台
6902104,シマネケン,マツエシ,ヤクモチョウクマノ,島根県,松江市,八雲町熊野
6902103,シマネケン,マツエシ,ヤクモチョウニシイワサカ,島根県,松江市,八雲町西岩坂
6902102,シマネケン,マツエシ,ヤクモチョウヒガシイワサカ,島根県,松江市,八雲町東岩坂
6902101,シマネケン,マツエシ,ヤクモチョウヒヨシ,島根県,松江市,八雲町日吉
6902105,シマネケン,マツエシ,ヤクモチョウヒラハラ,島根県,松江市,八雲町平原
6900021,シマネケン,マツエシ,ヤダチョウ,島根県,松江市,矢田町
6901401,シマネケン,マツエシ,ヤツカチョウエシマ,島根県,松江市,八束町江島
6901403,シマネケン,マツエシ,ヤツカチョウオソエ,島根県,松江市,八束町遅江
6901408,シマネケン,マツエシ,ヤツカチョウカメシリ,島根県,松江市,八束町亀尻
6901407,シマネケン,マツエシ,ヤツカチョウテラヅ,島根県,松江市,八束町寺津
6901405,シマネケン,マツエシ,ヤツカチョウニュウコウ,島根県,松江市,八束町入江
6901404,シマネケン,マツエシ,ヤツカチョウハニュウ,島根県,松江市,八束町波入
6901406,シマネケン,マツエシ,ヤツカチョウフタゴ,島根県,松江市,八束町二子
6901402,シマネケン,マツエシ,ヤツカチョウマワタシ,島根県,松江市,八束町馬渡
6900031,シマネケン,マツエシ,ヤマシロチョウ,島根県,松江市,山代町
6900025,シマネケン,マツエシ,ヤワタチョウ,島根県,松江市,八幡町
6900051,シマネケン,マツエシ,ヨコバマチョウ,島根県,松江市,横浜町
6900885,シマネケン,マツエシ,ヨナゴマチ,島根県,松江市,米子町
6900047,シマネケン,マツエシ,ヨメシマチョウ,島根県,松江市,嫁島町
6900005,シマネケン,マツエシ,ワダミチョウ,島根県,松江市,和多見町
6970000,シマネケン,ハマダシ,イカニケイサイガナイバアイ,島根県,浜田市,以下に掲載がない場合
6970034,シマネケン,ハマダシ,アイオイチョウ,島根県,浜田市,相生町
6970022,シマネケン,ハマダシ,アサイチョウ,島根県,浜田市,浅井町
6970514,シマネケン,ハマダシ,アサヒチョウイチギ,島根県,浜田市,旭町市木
6970425,シマネケン,ハマダシ,アサヒチョウイマイチ,島根県,浜田市,旭町今市
6970427,シマネケン,ハマダシ,アサヒチョウキタ,島根県,浜田市,旭町木田
6970512,シマネケン,ハマダシ,アサヒチョウキタオ,島根県,浜田市,旭町来尾
6970513,シマネケン,ハマダシ,アサヒチョウサカモト（ヤツギ）,島根県,浜田市,旭町坂本（八ツ木）
6970431,シマネケン,ハマダシ,アサヒチョウサカモト（ソノタ）,島根県,浜田市,旭町坂本（その他）
6970423,シマネケン,ハマダシ,アサヒチョウシゲトミ,島根県,浜田市,旭町重富
6970511,シマネケン,ハマダシ,アサヒチョウツカワ,島根県,浜田市,旭町都川
6970422,シマネケン,ハマダシ,アサヒチョウホンゴウ,島根県,浜田市,旭町本郷
6970426,シマネケン,ハマダシ,アサヒチョウマルバラ,島根県,浜田市,旭町丸原
6970421,シマネケン,ハマダシ,アサヒチョウヤマノウチ,島根県,浜田市,旭町山ノ内
6970424,シマネケン,ハマダシ,アサヒチョウワダ,島根県,浜田市,旭町和田
6970033,シマネケン,ハマダシ,アサヒマチ,島根県,浜田市,朝日町
6970062,シマネケン,ハマダシ,アツタチョウ,島根県,浜田市,熱田町
6971334,シマネケン,ハマダシ,イチイタバラチョウ,島根県,浜田市,櫟田原町
6971335,シマネケン,ハマダシ,イノチョウ,島根県,浜田市,井野町
6970032,シマネケン,ハマダシ,ウシイチチョウ,島根県,浜田市,牛市町
6970011,シマネケン,ハマダシ,ウシロノチョウ,島根県,浜田市,後野町
6970064,シマネケン,ハマダシ,ウチダチョウ（ヒャクマンキ）,島根県,浜田市,内田町（百万騎）
6971323,シマネケン,ハマダシ,ウチダチョウ（ソノタ）,島根県,浜田市,内田町（その他）
6970312,シマネケン,ハマダシ,ウツイチョウ,島根県,浜田市,宇津井町
6950102,シマネケン,ハマダシ,ウノチョウ,島根県,浜田市,宇野町
6970002,シマネケン,ハマダシ,ウブユチョウ,島根県,浜田市,生湯町
6970044,シマネケン,ハマダシ,エビスチョウ,島根県,浜田市,蛭子町
6950103,シマネケン,ハマダシ,オオガネチョウ,島根県,浜田市,大金町
6970053,シマネケン,ハマダシ,オオツジチョウ,島根県,浜田市,大辻町
6971338,シマネケン,ハマダシ,オリイチョウ,島根県,浜田市,折居町
6970061,シマネケン,ハマダシ,カサガラチョウ,島根県,浜田市,笠柄町
6970041,シマネケン,ハマダシ,カタニワチョウ,島根県,浜田市,片庭町
6970302,シマネケン,ハマダシ,カナギチョウイマフク,島根県,浜田市,金城町今福
6970305,シマネケン,ハマダシ,カナギチョウイリノ,島根県,浜田市,金城町入野
6970304,シマネケン,ハマダシ,カナギチョウウツイ,島根県,浜田市,金城町宇津井
6970301,シマネケン,ハマダシ,カナギチョウオイバラ,島根県,浜田市,金城町追原
6970213,シマネケン,ハマダシ,カナギチョウオグニ,島根県,浜田市,金城町小国
6970122,シマネケン,ハマダシ,カナギチョウカミクルバラ,島根県,浜田市,金城町上来原
6970303,シマネケン,ハマダシ,カナギチョウクザ,島根県,浜田市,金城町久佐
6970123,シマネケン,ハマダシ,カナギチョウシチジョウ,島根県,浜田市,金城町七条
6970121,シマネケン,ハマダシ,カナギチョウシモクルバラ,島根県,浜田市,金城町下来原
6970212,シマネケン,ハマダシ,カナギチョウナガタ,島根県,浜田市,金城町長田
6970211,シマネケン,ハマダシ,カナギチョウハザ,島根県,浜田市,金城町波佐
6970005,シマネケン,ハマダシ,カミコウチョウ,島根県,浜田市,上府町
6970045,シマネケン,ハマダシ,キョウマチ,島根県,浜田市,京町
6970004,シマネケン,ハマダシ,クシロチョウ,島根県,浜田市,久代町
6970024,シマネケン,ハマダシ,クロカワチョウ,島根県,浜田市,黒川町
6970007,シマネケン,ハマダシ,コウサチョウ,島根県,浜田市,高佐町
6970012,シマネケン,ハマダシ,コウチチョウ,島根県,浜田市,河内町
6970003,シマネケン,ハマダシ,コクブチョウ,島根県,浜田市,国分町
6970031,シマネケン,ハマダシ,コンヤマチ,島根県,浜田市,紺屋町
6970043,シマネケン,ハマダシ,サカエマチ,島根県,浜田市,栄町
6970311,シマネケン,ハマダシ,サノチョウ,島根県,浜田市,佐野町
6970013,シマネケン,ハマダシ,サンガイチョウ,島根県,浜田市,三階町
6970047,シマネケン,ハマダシ,シミズチョウ,島根県,浜田市,清水町
6950101,シマネケン,ハマダシ,シモアリフクチョウ,島根県,浜田市,下有福町
6970006,シマネケン,ハマダシ,シモコウチョウ,島根県,浜田市,下府町
6970046,シマネケン,ハマダシ,シンコウチョウ,島根県,浜田市,真光町
6970037,シマネケン,ハマダシ,シンマチ,島根県,浜田市,新町
6970035,シマネケン,ハマダシ,スギドチョウ,島根県,浜田市,杉戸町
6971321,シマネケン,ハマダシ,スフチョウ,島根県,浜田市,周布町
6970051,シマネケン,ハマダシ,セトガシマチョウ,島根県,浜田市,瀬戸ケ島町
6970057,シマネケン,ハマダシ,セトミチョウ,島根県,浜田市,瀬戸見町
6970054,シマネケン,ハマダシ,タカタチョウ,島根県,浜田市,高田町
6970015,シマネケン,ハマダシ,タケザコチョウ,島根県,浜田市,竹迫町
6971332,シマネケン,ハマダシ,タバセチョウ,島根県,浜田市,田橋町
6970026,シマネケン,ハマダシ,タマチ,島根県,浜田市,田町
6971326,シマネケン,ハマダシ,チワチョウ,島根県,浜田市,治和町
6971327,シマネケン,ハマダシ,ツマチョウ,島根県,浜田市,津摩町
6970036,シマネケン,ハマダシ,テンマチョウ,島根県,浜田市,天満町
6970001,シマネケン,ハマダシ,トノウラチョウ,島根県,浜田市,外ノ浦町
6970027,シマネケン,ハマダシ,トノマチ,島根県,浜田市,殿町
6970065,シマネケン,ハマダシ,ナイムラチョウ（ジュウモンジバラ）,島根県,浜田市,内村町（十文字原）
6971331,シマネケン,ハマダシ,ナイムラチョウ（ソノタ）,島根県,浜田市,内村町（その他）
6970023,シマネケン,ハマダシ,ナガサワチョウ,島根県,浜田市,長沢町
6970063,シマネケン,ハマダシ,ナガハマチョウ,島根県,浜田市,長浜町
6970014,シマネケン,ハマダシ,ナガミチョウ,島根県,浜田市,長見町
6971333,シマネケン,ハマダシ,ナベイシチョウ,島根県,浜田市,鍋石町
6970042,シマネケン,ハマダシ,ニシキマチ,島根県,浜田市,錦町
6971337,シマネケン,ハマダシ,ニシムラチョウ,島根県,浜田市,西村町
6970016,シマネケン,ハマダシ,ノバラチョウ,島根県,浜田市,野原町
6970017,シマネケン,ハマダシ,ハライチョウ,島根県,浜田市,原井町
6970056,シマネケン,ハマダシ,ハラチョウ,島根県,浜田市,原町
6971322,シマネケン,ハマダシ,ヒナシチョウ,島根県,浜田市,日脚町
6970025,シマネケン,ハマダシ,ビワマチ,島根県,浜田市,琵琶町
6971324,シマネケン,ハマダシ,ホノデチョウ,島根県,浜田市,穂出町
6970021,シマネケン,ハマダシ,マツバラチョウ,島根県,浜田市,松原町
6993302,シマネケン,ハマダシ,ミスミチョウアシダニ,島根県,浜田市,三隅町芦谷
6993215,シマネケン,ハマダシ,ミスミチョウイガワ,島根県,浜田市,三隅町井川
6993301,シマネケン,ハマダシ,ミスミチョウイノ,島根県,浜田市,三隅町井野
6993226,シマネケン,ハマダシ,ミスミチョウオカミ,島根県,浜田市,三隅町岡見
6993222,シマネケン,ハマダシ,ミスミチョウオリイ,島根県,浜田市,三隅町折居
6993216,シマネケン,ハマダシ,ミスミチョウカミコワ,島根県,浜田市,三隅町上古和
6993217,シマネケン,ハマダシ,ミスミチョウクロサワ,島根県,浜田市,三隅町黒沢
6993213,シマネケン,ハマダシ,ミスミチョウコウチ,島根県,浜田市,三隅町河内
6993223,シマネケン,ハマダシ,ミスミチョウサイゴウチ,島根県,浜田市,三隅町西河内
6993215,シマネケン,ハマダシ,ミスミチョウシモコワ,島根県,浜田市,三隅町下古和
6993221,シマネケン,ハマダシ,ミスミチョウヒガシヒラバラ,島根県,浜田市,三隅町東平原
6993225,シマネケン,ハマダシ,ミスミチョウフルイチバ,島根県,浜田市,三隅町古市場
6993211,シマネケン,ハマダシ,ミスミチョウミスミ,島根県,浜田市,三隅町三隅
6993224,シマネケン,ハマダシ,ミスミチョウミナトウラ,島根県,浜田市,三隅町湊浦
6993212,シマネケン,ハマダシ,ミスミチョウムカイノタ,島根県,浜田市,三隅町向野田
6993303,シマネケン,ハマダシ,ミスミチョウムロダニ,島根県,浜田市,三隅町室谷
6993214,シマネケン,ハマダシ,ミスミチョウヤバラ,島根県,浜田市,三隅町矢原
6970052,シマネケン,ハマダシ,ミナトマチ,島根県,浜田市,港町
6970055,シマネケン,ハマダシ,モトハマチョウ,島根県,浜田市,元浜町
6971215,シマネケン,ハマダシ,ヤサカチョウイナシロ,島根県,浜田市,弥栄町稲代
6971214,シマネケン,ハマダシ,ヤサカチョウオオツボ,島根県,浜田市,弥栄町大坪
6971202,シマネケン,ハマダシ,ヤサカチョウオサカ,島根県,浜田市,弥栄町小坂
6971204,シマネケン,ハマダシ,ヤサカチョウカドタ,島根県,浜田市,弥栄町門田
6971122,シマネケン,ハマダシ,ヤサカチョウキツカ,島根県,浜田市,弥栄町木都賀
6971203,シマネケン,ハマダシ,ヤサカチョウタカウチ,島根県,浜田市,弥栄町高内
6971123,シマネケン,ハマダシ,ヤサカチョウタノハラ,島根県,浜田市,弥栄町田野原
6971201,シマネケン,ハマダシ,ヤサカチョウトチギ,島根県,浜田市,弥栄町栃木
6971211,シマネケン,ハマダシ,ヤサカチョウナガヤスホンゴウ,島根県,浜田市,弥栄町長安本郷
6971121,シマネケン,ハマダシ,ヤサカチョウノサカ,島根県,浜田市,弥栄町野坂
6971213,シマネケン,ハマダシ,ヤサカチョウホドハラ,島根県,浜田市,弥栄町程原
6971212,シマネケン,ハマダシ,ヤサカチョウミサト,島根県,浜田市,弥栄町三里
6971336,シマネケン,ハマダシ,ヨコヤマチョウ,島根県,浜田市,横山町
6971325,シマネケン,ハマダシ,ヨシジチョウ,島根県,浜田市,吉地町
6930000,シマネケン,イズモシ,イカニケイサイガナイバアイ,島根県,出雲市,以下に掲載がない場合
6930213,シマネケン,イズモシ,アサヤマチョウ,島根県,出雲市,朝山町
6930035,シマネケン,イズモシ,アシワタチョウ,島根県,出雲市,芦渡町
6930044,シマネケン,イズモシ,アラカヤチョウ,島根県,出雲市,荒茅町
6930027,シマネケン,イズモシ,イダイミナミマチ,島根県,出雲市,医大南町
6930071,シマネケン,イズモシ,イナオカチョウ,島根県,出雲市,稲岡町
6910024,シマネケン,イズモシ,イノメチョウ,島根県,出雲市,猪目町
6930001,シマネケン,イズモシ,イマイチチョウ,島根県,出雲市,今市町
6930002,シマネケン,イズモシ,イマイチチョウキタホンマチ,島根県,出雲市,今市町北本町
6930003,シマネケン,イズモシ,イマイチチョウミナミホンマチ,島根県,出雲市,今市町南本町
6910042,シマネケン,イズモシ,ウップルイチョウ,島根県,出雲市,十六島町
6930105,シマネケン,イズモシ,ウナテチョウ,島根県,出雲市,宇那手町
6930007,シマネケン,イズモシ,エキキタマチ,島根県,出雲市,駅北町
6930008,シマネケン,イズモシ,エキミナミマチ,島根県,出雲市,駅南町
6930017,シマネケン,イズモシ,エダオオツチョウ,島根県,出雲市,枝大津町
6930056,シマネケン,イズモシ,エタチョウ,島根県,出雲市,江田町
6930023,シマネケン,イズモシ,エンヤアリハラチョウ,島根県,出雲市,塩冶有原町
6930024,シマネケン,イズモシ,エンヤカンマエ,島根県,出雲市,塩冶神前
6930028,シマネケン,イズモシ,エンヤゼンコウチョウ,島根県,出雲市,塩冶善行町
6930021,シマネケン,イズモシ,エンヤチョウ,島根県,出雲市,塩冶町
6930025,シマネケン,イズモシ,エンヤチョウミナミマチ,島根県,出雲市,塩冶町南町
6930026,シマネケン,イズモシ,エンヤハラマチ,島根県,出雲市,塩冶原町
6990821,シマネケン,イズモシ,オオジマチョウ,島根県,出雲市,大島町
6930015,シマネケン,イズモシ,オオツアサクラ,島根県,出雲市,大津朝倉
6930063,シマネケン,イズモシ,オオツカチョウ,島根県,出雲市,大塚町
6930012,シマネケン,イズモシ,オオツシンザキチョウ,島根県,出雲市,大津新崎町
6930011,シマネケン,イズモシ,オオツチョウ,島根県,出雲市,大津町
6910063,シマネケン,イズモシ,オカダチョウ,島根県,出雲市,岡田町
6930013,シマネケン,イズモシ,オギトチチョウ,島根県,出雲市,荻杼町
6910021,シマネケン,イズモシ,オクウガチョウ,島根県,出雲市,奥宇賀町
6930216,シマネケン,イズモシ,オッタチチョウ,島根県,出雲市,乙立町
6930051,シマネケン,イズモシ,オヤマチョウ,島根県,出雲市,小山町
6910043,シマネケン,イズモシ,カマウラチョウ,島根県,出雲市,釜浦町
6930022,シマネケン,イズモシ,カミエンヤチョウ,島根県,出雲市,上塩冶町
6910064,シマネケン,イズモシ,カミオカダチョウ,島根県,出雲市,上岡田町
6930101,シマネケン,イズモシ,カミシマチョウ,島根県,出雲市,上島町
6910023,シマネケン,イズモシ,カラカワチョウ,島根県,出雲市,唐川町
6910025,シマネケン,イズモシ,カワシモチョウ,島根県,出雲市,河下町
6930034,シマネケン,イズモシ,カンドチョウ,島根県,出雲市,神門町
6930072,シマネケン,イズモシ,クサカチョウ,島根県,出雲市,日下町
6910034,シマネケン,イズモシ,クタミチョウ,島根県,出雲市,久多見町
6910014,シマネケン,イズモシ,クチウガチョウ,島根県,出雲市,口宇賀町
6910011,シマネケン,イズモシ,クニドミチョウ,島根県,出雲市,国富町
6910052,シマネケン,イズモシ,コイヅチョウ,島根県,出雲市,小伊津町
6910074,シマネケン,イズモシ,コザカイチョウ,島根県,出雲市,小境町
6930031,シマネケン,イズモシ,コシチョウ,島根県,出雲市,古志町
6910041,シマネケン,イズモシ,コヅチョウ,島根県,出雲市,小津町
6990817,シマネケン,イズモシ,コリョウチョウイタヅ,島根県,出雲市,湖陵町板津
6990816,シマネケン,イズモシ,コリョウチョウオオイケ,島根県,出雲市,湖陵町大池
6990811,シマネケン,イズモシ,コリョウチョウサシウミ,島根県,出雲市,湖陵町差海
6990813,シマネケン,イズモシ,コリョウチョウサンブ,島根県,出雲市,湖陵町三部
6990814,シマネケン,イズモシ,コリョウチョウジョウラクジ,島根県,出雲市,湖陵町常楽寺
6990812,シマネケン,イズモシ,コリョウチョウニブ,島根県,出雲市,湖陵町二部
6990815,シマネケン,イズモシ,コリョウチョウハタムラ,島根県,出雲市,湖陵町畑村
6910015,シマネケン,イズモシ,サイゴウチョウ,島根県,出雲市,西郷町
6910051,シマネケン,イズモシ,サカウラチョウ,島根県,出雲市,坂浦町
6930501,シマネケン,イズモシ,サダチョウアザバラ,島根県,出雲市,佐田町朝原
6930504,シマネケン,イズモシ,サダチョウオオロ,島根県,出雲市,佐田町大呂
6930526,シマネケン,イズモシ,サダチョウカミハシナミ,島根県,出雲市,佐田町上橋波
6930521,シマネケン,イズモシ,サダチョウケヅ,島根県,出雲市,佐田町毛津
6930523,シマネケン,イズモシ,サダチョウサツメ,島根県,出雲市,佐田町佐津目
6930525,シマネケン,イズモシ,サダチョウシモハシナミ,島根県,出雲市,佐田町下橋波
6930503,シマネケン,イズモシ,サダチョウスサ,島根県,出雲市,佐田町須佐
6930524,シマネケン,イズモシ,サダチョウタカツヤ,島根県,出雲市,佐田町高津屋
6930506,シマネケン,イズモシ,サダチョウタンベ,島根県,出雲市,佐田町反辺
6930502,シマネケン,イズモシ,サダチョウハラダ,島根県,出雲市,佐田町原田
6930512,シマネケン,イズモシ,サダチョウヒガシムラ,島根県,出雲市,佐田町東村
6930522,シマネケン,イズモシ,サダチョウヒトクボタ,島根県,出雲市,佐田町一窪田
6930511,シマネケン,イズモシ,サダチョウヤワタバラ,島根県,出雲市,佐田町八幡原
6930505,シマネケン,イズモシ,サダチョウヨシノ,島根県,出雲市,佐田町吉野
6930064,シマネケン,イズモシ,サトカタチョウ,島根県,出雲市,里方町
6910044,シマネケン,イズモシ,シオツチョウ,島根県,出雲市,塩津町
6910004,シマネケン,イズモシ,シマムラチョウ,島根県,出雲市,島村町
6930032,シマネケン,イズモシ,シモコシチョウ,島根県,出雲市,下古志町
6930046,シマネケン,イズモシ,シモヨコチョウ,島根県,出雲市,下横町
6930006,シマネケン,イズモシ,シロエダチョウ,島根県,出雲市,白枝町
6990822,シマネケン,イズモシ,ジンザイオキチョウ,島根県,出雲市,神西沖町
6990825,シマネケン,イズモシ,ジンザイシンマチ,島根県,出雲市,神西新町
6930042,シマネケン,イズモシ,ソトゾノチョウ,島根県,出雲市,外園町
6910076,シマネケン,イズモシ,ソノチョウ,島根県,出雲市,園町
6990762,シマネケン,イズモシ,タイシャチョウウド,島根県,出雲市,大社町鵜峠
6990764,シマネケン,イズモシ,タイシャチョウウリュウ,島根県,出雲市,大社町宇龍
6990722,シマネケン,イズモシ,タイシャチョウキタアラキ,島根県,出雲市,大社町北荒木
6990702,シマネケン,イズモシ,タイシャチョウキヅキキタ,島根県,出雲市,大社町杵築北
6990751,シマネケン,イズモシ,タイシャチョウキヅキニシ,島根県,出雲市,大社町杵築西
6990701,シマネケン,イズモシ,タイシャチョウキヅキヒガシ,島根県,出雲市,大社町杵築東
6990711,シマネケン,イズモシ,タイシャチョウキヅキミナミ,島根県,出雲市,大社町杵築南
6990761,シマネケン,イズモシ,タイシャチョウサギウラ,島根県,出雲市,大社町鷺浦
6990721,シマネケン,イズモシ,タイシャチョウシュウリメン,島根県,出雲市,大社町修理免
6990741,シマネケン,イズモシ,タイシャチョウナカアラキ,島根県,出雲市,大社町中荒木
6990732,シマネケン,イズモシ,タイシャチョウニュウナン,島根県,出雲市,大社町入南
6990733,シマネケン,イズモシ,タイシャチョウヒシネ,島根県,出雲市,大社町菱根
6990763,シマネケン,イズモシ,タイシャチョウヒノミサキ,島根県,出雲市,大社町日御碕
6990731,シマネケン,イズモシ,タイシャチョウヨウカン,島根県,出雲市,大社町遙堪
6930066,シマネケン,イズモシ,タカオカチョウ,島根県,出雲市,高岡町
6930053,シマネケン,イズモシ,タカマツチョウ,島根県,出雲市,高松町
6990905,シマネケン,イズモシ,タキチョウオクタギ,島根県,出雲市,多伎町奥田儀
6990903,シマネケン,イズモシ,タキチョウオダ,島根県,出雲市,多伎町小田
6990906,シマネケン,イズモシ,タキチョウカンバラ,島根県,出雲市,多伎町神原
6990904,シマネケン,イズモシ,タキチョウクチタギ,島根県,出雲市,多伎町口田儀
6990901,シマネケン,イズモシ,タキチョウクムラ,島根県,出雲市,多伎町久村
6990902,シマネケン,イズモシ,タキチョウタキ,島根県,出雲市,多伎町多岐
6910062,シマネケン,イズモシ,タクダニチョウ,島根県,出雲市,多久谷町
6910061,シマネケン,イズモシ,タクチョウ,島根県,出雲市,多久町
6930014,シマネケン,イズモシ,タケシチョウ,島根県,出雲市,武志町
6930033,シマネケン,イズモシ,チイミヤチョウ,島根県,出雲市,知井宮町
6910071,シマネケン,イズモシ,チゴウチョウ,島根県,出雲市,地合町
6930029,シマネケン,イズモシ,ツキヤマシンマチ,島根県,出雲市,築山新町
6930057,シマネケン,イズモシ,ツネマツチョウ,島根県,出雲市,常松町
6930005,シマネケン,イズモシ,テンジンチョウ,島根県,出雲市,天神町
6910065,シマネケン,イズモシ,トウゴウチョウ,島根県,出雲市,東郷町
6910031,シマネケン,イズモシ,トウフクチョウ,島根県,出雲市,東福町
6930214,シマネケン,イズモシ,トコロハラチョウ,島根県,出雲市,所原町
6930062,シマネケン,イズモシ,ナカノチョウ,島根県,出雲市,中野町
6930081,シマネケン,イズモシ,ナカノミホキタ,島根県,出雲市,中野美保北
6930082,シマネケン,イズモシ,ナカノミホミナミ,島根県,出雲市,中野美保南
6930043,シマネケン,イズモシ,ナガハマチョウ,島根県,出雲市,長浜町
6910003,シマネケン,イズモシ,ナダブンチョウ,島根県,出雲市,灘分町
6990824,シマネケン,イズモシ,ニシジンザイチョウ,島根県,出雲市,西神西町
6930037,シマネケン,イズモシ,ニシシンマチ,島根県,出雲市,西新町
6930041,シマネケン,イズモシ,ニシゾノチョウ,島根県,出雲市,西園町
6910012,シマネケン,イズモシ,ニシダイチョウ,島根県,出雲市,西代町
6930102,シマネケン,イズモシ,ニシダニチョウ,島根県,出雲市,西谷町
6930073,シマネケン,イズモシ,ニシハヤシギチョウ,島根県,出雲市,西林木町
6910002,シマネケン,イズモシ,ニシヒラタチョウ,島根県,出雲市,西平田町
6910066,シマネケン,イズモシ,ノイシダニチョウ,島根県,出雲市,野石谷町
6910072,シマネケン,イズモシ,ノザトチョウ,島根県,出雲市,野郷町
6930103,シマネケン,イズモシ,ノジリチョウ,島根県,出雲市,野尻町
6930054,シマネケン,イズモシ,ハマチョウ,島根県,出雲市,浜町
6930104,シマネケン,イズモシ,ヒエバラチョウ,島根県,出雲市,稗原町
6990823,シマネケン,イズモシ,ヒガシジンザイチョウ,島根県,出雲市,東神西町
6930045,シマネケン,イズモシ,ヒガシゾノチョウ,島根県,出雲市,東園町
6930074,シマネケン,イズモシ,ヒガシハヤシギチョウ,島根県,出雲市,東林木町
6990615,シマネケン,イズモシ,ヒカワチョウアイカワ,島根県,出雲市,斐川町併川
6990611,シマネケン,イズモシ,ヒカワチョウアグ,島根県,出雲市,斐川町阿宮
6990644,シマネケン,イズモシ,ヒカワチョウイマザイケ,島根県,出雲市,斐川町今在家
6990551,シマネケン,イズモシ,ヒカワチョウオキノス,島根県,出雲市,斐川町沖洲
6990501,シマネケン,イズモシ,ヒカワチョウガクトウ,島根県,出雲市,斐川町学頭
6990505,シマネケン,イズモシ,ヒカワチョウカミショウバラ,島根県,出雲市,斐川町上庄原
6990624,シマネケン,イズモシ,ヒカワチョウカミナオエ,島根県,出雲市,斐川町上直江
6990503,シマネケン,イズモシ,ヒカワチョウカンバ,島根県,出雲市,斐川町神庭
6990613,シマネケン,イズモシ,ヒカワチョウカンピ,島根県,出雲市,斐川町神氷
6990614,シマネケン,イズモシ,ヒカワチョウグイ,島根県,出雲市,斐川町求院
6990553,シマネケン,イズモシ,ヒカワチョウクロメ,島根県,出雲市,斐川町黒目
6990555,シマネケン,イズモシ,ヒカワチョウサカダ,島根県,出雲市,斐川町坂田
6990554,シマネケン,イズモシ,ヒカワチョウサンブイチ,島根県,出雲市,斐川町三分市
6990612,シマネケン,イズモシ,ヒカワチョウシュッサイ,島根県,出雲市,斐川町出西
6990502,シマネケン,イズモシ,ヒカワチョウショウバラ,島根県,出雲市,斐川町荘原
6990621,シマネケン,イズモシ,ヒカワチョウトビムラ,島根県,出雲市,斐川町富村
6990623,シマネケン,イズモシ,ヒカワチョウトリイ,島根県,出雲市,斐川町鳥井
6990631,シマネケン,イズモシ,ヒカワチョウナオエ,島根県,出雲市,斐川町直江
6990552,シマネケン,イズモシ,ヒカワチョウナカノス,島根県,出雲市,斐川町中洲
6990622,シマネケン,イズモシ,ヒカワチョウナシマ,島根県,出雲市,斐川町名島
6990643,シマネケン,イズモシ,ヒカワチョウハラシカ,島根県,出雲市,斐川町原鹿
6990642,シマネケン,イズモシ,ヒカワチョウフクドミ,島根県,出雲市,斐川町福富
6990504,シマネケン,イズモシ,ヒカワチョウミツガネ,島根県,出雲市,斐川町三絡
6990641,シマネケン,イズモシ,ヒカワチョウミナミ,島根県,出雲市,斐川町美南
6930068,シマネケン,イズモシ,ヒメバラ（１−４チョウメ）,島根県,出雲市,姫原（１〜４丁目）
6930061,シマネケン,イズモシ,ヒメバラチョウ,島根県,出雲市,姫原町
6910001,シマネケン,イズモシ,ヒラタチョウ,島根県,出雲市,平田町
6930065,シマネケン,イズモシ,ヒラノチョウ,島根県,出雲市,平野町
6930106,シマネケン,イズモシ,フナツチョウ,島根県,出雲市,船津町
6930036,シマネケン,イズモシ,ヘイセイチョウ,島根県,出雲市,平成町
6910022,シマネケン,イズモシ,ベッシヨチョウ,島根県,出雲市,別所町
6910032,シマネケン,イズモシ,ホンジョウチョウ,島根県,出雲市,本庄町
6930211,シマネケン,イズモシ,マキキタマチ,島根県,出雲市,馬木北町
6930212,シマネケン,イズモシ,マキチョウ,島根県,出雲市,馬木町
6930052,シマネケン,イズモシ,マツヨリシモチョウ,島根県,出雲市,松寄下町
6910033,シマネケン,イズモシ,マンダチョウ,島根県,出雲市,万田町
6910013,シマネケン,イズモシ,ミダミチョウ,島根県,出雲市,美談町
6910053,シマネケン,イズモシ,ミツチョウ,島根県,出雲市,三津町
6910045,シマネケン,イズモシ,ミホチョウ,島根県,出雲市,美保町
6930215,シマネケン,イズモシ,ミミクチョウ,島根県,出雲市,見々久町
6930055,シマネケン,イズモシ,ヤシマチョウ,島根県,出雲市,八島町
6930058,シマネケン,イズモシ,ヤノチョウ,島根県,出雲市,矢野町
6930067,シマネケン,イズモシ,ヤビチョウ,島根県,出雲市,矢尾町
6910073,シマネケン,イズモシ,ヨシノチョウ,島根県,出雲市,美野町
6910075,シマネケン,イズモシ,ロクオンジチョウ,島根県,出雲市,鹿園寺町
6930004,シマネケン,イズモシ,ワタリハシチョウ,島根県,出雲市,渡橋町
6980000,シマネケン,マスダシ,イカニケイサイガナイバアイ,島根県,益田市,以下に掲載がない場合
6993672,シマネケン,マスダシ,アカガリチョウ,島根県,益田市,赤雁町
6980034,シマネケン,マスダシ,アカギチョウ,島根県,益田市,赤城町
6980027,シマネケン,マスダシ,アケボノヒガシマチ,島根県,益田市,あけぼの東町
6980025,シマネケン,マスダシ,アケボノニシマチ,島根県,益田市,あけぼの西町
6980026,シマネケン,マスダシ,アケボノホンマチ,島根県,益田市,あけぼの本町
6982253,シマネケン,マスダシ,アサカチョウ,島根県,益田市,愛栄町
6980022,シマネケン,マスダシ,アリアケチョウ,島根県,益田市,有明町
6993765,シマネケン,マスダシ,アリタチョウ,島根県,益田市,有田町
6980037,シマネケン,マスダシ,イイダチョウ,島根県,益田市,飯田町
6993761,シマネケン,マスダシ,イイノウラチョウ,島根県,益田市,飯浦町
6982142,シマネケン,マスダシ,イチハラチョウ,島根県,益田市,市原町
6995123,シマネケン,マスダシ,イノキダニチョウ,島根県,益田市,猪木谷町
6980014,シマネケン,マスダシ,イワクラチョウ,島根県,益田市,岩倉町
6980051,シマネケン,マスダシ,ウチダチョウ（イワミクウコウ）,島根県,益田市,内田町（石見空港）
6982143,シマネケン,マスダシ,ウチダチョウ（ソノタ）,島根県,益田市,内田町（その他）
6980413,シマネケン,マスダシ,ウマダニチョウ,島根県,益田市,馬谷町
6995127,シマネケン,マスダシ,ウメツキチョウ,島根県,益田市,梅月町
6980024,シマネケン,マスダシ,エキマエチョウ,島根県,益田市,駅前町
6993674,シマネケン,マスダシ,オオクサチョウ,島根県,益田市,大草町
6980012,シマネケン,マスダシ,オオタニチョウ,島根県,益田市,大谷町
6993675,シマネケン,マスダシ,オトコチョウ,島根県,益田市,乙子町
6980003,シマネケン,マスダシ,オトヨシチョウ,島根県,益田市,乙吉町
6982252,シマネケン,マスダシ,カシバラチョウ,島根県,益田市,柏原町
6982254,シマネケン,マスダシ,カツラヒラチョウ,島根県,益田市,桂平町
6993501,シマネケン,マスダシ,カネヤマチョウ,島根県,益田市,金山町
6982255,シマネケン,マスダシ,カミクロダニチョウ,島根県,益田市,上黒谷町
6980045,シマネケン,マスダシ,カモシマキタマチ,島根県,益田市,かもしま北町
6980047,シマネケン,マスダシ,カモシマニシマチ,島根県,益田市,かもしま西町
6980046,シマネケン,マスダシ,カモシマヒガシマチ,島根県,益田市,かもしま東町
6982145,シマネケン,マスダシ,カワノボリチョウ,島根県,益田市,川登町
6995133,シマネケン,マスダシ,カンダチョウ,島根県,益田市,神田町
6993764,シマネケン,マスダシ,キアミチョウ,島根県,益田市,喜阿弥町
6993502,シマネケン,マスダシ,キベチョウ,島根県,益田市,木部町
6980013,シマネケン,マスダシ,ククモチョウ,島根県,益田市,久々茂町
6980001,シマネケン,マスダシ,クシロチョウ,島根県,益田市,久城町
6982251,シマネケン,マスダシ,クロスチョウ,島根県,益田市,黒周町
6993762,シマネケン,マスダシ,コハマチョウ,島根県,益田市,小浜町
6980021,シマネケン,マスダシ,サイワイチョウ,島根県,益田市,幸町
6980035,シマネケン,マスダシ,サカエマチ,島根県,益田市,栄町
6993503,シマネケン,マスダシ,シモタネチョウ,島根県,益田市,下種町
6980414,シマネケン,マスダシ,シモハダチョウ,島根県,益田市,下波田町
6980002,シマネケン,マスダシ,シモホンゴウチョウ,島根県,益田市,下本郷町
6980007,シマネケン,マスダシ,ショウワチョウ,島根県,益田市,昭和町
6995125,シマネケン,マスダシ,シライワチョウ,島根県,益田市,白岩町
6982141,シマネケン,マスダシ,シラカミチョウ,島根県,益田市,白上町
6980036,シマネケン,マスダシ,スコチョウ,島根県,益田市,須子町
6995124,シマネケン,マスダシ,ススキバラチョウ,島根県,益田市,薄原町
6995126,シマネケン,マスダシ,スミムラチョウ,島根県,益田市,隅村町
6980011,シマネケン,マスダシ,ソメバチョウ,島根県,益田市,染羽町
6980041,シマネケン,マスダシ,タカツ,島根県,益田市,高津
6980041,シマネケン,マスダシ,タカツチョウ,島根県,益田市,高津町
6980031,シマネケン,マスダシ,タダチョウ,島根県,益田市,多田町
6993504,シマネケン,マスダシ,タネムラチョウ,島根県,益田市,種村町
6993671,シマネケン,マスダシ,ツダチョウ,島根県,益田市,津田町
6993505,シマネケン,マスダシ,ツチダチョウ,島根県,益田市,土田町
6980016,シマネケン,マスダシ,ドイチョウ,島根県,益田市,土井町
6993676,シマネケン,マスダシ,トウダチョウ,島根県,益田市,遠田町
6980023,シマネケン,マスダシ,トキワチョウ,島根県,益田市,常盤町
6993763,シマネケン,マスダシ,トダチョウ,島根県,益田市,戸田町
6980015,シマネケン,マスダシ,トチヤマチョウ,島根県,益田市,栃山町
6982146,シマネケン,マスダシ,ナカガウチチョウ,島根県,益田市,中垣内町
6980044,シマネケン,マスダシ,ナカズチョウ,島根県,益田市,中須町
6980043,シマネケン,マスダシ,ナカノシマチョウ,島根県,益田市,中島町
6980042,シマネケン,マスダシ,ナカヨシダチョウ,島根県,益田市,中吉田町
6980412,シマネケン,マスダシ,ナガサワチョウ,島根県,益田市,長沢町
6980017,シマネケン,マスダシ,ナナオチョウ,島根県,益田市,七尾町
6993506,シマネケン,マスダシ,ニシヒラバラチョウ,島根県,益田市,西平原町
6980411,シマネケン,マスダシ,ハダチョウ,島根県,益田市,波田町
6980004,シマネケン,マスダシ,ヒガシマチ,島根県,益田市,東町
6981223,シマネケン,マスダシ,ヒキミチョウイシタニ,島根県,益田市,匹見町石谷
6981213,シマネケン,マスダシ,ヒキミチョウオチアイ,島根県,益田市,匹見町落合
6981212,シマネケン,マスダシ,ヒキミチョウシソ,島根県,益田市,匹見町紙祖
6981221,シマネケン,マスダシ,ヒキミチョウスミカワ,島根県,益田市,匹見町澄川
6981211,シマネケン,マスダシ,ヒキミチョウヒキミ,島根県,益田市,匹見町匹見
6981222,シマネケン,マスダシ,ヒキミチョウヒロセ,島根県,益田市,匹見町広瀬
6981201,シマネケン,マスダシ,ヒキミチョウミチカワ,島根県,益田市,匹見町道川
6995121,シマネケン,マスダシ,ヒダリガヤマチョウ,島根県,益田市,左ケ山町
6995122,シマネケン,マスダシ,ホンマタガチョウ,島根県,益田市,本俣賀町
6980005,シマネケン,マスダシ,ホンマチ,島根県,益田市,本町
6980032,シマネケン,マスダシ,ミズワケチョウ,島根県,益田市,水分町
6980213,シマネケン,マスダシ,ミトチョウアサクラ,島根県,益田市,美都町朝倉
6980201,シマネケン,マスダシ,ミトチョウイタイガワ,島根県,益田市,美都町板井川
6980202,シマネケン,マスダシ,ミトチョウウヅカワ,島根県,益田市,美都町宇津川
6980206,シマネケン,マスダシ,ミトチョウクバラ,島根県,益田市,美都町久原
6980211,シマネケン,マスダシ,ミトチョウコバラ,島根県,益田市,美都町小原
6980214,シマネケン,マスダシ,ミトチョウササクラ,島根県,益田市,美都町笹倉
6980212,シマネケン,マスダシ,ミトチョウセンドウ,島根県,益田市,美都町仙道
6980203,シマネケン,マスダシ,ミトチョウツモ,島根県,益田市,美都町都茂
6980207,シマネケン,マスダシ,ミトチョウマルモ,島根県,益田市,美都町丸茂
6980205,シマネケン,マスダシ,ミトチョウミタニ,島根県,益田市,美都町三谷
6980204,シマネケン,マスダシ,ミトチョウヤマモト,島根県,益田市,美都町山本
6993766,シマネケン,マスダシ,ミノジチョウ,島根県,益田市,美濃地町
6980006,シマネケン,マスダシ,ミヤケチョウ,島根県,益田市,三宅町
6995134,シマネケン,マスダシ,ムカイヨコタチョウ,島根県,益田市,向横田町
6982144,シマネケン,マスダシ,ムソウチョウ,島根県,益田市,虫追町
6980033,シマネケン,マスダシ,モトマチ,島根県,益田市,元町
6995131,シマネケン,マスダシ,ヤスドミチョウ,島根県,益田市,安富町
6993673,シマネケン,マスダシ,ヤマオリチョウ,島根県,益田市,山折町
6995132,シマネケン,マスダシ,ヨコタチョウ,島根県,益田市,横田町
6940000,シマネケン,オオダシ,イカニケイサイガナイバアイ,島根県,大田市,以下に掲載がない場合
6992213,シマネケン,オオダシ,アサヤマチョウアサクラ,島根県,大田市,朝山町朝倉
6992212,シマネケン,オオダシ,アサヤマチョウセンヤマ,島根県,大田市,朝山町仙山
6940035,シマネケン,オオダシ,イソタケチョウ,島根県,大田市,五十猛町
6940433,シマネケン,オオダシ,オオシロチョウオオエ,島根県,大田市,大代町大家
6940432,シマネケン,オオダシ,オオシロチョウニイヤ,島根県,大田市,大代町新屋
6940064,シマネケン,オオダシ,オオダチョウオオダ,島根県,大田市,大田町大田
6940062,シマネケン,オオダシ,オオダチョウノジロ,島根県,大田市,大田町野城
6940063,シマネケン,オオダシ,オオダチョウヨシナガ,島根県,大田市,大田町吉永
6940305,シマネケン,オオダシ,オオモリチョウ,島根県,大田市,大森町
6940033,シマネケン,オオダシ,オオヤチョウオオグニ,島根県,大田市,大屋町大国
6940034,シマネケン,オオダシ,オオヤチョウオオヤ,島根県,大田市,大屋町大屋
6940032,シマネケン,オオダシ,オオヤチョウオニムラ,島根県,大田市,大屋町鬼村
6940012,シマネケン,オオダシ,カワイチョウオシハラ,島根県,大田市,川合町忍原
6940011,シマネケン,オオダシ,カワイチョウカワイ,島根県,大田市,川合町川合
6940013,シマネケン,オオダシ,カワイチョウヨシナガ,島根県,大田市,川合町吉永
6940052,シマネケン,オオダシ,クテチョウサツカ,島根県,大田市,久手町刺鹿
6940051,シマネケン,オオダシ,クテチョウハネニシ,島根県,大田市,久手町波根西
6940022,シマネケン,オオダシ,クリチョウイチハラ,島根県,大田市,久利町市原
6940024,シマネケン,オオダシ,クリチョウクリ,島根県,大田市,久利町久利
6940023,シマネケン,オオダシ,クリチョウサマ,島根県,大田市,久利町佐摩
6940025,シマネケン,オオダシ,クリチョウマツシロ,島根県,大田市,久利町松代
6940021,シマネケン,オオダシ,クリチョウユキツネ,島根県,大田市,久利町行恒
6940223,シマネケン,オオダシ,サンベチョウイケダ,島根県,大田市,三瓶町池田
6940221,シマネケン,オオダシ,サンベチョウウヤマ,島根県,大田市,三瓶町上山
6940224,シマネケン,オオダシ,サンベチョウコヤハラ,島根県,大田市,三瓶町小屋原
6940222,シマネケン,オオダシ,サンベチョウシガク,島根県,大田市,三瓶町志学
6940003,シマネケン,オオダシ,サンベチョウタネ,島根県,大田市,三瓶町多根
6940004,シマネケン,オオダシ,サンベチョウノジロ,島根県,大田市,三瓶町野城
6940031,シマネケン,オオダシ,シズマチョウ,島根県,大田市,静間町
6940431,シマネケン,オオダシ,ソジキチョウ,島根県,大田市,祖式町
6992214,シマネケン,オオダシ,トミヤマチョウカンバラ,島根県,大田市,富山町神原
6992215,シマネケン,オオダシ,トミヤマチョウサイザカ,島根県,大田市,富山町才坂
6940061,シマネケン,オオダシ,トミヤマチョウヤマナカ（オシガト）,島根県,大田市,富山町山中（押ケ峠）
6992216,シマネケン,オオダシ,トミヤマチョウヤマナカ（ソノタ）,島根県,大田市,富山町山中（その他）
6940054,シマネケン,オオダシ,トリイチョウトリイ,島根県,大田市,鳥井町鳥井
6940053,シマネケン,オオダシ,トリイチョウトリゴエ,島根県,大田市,鳥井町鳥越
6940042,シマネケン,オオダシ,ナガヒサチョウイナモチ,島根県,大田市,長久町稲用
6940044,シマネケン,オオダシ,ナガヒサチョウツチエ,島根県,大田市,長久町土江
6940041,シマネケン,オオダシ,ナガヒサチョウナガヒサ,島根県,大田市,長久町長久
6940043,シマネケン,オオダシ,ナガヒサチョウノブサト,島根県,大田市,長久町延里
6992305,シマネケン,オオダシ,ニマチョウアマゴウチ,島根県,大田市,仁摩町天河内
6992303,シマネケン,オオダシ,ニマチョウオオグニ,島根県,大田市,仁摩町大国
6992302,シマネケン,オオダシ,ニマチョウタクノ,島根県,大田市,仁摩町宅野
6992301,シマネケン,オオダシ,ニマチョウニマ,島根県,大田市,仁摩町仁万
6992304,シマネケン,オオダシ,ニマチョウマジ,島根県,大田市,仁摩町馬路
6992211,シマネケン,オオダシ,ハネチョウ,島根県,大田市,波根町
6940301,シマネケン,オオダシ,ミナカミチョウオギハラ,島根県,大田市,水上町荻原
6940303,シマネケン,オオダシ,ミナカミチョウシロツキ,島根県,大田市,水上町白坏
6940302,シマネケン,オオダシ,ミナカミチョウフクハラ,島根県,大田市,水上町福原
6940304,シマネケン,オオダシ,ミナカミチョウミクス,島根県,大田市,水上町三久須
6940001,シマネケン,オオダシ,ヤマグチチョウサツメ,島根県,大田市,山口町佐津目
6940002,シマネケン,オオダシ,ヤマグチチョウヤマグチ,島根県,大田市,山口町山口
6992507,シマネケン,オオダシ,ユノツチョウイダ,島根県,大田市,温泉津町井田
6992515,シマネケン,オオダシ,ユノツチョウイマウラ,島根県,大田市,温泉津町今浦
6992505,シマネケン,オオダシ,ユノツチョウオオタ,島根県,大田市,温泉津町太田
6992504,シマネケン,オオダシ,ユノツチョウオギムラ,島根県,大田市,温泉津町荻村
6992513,シマネケン,オオダシ,ユノツチョウカミムラ,島根県,大田市,温泉津町上村
6992511,シマネケン,オオダシ,ユノツチョウコハマ,島根県,大田市,温泉津町小浜
6992503,シマネケン,オオダシ,ユノツチョウニシタ,島根県,大田市,温泉津町西田
6992512,シマネケン,オオダシ,ユノツチョウハンバラ,島根県,大田市,温泉津町飯原
6992506,シマネケン,オオダシ,ユノツチョウフクダ,島根県,大田市,温泉津町福田
6992514,シマネケン,オオダシ,ユノツチョウフクミツ,島根県,大田市,温泉津町福光
6992502,シマネケン,オオダシ,ユノツチョウユサト,島根県,大田市,温泉津町湯里
6992501,シマネケン,オオダシ,ユノツチョウユノツ,島根県,大田市,温泉津町温泉津
6992516,シマネケン,オオダシ,ユノツチョウヨシウラ,島根県,大田市,温泉津町吉浦
6920000,シマネケン,ヤスギシ,イカニケイサイガナイバアイ,島根県,安来市,以下に掲載がない場合
6920001,シマネケン,ヤスギシ,アカエチョウ,島根県,安来市,赤江町
6920052,シマネケン,ヤスギシ,アカサキチョウ,島根県,安来市,赤崎町
6920007,シマネケン,ヤスギシ,アラシマチョウ,島根県,安来市,荒島町
6920066,シマネケン,ヤスギシ,イイナシチョウ,島根県,安来市,飯梨町
6920055,シマネケン,ヤスギシ,イナリチョウ,島根県,安来市,飯生町
6920015,シマネケン,ヤスギシ,イマヅチョウ,島根県,安来市,今津町
6920065,シマネケン,ヤスギシ,イワフネチョウ,島根県,安来市,岩舟町
6920063,シマネケン,ヤスギシ,ウエダチョウ,島根県,安来市,植田町
6920034,シマネケン,ヤスギシ,ウカショウチョウ,島根県,安来市,宇賀荘町
6920057,シマネケン,ヤスギシ,エノシマチョウ,島根県,安来市,恵乃島町
6920042,シマネケン,ヤスギシ,オオツカチョウ,島根県,安来市,大塚町
6920046,シマネケン,ヤスギシ,オリサカチョウ,島根県,安来市,折坂町
6920045,シマネケン,ヤスギシ,カキダニチョウ,島根県,安来市,柿谷町
6920027,シマネケン,ヤスギシ,カドウチョウ,島根県,安来市,門生町
6920002,シマネケン,ヤスギシ,カミサカダチョウ,島根県,安来市,上坂田町
6920043,シマネケン,ヤスギシ,カミヨシダチョウ,島根県,安来市,上吉田町
6920071,シマネケン,ヤスギシ,カメシマチョウ,島根県,安来市,亀島町
6920075,シマネケン,ヤスギシ,カンバチョウ,島根県,安来市,神庭町
6920026,シマネケン,ヤスギシ,キサチョウ,島根県,安来市,吉佐町
6920056,シマネケン,ヤスギシ,キヨイチョウ,島根県,安来市,清井町
6920035,シマネケン,ヤスギシ,キヨセチョウ,島根県,安来市,清瀬町
6920033,シマネケン,ヤスギシ,キヨミズチョウ,島根県,安来市,清水町
6920051,シマネケン,ヤスギシ,キレカワチョウ,島根県,安来市,切川町
6920004,シマネケン,ヤスギシ,クジラチョウ,島根県,安来市,久白町
6920032,シマネケン,ヤスギシ,クノウチョウ,島根県,安来市,九重町
6920023,シマネケン,ヤスギシ,クロイダチョウ,島根県,安来市,黒井田町
6920031,シマネケン,ヤスギシ,サクボチョウ,島根県,安来市,佐久保町
6920062,シマネケン,ヤスギシ,サネマツチョウ,島根県,安来市,実松町
6920053,シマネケン,ヤスギシ,サワチョウ,島根県,安来市,沢町
6920028,シマネケン,ヤスギシ,シオデガオカ,島根県,安来市,汐手が丘
6920024,シマネケン,ヤスギシ,シマタチョウ,島根県,安来市,島田町
6920017,シマネケン,ヤスギシ,シモサカダチョウ,島根県,安来市,下坂田町
6920044,シマネケン,ヤスギシ,シモヨシダチョウ,島根県,安来市,下吉田町
6920021,シマネケン,ヤスギシ,シントカミチョウ,島根県,安来市,新十神町
6920047,シマネケン,ヤスギシ,ソウダチョウ,島根県,安来市,早田町
6920067,シマネケン,ヤスギシ,タヨリチョウ,島根県,安来市,田頼町
6920013,シマネケン,ヤスギシ,ツキザカチョウ,島根県,安来市,月坂町
6920054,シマネケン,ヤスギシ,トシヒロチョウ,島根県,安来市,利弘町
6920041,シマネケン,ヤスギシ,トリギチョウ,島根県,安来市,鳥木町
6920074,シマネケン,ヤスギシ,ナカウミチョウ,島根県,安来市,中海町
6920061,シマネケン,ヤスギシ,ナカヅチョウ,島根県,安来市,中津町
6920003,シマネケン,ヤスギシ,ニシアカエチョウ,島根県,安来市,西赤江町
6920006,シマネケン,ヤスギシ,ニシアラシマチョウ,島根県,安来市,西荒島町
6920058,シマネケン,ヤスギシ,ニシエノシマチョウ,島根県,安来市,西恵乃島町
6920077,シマネケン,ヤスギシ,ニシマツイチョウ,島根県,安来市,西松井町
6920036,シマネケン,ヤスギシ,ノカタチョウ,島根県,安来市,野方町
6920072,シマネケン,ヤスギシ,ノキチョウ,島根県,安来市,能義町
6920321,シマネケン,ヤスギシ,ハクタチョウアカヤ,島根県,安来市,伯太町赤屋
6920213,シマネケン,ヤスギシ,ハクタチョウイジリ,島根県,安来市,伯太町井尻
6920322,シマネケン,ヤスギシ,ハクタチョウカミオダケ,島根県,安来市,伯太町上小竹
6920325,シマネケン,ヤスギシ,ハクタチョウカミジュウネンバタ,島根県,安来市,伯太町上十年畑
6920324,シマネケン,ヤスギシ,ハクタチョウクサノ,島根県,安来市,伯太町草野
6920323,シマネケン,ヤスギシ,ハクタチョウシモオダケ,島根県,安来市,伯太町下小竹
6920326,シマネケン,ヤスギシ,ハクタチョウシモジュウネンバタ,島根県,安来市,伯太町下十年畑
6920214,シマネケン,ヤスギシ,ハクタチョウスヤマフクドメ,島根県,安来市,伯太町須山福冨
6920215,シマネケン,ヤスギシ,ハクタチョウタカエスンジ,島根県,安来市,伯太町高江寸次
6920218,シマネケン,ヤスギシ,ハクタチョウタワノウチ,島根県,安来市,伯太町峠之内
6920212,シマネケン,ヤスギシ,ハクタチョウニシモリ,島根県,安来市,伯太町西母里
6920207,シマネケン,ヤスギシ,ハクタチョウヒガシモリ,島根県,安来市,伯太町東母里
6920216,シマネケン,ヤスギシ,ハクタチョウヒナミ,島根県,安来市,伯太町日次
6920203,シマネケン,ヤスギシ,ハクタチョウホノカ,島根県,安来市,伯太町未明
6920211,シマネケン,ヤスギシ,ハクタチョウモリ,島根県,安来市,伯太町母里
6920206,シマネケン,ヤスギシ,ハクタチョウヤスダ,島根県,安来市,伯太町安田
6920202,シマネケン,ヤスギシ,ハクタチョウヤスダセキ,島根県,安来市,伯太町安田関
6920205,シマネケン,ヤスギシ,ハクタチョウヤスダナカ,島根県,安来市,伯太町安田中
6920204,シマネケン,ヤスギシ,ハクタチョウヤスダミヤウチ,島根県,安来市,伯太町安田宮内
6920201,シマネケン,ヤスギシ,ハクタチョウヤスダヤマガタ,島根県,安来市,伯太町安田山形
6920217,シマネケン,ヤスギシ,ハクタチョウヨコヤ,島根県,安来市,伯太町横屋
6920014,シマネケン,ヤスギシ,ハシマチョウ,島根県,安来市,飯島町
6920016,シマネケン,ヤスギシ,ヒガシアカエチョウ,島根県,安来市,東赤江町
6920005,シマネケン,ヤスギシ,ヒジラチョウ,島根県,安来市,日白町
6920401,シマネケン,ヤスギシ,ヒロセチョウイシハラ,島根県,安来市,広瀬町石原
6920622,シマネケン,ヤスギシ,ヒロセチョウウナミ,島根県,安来市,広瀬町宇波
6920625,シマネケン,ヤスギシ,ヒロセチョウオクタワラ,島根県,安来市,広瀬町奥田原
6920405,シマネケン,ヤスギシ,ヒロセチョウオジダニ,島根県,安来市,広瀬町祖父谷
6920732,シマネケン,ヤスギシ,ヒロセチョウカジフクドメ,島根県,安来市,広瀬町梶福留
6920413,シマネケン,ヤスギシ,ヒロセチョウカミヤマサ,島根県,安来市,広瀬町上山佐
6920412,シマネケン,ヤスギシ,ヒロセチョウシモヤマサ,島根県,安来市,広瀬町下山佐
6920411,シマネケン,ヤスギシ,ヒロセチョウスガハラ（シモタワラ）,島根県,安来市,広瀬町菅原（下田原）
6920621,シマネケン,ヤスギシ,ヒロセチョウスガハラ（ソノタ）,島根県,安来市,広瀬町菅原（その他）
6920403,シマネケン,ヤスギシ,ヒロセチョウトダ,島根県,安来市,広瀬町富田
6920624,シマネケン,ヤスギシ,ヒロセチョウニシダニ,島根県,安来市,広瀬町西谷
6920731,シマネケン,ヤスギシ,ヒロセチョウニシヒダ,島根県,安来市,広瀬町西比田
6920733,シマネケン,ヤスギシ,ヒロセチョウヒガシヒダ,島根県,安来市,広瀬町東比田
6920404,シマネケン,ヤスギシ,ヒロセチョウヒロセ,島根県,安来市,広瀬町広瀬
6920623,シマネケン,ヤスギシ,ヒロセチョウフベ,島根県,安来市,広瀬町布部
6920402,シマネケン,ヤスギシ,ヒロセチョウマチチョウ,島根県,安来市,広瀬町町帳
6920064,シマネケン,ヤスギシ,フルカワチョウ,島根県,安来市,古川町
6920025,シマネケン,ヤスギシ,ホヒジマチョウ,島根県,安来市,穂日島町
6920022,シマネケン,ヤスギシ,ミナミトカミチョウ,島根県,安来市,南十神町
6920012,シマネケン,ヤスギシ,ミヤウチチョウ,島根県,安来市,宮内町
6920011,シマネケン,ヤスギシ,ヤスギチョウ,島根県,安来市,安来町
6920073,シマネケン,ヤスギシ,ヤタチョウ,島根県,安来市,矢田町
6920037,シマネケン,ヤスギシ,ヨシオカチョウ,島根県,安来市,吉岡町
6950000,シマネケン,ゴウツシ,イカニケイサイガナイバアイ,島根県,江津市,以下に掲載がない場合
6950002,シマネケン,ゴウツシ,アサリチョウ,島根県,江津市,浅利町
6950152,シマネケン,ゴウツシ,アトイチチョウ,島根県,江津市,跡市町
6950156,シマネケン,ゴウツシ,アリフクオンセンチョウ,島根県,江津市,有福温泉町
6950155,シマネケン,ゴウツシ,アリフクオンセンチョウホンミョウ,島根県,江津市,有福温泉町本明
6950154,シマネケン,ゴウツシ,イソウチョウ,島根県,江津市,井沢町
6992841,シマネケン,ゴウツシ,ウシロジチョウ,島根県,江津市,後地町
6993162,シマネケン,ゴウツシ,ウヤガワチョウ,島根県,江津市,敬川町
6950016,シマネケン,ゴウツシ,カクシチョウ,島根県,江津市,嘉久志町
6950012,シマネケン,ゴウツシ,カネタチョウ,島根県,江津市,金田町
6950014,シマネケン,ゴウツシ,カワヒラチョウヒラタ,島根県,江津市,川平町平田
6950013,シマネケン,ゴウツシ,カワヒラチョウミナミカワノボリ,島根県,江津市,川平町南川上
6992831,シマネケン,ゴウツシ,クロマツチョウ,島根県,江津市,黒松町
6950011,シマネケン,ゴウツシ,ゴウツチョウ,島根県,江津市,江津町
6994221,シマネケン,ゴウツシ,サクラエチョウイチヤマ,島根県,江津市,桜江町市山
6994222,シマネケン,ゴウツシ,サクラエチョウイマダ,島根県,江津市,桜江町今田
6994223,シマネケン,ゴウツシ,サクラエチョウウシロヤマ,島根県,江津市,桜江町後山
6994224,シマネケン,ゴウツシ,サクラエチョウエノオ,島根県,江津市,桜江町江尾
6994504,シマネケン,ゴウツシ,サクラエチョウオオヌキ,島根県,江津市,桜江町大貫
6994225,シマネケン,ゴウツシ,サクラエチョウオダ,島根県,江津市,桜江町小田
6994502,シマネケン,ゴウツシ,サクラエチョウカワゴエ,島根県,江津市,桜江町川越
6994226,シマネケン,ゴウツシ,サクラエチョウカワド,島根県,江津市,桜江町川戸
6994505,シマネケン,ゴウツシ,サクラエチョウサカモト,島根県,江津市,桜江町坂本
6994501,シマネケン,ゴウツシ,サクラエチョウシカガ,島根県,江津市,桜江町鹿賀
6994503,シマネケン,ゴウツシ,サクラエチョウタヅ,島根県,江津市,桜江町田津
6994111,シマネケン,ゴウツシ,サクラエチョウタニジュウゴウ,島根県,江津市,桜江町谷住郷
6994431,シマネケン,ゴウツシ,サクラエチョウナガタニ,島根県,江津市,桜江町長谷
6994432,シマネケン,ゴウツシ,サクラエチョウヤト,島根県,江津市,桜江町八戸
6950015,シマネケン,ゴウツシ,シマノホシチョウ,島根県,江津市,島の星町
6950153,シマネケン,ゴウツシ,セイミチョウ,島根県,江津市,清見町
6950151,シマネケン,ゴウツシ,チダチョウ,島根県,江津市,千田町
6992842,シマネケン,ゴウツシ,ツチチョウ,島根県,江津市,都治町
6950021,シマネケン,ゴウツシ,ツノヅチョウ,島根県,江津市,都野津町
6950023,シマネケン,ゴウツシ,ニノミヤチョウカムラ,島根県,江津市,二宮町神村
6950024,シマネケン,ゴウツシ,ニノミヤチョウカンヌシ,島根県,江津市,二宮町神主
6950022,シマネケン,ゴウツシ,ニノミヤチョウハシロ,島根県,江津市,二宮町羽代
6993161,シマネケン,ゴウツシ,ハシチョウ,島根県,江津市,波子町
6992833,シマネケン,ゴウツシ,ハヅミチョウホンゴウ,島根県,江津市,波積町本郷
6992834,シマネケン,ゴウツシ,ハヅミチョウミナミ,島根県,江津市,波積町南
6992832,シマネケン,ゴウツシ,ハヅミチョウキタ,島根県,江津市,波積町北
6950004,シマネケン,ゴウツシ,マツカワチョウイチムラ,島根県,江津市,松川町市村
6950007,シマネケン,ゴウツシ,マツカワチョウオオタ,島根県,江津市,松川町太田
6992837,シマネケン,ゴウツシ,マツカワチョウカミカワド,島根県,江津市,松川町上河戸
6950003,シマネケン,ゴウツシ,マツカワチョウシモカワド,島根県,江津市,松川町下河戸
6992835,シマネケン,ゴウツシ,マツカワチョウカンヅイ,島根県,江津市,松川町上津井
6950005,シマネケン,ゴウツシ,マツカワチョウナガラ,島根県,江津市,松川町長良
6992836,シマネケン,ゴウツシ,マツカワチョウハタダ,島根県,江津市,松川町畑田
6950006,シマネケン,ゴウツシ,マツカワチョウヤカミ,島根県,江津市,松川町八神
6950017,シマネケン,ゴウツシ,ワキチョウ,島根県,江津市,和木町
6950001,シマネケン,ゴウツシ,ワタヅチョウ,島根県,江津市,渡津町
6902400,シマネケン,ウンナンシ,イカニケイサイガナイバアイ,島根県,雲南市,以下に掲載がない場合
6902704,シマネケン,ウンナンシ,カケヤチョウアナミ,島根県,雲南市,掛合町穴見
6902702,シマネケン,ウンナンシ,カケヤチョウイルマ,島根県,雲南市,掛合町入間
6902701,シマネケン,ウンナンシ,カケヤチョウカケヤ,島根県,雲南市,掛合町掛合
6902706,シマネケン,ウンナンシ,カケヤチョウタネ,島根県,雲南市,掛合町多根
6902703,シマネケン,ウンナンシ,カケヤチョウハタ,島根県,雲南市,掛合町波多
6902705,シマネケン,ウンナンシ,カケヤチョウマツカサ,島根県,雲南市,掛合町松笠
6991114,シマネケン,ウンナンシ,カモチョウイノオ,島根県,雲南市,加茂町猪尾
6991115,シマネケン,ウンナンシ,カモチョウイワクラ,島根県,雲南市,加茂町岩倉
6991105,シマネケン,ウンナンシ,カモチョウウジ,島根県,雲南市,加茂町宇治
6991125,シマネケン,ウンナンシ,カモチョウオオサキ,島根県,雲南市,加茂町大崎
6991123,シマネケン,ウンナンシ,カモチョウオオタケ,島根県,雲南市,加茂町大竹
6991106,シマネケン,ウンナンシ,カモチョウカモナカ,島根県,雲南市,加茂町加茂中
6991121,シマネケン,ウンナンシ,カモチョウカンバラ,島根県,雲南市,加茂町神原
6991112,シマネケン,ウンナンシ,カモチョウシングウ,島根県,雲南市,加茂町新宮
6991111,シマネケン,ウンナンシ,カモチョウスナゴハラ,島根県,雲南市,加茂町砂子原
6991101,シマネケン,ウンナンシ,カモチョウダイサイ,島根県,雲南市,加茂町大西
6991102,シマネケン,ウンナンシ,カモチョウタチバラ,島根県,雲南市,加茂町立原
6991103,シマネケン,ウンナンシ,カモチョウチカマツ,島根県,雲南市,加茂町近松
6991124,シマネケン,ウンナンシ,カモチョウノブノ,島根県,雲南市,加茂町延野
6991113,シマネケン,ウンナンシ,カモチョウヒガシダニ,島根県,雲南市,加茂町東谷
6991122,シマネケン,ウンナンシ,カモチョウミジロ,島根県,雲南市,加茂町三代
6991104,シマネケン,ウンナンシ,カモチョウミナミガモ,島根県,雲南市,加茂町南加茂
6991321,シマネケン,ウンナンシ,キスキチョウウダニ,島根県,雲南市,木次町宇谷
6991331,シマネケン,ウンナンシ,キスキチョウカミクマタニ,島根県,雲南市,木次町上熊谷
6991332,シマネケン,ウンナンシ,キスキチョウキスキ,島根県,雲南市,木次町木次
6991401,シマネケン,ウンナンシ,キスキチョウキタハラ（オジロ）,島根県,雲南市,木次町北原（尾白）
6991341,シマネケン,ウンナンシ,キスキチョウキタハラ（ソノタ）,島根県,雲南市,木次町北原（その他）
6991311,シマネケン,ウンナンシ,キスキチョウサトガタ,島根県,雲南市,木次町里方
6991333,シマネケン,ウンナンシ,キスキチョウシモクマタニ,島根県,雲南市,木次町下熊谷
6991322,シマネケン,ウンナンシ,キスキチョウジリョウ,島根県,雲南市,木次町寺領
6991334,シマネケン,ウンナンシ,キスキチョウシンイチ,島根県,雲南市,木次町新市
6991324,シマネケン,ウンナンシ,キスキチョウニシヒノボリ,島根県,雲南市,木次町西日登
6991323,シマネケン,ウンナンシ,キスキチョウヒガシヒノボリ,島根県,雲南市,木次町東日登
6991342,シマネケン,ウンナンシ,キスキチョウヒラタ,島根県,雲南市,木次町平田
6991312,シマネケン,ウンナンシ,キスキチョウヤマガタ,島根県,雲南市,木次町山方
6991343,シマネケン,ウンナンシ,キスキチョウユムラ,島根県,雲南市,木次町湯村
6991221,シマネケン,ウンナンシ,ダイトウチョウイイダ,島根県,雲南市,大東町飯田
6991231,シマネケン,ウンナンシ,ダイトウチョウエンジョ,島根県,雲南市,大東町遠所
6991213,シマネケン,ウンナンシ,ダイトウチョウオオカダニ,島根県,雲南市,大東町大ケ谷
6991221,シマネケン,ウンナンシ,ダイトウチョウオカムラ,島根県,雲南市,大東町岡村
6991201,シマネケン,ウンナンシ,ダイトウチョウオガワウチ,島根県,雲南市,大東町小河内
6991261,シマネケン,ウンナンシ,ダイトウチョウカネナリ,島根県,雲南市,大東町金成
6991211,シマネケン,ウンナンシ,ダイトウチョウカミクノ,島根県,雲南市,大東町上久野
6991214,シマネケン,ウンナンシ,ダイトウチョウカミサセ,島根県,雲南市,大東町上佐世
6991202,シマネケン,ウンナンシ,ダイトウチョウカリハタ,島根県,雲南市,大東町刈畑
6991222,シマネケン,ウンナンシ,ダイトウチョウカワイ,島根県,雲南市,大東町川井
6991203,シマネケン,ウンナンシ,ダイトウチョウキタムラ,島根県,雲南市,大東町北村
6991204,シマネケン,ウンナンシ,ダイトウチョウコモザワ,島根県,雲南市,大東町薦澤
6991241,シマネケン,ウンナンシ,ダイトウチョウサンノウジ,島根県,雲南市,大東町山王寺
6991262,シマネケン,ウンナンシ,ダイトウチョウシオタ,島根県,雲南市,大東町塩田
6991263,シマネケン,ウンナンシ,ダイトウチョウシノブチ,島根県,雲南市,大東町篠淵
6991223,シマネケン,ウンナンシ,ダイトウチョウシモアヨウ,島根県,雲南市,大東町下阿用
6991212,シマネケン,ウンナンシ,ダイトウチョウシモクノ,島根県,雲南市,大東町下久野
6991215,シマネケン,ウンナンシ,ダイトウチョウシモサセ,島根県,雲南市,大東町下佐世
6991251,シマネケン,ウンナンシ,ダイトウチョウシンジョウ,島根県,雲南市,大東町新庄
6991205,シマネケン,ウンナンシ,ダイトウチョウスガ,島根県,雲南市,大東町須賀
6991264,シマネケン,ウンナンシ,ダイトウチョウセイダ,島根県,雲南市,大東町清田
6991251,シマネケン,ウンナンシ,ダイトウチョウダイトウ,島根県,雲南市,大東町大東
6991242,シマネケン,ウンナンシ,ダイトウチョウダイトウシモブン,島根県,雲南市,大東町大東下分
6991252,シマネケン,ウンナンシ,ダイトウチョウタナカ,島根県,雲南市,大東町田中
6991253,シマネケン,ウンナンシ,ダイトウチョウナカユイシ,島根県,雲南市,大東町中湯石
6991216,シマネケン,ウンナンシ,ダイトウチョウニシアヨウ,島根県,雲南市,大東町西阿用
6991232,シマネケン,ウンナンシ,ダイトウチョウニンナジ,島根県,雲南市,大東町仁和寺
6991243,シマネケン,ウンナンシ,ダイトウチョウハタヒヨドリ,島根県,雲南市,大東町畑鵯
6991233,シマネケン,ウンナンシ,ダイトウチョウハタヤ,島根県,雲南市,大東町幡屋
6991224,シマネケン,ウンナンシ,ダイトウチョウヒガシアヨウ,島根県,雲南市,大東町東阿用
6991234,シマネケン,ウンナンシ,ダイトウチョウマエバラ,島根県,雲南市,大東町前原
6991206,シマネケン,ウンナンシ,ダイトウチョウミナミムラ,島根県,雲南市,大東町南村
6991244,シマネケン,ウンナンシ,ダイトウチョウヤマダ,島根県,雲南市,大東町山田
6991245,シマネケン,ウンナンシ,ダイトウチョウヨウカ,島根県,雲南市,大東町養賀
6902513,シマネケン,ウンナンシ,ミトヤチョウアワダニ,島根県,雲南市,三刀屋町粟谷
6902401,シマネケン,ウンナンシ,ミトヤチョウイガヤ,島根県,雲南市,三刀屋町伊萱
6902634,シマネケン,ウンナンシ,ミトヤチョウオツカミヤ,島根県,雲南市,三刀屋町乙加宮
6902511,シマネケン,ウンナンシ,ミトヤチョウカミクマタニ,島根県,雲南市,三刀屋町上熊谷
6902402,シマネケン,ウンナンシ,ミトヤチョウキュウシタ,島根県,雲南市,三刀屋町給下
6902521,シマネケン,ウンナンシ,ミトヤチョウコウジロ,島根県,雲南市,三刀屋町神代
6902405,シマネケン,ウンナンシ,ミトヤチョウコジョウ,島根県,雲南市,三刀屋町古城
6902525,シマネケン,ウンナンシ,ミトヤチョウサカモト（モリダニ）,島根県,雲南市,三刀屋町坂本（森谷）
6902625,シマネケン,ウンナンシ,ミトヤチョウサカモト（ソノタ）,島根県,雲南市,三刀屋町坂本（その他）
6902632,シマネケン,ウンナンシ,ミトヤチョウサトボウ,島根県,雲南市,三刀屋町里坊
6902403,シマネケン,ウンナンシ,ミトヤチョウシモクマタニ,島根県,雲南市,三刀屋町下熊谷
6902524,シマネケン,ウンナンシ,ミトヤチョウスゾ,島根県,雲南市,三刀屋町須所
6902406,シマネケン,ウンナンシ,ミトヤチョウタカクボ,島根県,雲南市,三刀屋町高窪
6902512,シマネケン,ウンナンシ,ミトヤチョウタクワ,島根県,雲南市,三刀屋町多久和
6902633,シマネケン,ウンナンシ,ミトヤチョウトノゴウチ,島根県,雲南市,三刀屋町殿河内
6902523,シマネケン,ウンナンシ,ミトヤチョウナカノ,島根県,雲南市,三刀屋町中野
6902631,シマネケン,ウンナンシ,ミトヤチョウネバベッシヨ,島根県,雲南市,三刀屋町根波別所
6902404,シマネケン,ウンナンシ,ミトヤチョウミトヤ,島根県,雲南市,三刀屋町三刀屋
6902522,シマネケン,ウンナンシ,ミトヤチョウムエ,島根県,雲南市,三刀屋町六重
6902311,シマネケン,ウンナンシ,ヨシダチョウウエヤマ,島根県,雲南市,吉田町上山
6902314,シマネケン,ウンナンシ,ヨシダチョウカワテ,島根県,雲南市,吉田町川手
6902312,シマネケン,ウンナンシ,ヨシダチョウソギ,島根県,雲南市,吉田町曽木
6902313,シマネケン,ウンナンシ,ヨシダチョウフカノ,島根県,雲南市,吉田町深野
6902802,シマネケン,ウンナンシ,ヨシダチョウミンダニ,島根県,雲南市,吉田町民谷
6902801,シマネケン,ウンナンシ,ヨシダチョウヨシダ,島根県,雲南市,吉田町吉田
6991500,シマネケン,ニタグンオクイズモチョウ,イカニケイサイガナイバアイ,島根県,仁多郡奥出雲町,以下に掲載がない場合
6991821,シマネケン,ニタグンオクイズモチョウ,イナハラ,島根県,仁多郡奥出雲町,稲原
6991812,シマネケン,ニタグンオクイズモチョウ,オオタニ,島根県,仁多郡奥出雲町,大谷
6991941,シマネケン,ニタグンオクイズモチョウ,オオマキ,島根県,仁多郡奥出雲町,大馬木
6991802,シマネケン,ニタグンオクイズモチョウ,オオロ,島根県,仁多郡奥出雲町,大呂
6991621,シマネケン,ニタグンオクイズモチョウ,カミアイ,島根県,仁多郡奥出雲町,上阿井
6991431,シマネケン,ニタグンオクイズモチョウ,カミミトコロ,島根県,仁多郡奥出雲町,上三所
6991701,シマネケン,ニタグンオクイズモチョウ,カメダケ,島根県,仁多郡奥出雲町,亀嵩
6991515,シマネケン,ニタグンオクイズモチョウ,カモクラ,島根県,仁多郡奥出雲町,鴨倉
6991514,シマネケン,ニタグンオクイズモチョウ,カワチ,島根県,仁多郡奥出雲町,河内
6991702,シマネケン,ニタグンオクイズモチョウ,コオリ,島根県,仁多郡奥出雲町,郡
6991942,シマネケン,ニタグンオクイズモチョウ,コマキ,島根県,仁多郡奥出雲町,小馬木
6991434,シマネケン,ニタグンオクイズモチョウ,サジロ,島根県,仁多郡奥出雲町,佐白
6991517,シマネケン,ニタグンオクイズモチョウ,シモアイ（ウネジ）,島根県,仁多郡奥出雲町,下阿井（宇根路）
6991622,シマネケン,ニタグンオクイズモチョウ,シモアイ（ソノタ）,島根県,仁多郡奥出雲町,下阿井（その他）
6991822,シマネケン,ニタグンオクイズモチョウ,シモヨコタ,島根県,仁多郡奥出雲町,下横田
6991512,シマネケン,ニタグンオクイズモチョウ,タカオ,島根県,仁多郡奥出雲町,高尾
6991703,シマネケン,ニタグンオクイズモチョウ,タカタ,島根県,仁多郡奥出雲町,高田
6991801,シマネケン,ニタグンオクイズモチョウ,タケザキ,島根県,仁多郡奥出雲町,竹崎
6991831,シマネケン,ニタグンオクイズモチョウ,ナカムラ,島根県,仁多郡奥出雲町,中村
6991432,シマネケン,ニタグンオクイズモチョウ,マバセ,島根県,仁多郡奥出雲町,馬馳
6991513,シマネケン,ニタグンオクイズモチョウ,ミザワ,島根県,仁多郡奥出雲町,三沢
6991516,シマネケン,ニタグンオクイズモチョウ,ミトコロ,島根県,仁多郡奥出雲町,三所
6991511,シマネケン,ニタグンオクイズモチョウ,ミナリ,島根県,仁多郡奥出雲町,三成
6991811,シマネケン,ニタグンオクイズモチョウ,ヤカワ,島根県,仁多郡奥出雲町,八川
6991433,シマネケン,ニタグンオクイズモチョウ,ヤシロ,島根県,仁多郡奥出雲町,八代
6991832,シマネケン,ニタグンオクイズモチョウ,ヨコタ,島根県,仁多郡奥出雲町,横田
6903200,シマネケン,イイシグンイイナンチョウ,イカニケイサイガナイバアイ,島根県,飯石郡飯南町,以下に掲載がない場合
6903511,シマネケン,イイシグンイイナンチョウ,アカナ,島根県,飯石郡飯南町,赤名
6903514,シマネケン,イイシグンイイナンチョウ,イドダニ,島根県,飯石郡飯南町,井戸谷
6903403,シマネケン,イイシグンイイナンチョウ,オダ,島根県,飯石郡飯南町,小田
6903512,シマネケン,イイシグンイイナンチョウ,カミアカナ,島根県,飯石郡飯南町,上赤名
6903405,シマネケン,イイシグンイイナンチョウ,カミキジマ,島根県,飯石郡飯南町,上来島
6903204,シマネケン,イイシグンイイナンチョウ,サミ,島根県,飯石郡飯南町,佐見
6903515,シマネケン,イイシグンイイナンチョウ,シオダニ,島根県,飯石郡飯南町,塩谷
6903311,シマネケン,イイシグンイイナンチョウ,シシ,島根県,飯石郡飯南町,獅子
6903313,シマネケン,イイシグンイイナンチョウ,シツミ,島根県,飯石郡飯南町,志津見
6903513,シマネケン,イイシグンイイナンチョウ,シモアカナ,島根県,飯石郡飯南町,下赤名
6903402,シマネケン,イイシグンイイナンチョウ,シモキジマ,島根県,飯石郡飯南町,下来島
6903203,シマネケン,イイシグンイイナンチョウ,ツガカ,島根県,飯石郡飯南町,都加賀
6903314,シマネケン,イイシグンイイナンチョウ,ツノイ,島根県,飯石郡飯南町,角井
6903207,シマネケン,イイシグンイイナンチョウ,トンバラ,島根県,飯石郡飯南町,頓原
6903205,シマネケン,イイシグンイイナンチョウ,ナガタニ,島根県,飯石郡飯南町,長谷
6903401,シマネケン,イイシグンイイナンチョウ,ノガヤ,島根県,飯石郡飯南町,野萱
6903312,シマネケン,イイシグンイイナンチョウ,ハカミ,島根県,飯石郡飯南町,八神
6903516,シマネケン,イイシグンイイナンチョウ,ハタタ,島根県,飯石郡飯南町,畑田
6903206,シマネケン,イイシグンイイナンチョウ,ハナグリ,島根県,飯石郡飯南町,花栗
6903404,シマネケン,イイシグンイイナンチョウ,マキ,島根県,飯石郡飯南町,真木
6960000,シマネケン,オオチグンカワモトマチ,イカニケイサイガナイバアイ,島根県,邑智郡川本町,以下に掲載がない場合
6960003,シマネケン,オオチグンカワモトマチ,インバラ,島根県,邑智郡川本町,因原
6960011,シマネケン,オオチグンカワモトマチ,カワウチ,島根県,邑智郡川本町,川内
6960004,シマネケン,オオチグンカワモトマチ,カワクダリ,島根県,邑智郡川本町,川下
6960001,シマネケン,オオチグンカワモトマチ,カワモト,島根県,邑智郡川本町,川本
6961221,シマネケン,オオチグンカワモトマチ,キタサキ,島根県,邑智郡川本町,北佐木
6960006,シマネケン,オオチグンカワモトマチ,クザニ,島根県,邑智郡川本町,久座仁
6960012,シマネケン,オオチグンカワモトマチ,コタニ,島根県,邑智郡川本町,小谷
6961226,シマネケン,オオチグンカワモトマチ,タクボ,島根県,邑智郡川本町,田窪
6960007,シマネケン,オオチグンカワモトマチ,タタ,島根県,邑智郡川本町,多田
6960005,シマネケン,オオチグンカワモトマチ,タンド,島根県,邑智郡川本町,谷戸
6960002,シマネケン,オオチグンカワモトマチ,ツガユキ,島根県,邑智郡川本町,都賀行
6960013,シマネケン,オオチグンカワモトマチ,マノハラ,島根県,邑智郡川本町,馬野原
6961225,シマネケン,オオチグンカワモトマチ,ミナミサキ,島根県,邑智郡川本町,南佐木
6961224,シマネケン,オオチグンカワモトマチ,ミハラ,島根県,邑智郡川本町,三原
6961223,シマネケン,オオチグンカワモトマチ,ミマタ,島根県,邑智郡川本町,三俣
6961222,シマネケン,オオチグンカワモトマチ,ユダニ,島根県,邑智郡川本町,湯谷
6994600,シマネケン,オオチグンミサトチョウ,イカニケイサイガナイバアイ,島根県,邑智郡美郷町,以下に掲載がない場合
6994624,シマネケン,オオチグンミサトチョウ,アカツカ,島根県,邑智郡美郷町,明塚
6994627,シマネケン,オオチグンミサトチョウ,アゴウ,島根県,邑智郡美郷町,吾郷
6994715,シマネケン,オオチグンミサトチョウ,イシハラ,島根県,邑智郡美郷町,石原
6960701,シマネケン,オオチグンミサトチョウ,ウシオムラ,島根県,邑智郡美郷町,潮村
6961136,シマネケン,オオチグンミサトチョウ,ウチダ,島根県,邑智郡美郷町,内田
6994631,シマネケン,オオチグンミサトチョウ,オクヤマ,島根県,邑智郡美郷町,奥山
6994626,シマネケン,オオチグンミサトチョウ,オンバラ,島根県,邑智郡美郷町,乙原
6994621,シマネケン,オオチグンミサトチョウ,カスブチ,島根県,邑智郡美郷町,粕渕
6994714,シマネケン,オオチグンミサトチョウ,カタヤマ,島根県,邑智郡美郷町,片山
6961137,シマネケン,オオチグンミサトチョウ,カタラガイ,島根県,邑智郡美郷町,櫨谷
6994702,シマネケン,オオチグンミサトチョウ,カミカワド,島根県,邑智郡美郷町,上川戸
6960702,シマネケン,オオチグンミサトチョウ,カミノ,島根県,邑智郡美郷町,上野
6994707,シマネケン,オオチグンミサトチョウ,カメムラ,島根県,邑智郡美郷町,亀村
6961141,シマネケン,オオチグンミサトチョウ,キョランバラ,島根県,邑智郡美郷町,京覧原
6961142,シマネケン,オオチグンミサトチョウ,クキバラ,島根県,邑智郡美郷町,久喜原
6994622,シマネケン,オオチグンミサトチョウ,クボ,島根県,邑智郡美郷町,久保
6994703,シマネケン,オオチグンミサトチョウ,クマミ,島根県,邑智郡美郷町,熊見
6994712,シマネケン,オオチグンミサトチョウ,ココノカイチ,島根県,邑智郡美郷町,九日市
6961144,シマネケン,オオチグンミサトチョウ,コタニ,島根県,邑智郡美郷町,小谷
6961133,シマネケン,オオチグンミサトチョウ,コバヤシ,島根県,邑智郡美郷町,小林
6961135,シマネケン,オオチグンミサトチョウ,コマツジ,島根県,邑智郡美郷町,小松地
6994713,シマネケン,オオチグンミサトチョウ,サケダニ,島根県,邑智郡美郷町,酒谷
6994704,シマネケン,オオチグンミサトチョウ,シキ,島根県,邑智郡美郷町,信喜
6961132,シマネケン,オオチグンミサトチョウ,シギミ,島根県,邑智郡美郷町,志君
6961143,シマネケン,オオチグンミサトチョウ,ジトウショ,島根県,邑智郡美郷町,地頭所
6961134,シマネケン,オオチグンミサトチョウ,ソウモリ,島根県,邑智郡美郷町,惣森
6994632,シマネケン,オオチグンミサトチョウ,タカハタ,島根県,邑智郡美郷町,高畑
6994605,シマネケン,オオチグンミサトチョウ,タカヤマ,島根県,邑智郡美郷町,高山
6994706,シマネケン,オオチグンミサトチョウ,タキバラ,島根県,邑智郡美郷町,滝原
6994711,シマネケン,オオチグンミサトチョウ,チハラ,島根県,邑智郡美郷町,千原
6960703,シマネケン,オオチグンミサトチョウ,ツガニシ,島根県,邑智郡美郷町,都賀西
6960704,シマネケン,オオチグンミサトチョウ,ツガホンゴウ,島根県,邑智郡美郷町,都賀本郷
6960705,シマネケン,オオチグンミサトチョウ,ツガユキ,島根県,邑智郡美郷町,都賀行
6960706,シマネケン,オオチグンミサトチョウ,ナガトウ,島根県,邑智郡美郷町,長藤
6994623,シマネケン,オオチグンミサトチョウ,ノイ,島根県,邑智郡美郷町,野井
6994701,シマネケン,オオチグンミサトチョウ,ハマハラ,島根県,邑智郡美郷町,浜原
6960712,シマネケン,オオチグンミサトチョウ,ヒジキ,島根県,邑智郡美郷町,比敷
6961131,シマネケン,オオチグンミサトチョウ,ベップ,島根県,邑智郡美郷町,別府
6961145,シマネケン,オオチグンミサトチョウ,ミナト,島根県,邑智郡美郷町,港
6960711,シマネケン,オオチグンミサトチョウ,ミヤウチ,島根県,邑智郡美郷町,宮内
6960713,シマネケン,オオチグンミサトチョウ,ムラノゴウ,島根県,邑智郡美郷町,村之郷
6994625,シマネケン,オオチグンミサトチョウ,ヤナゼ,島根県,邑智郡美郷町,簗瀬
6994633,シマネケン,オオチグンミサトチョウ,ユガカイ,島根県,邑智郡美郷町,湯抱
6960100,シマネケン,オオチグンオオナンチョウ,イカニケイサイガナイバアイ,島根県,邑智郡邑南町,以下に掲載がない場合
6960501,シマネケン,オオチグンオオナンチョウ,アスナ,島根県,邑智郡邑南町,阿須那
6960312,シマネケン,オオチグンオオナンチョウ,イズハ,島根県,邑智郡邑南町,出羽
6970631,シマネケン,オオチグンオオナンチョウ,イチギ,島根県,邑智郡邑南町,市木
6960101,シマネケン,オオチグンオオナンチョウ,イバラ,島根県,邑智郡邑南町,井原
6960504,シマネケン,オオチグンオオナンチョウ,イマイ,島根県,邑智郡邑南町,今井
6960314,シマネケン,オオチグンオオナンチョウ,イワヤ,島根県,邑智郡邑南町,岩屋
6960601,シマネケン,オオチグンオオナンチョウ,ウエダ,島根県,邑智郡邑南町,上田
6960503,シマネケン,オオチグンオオナンチョウ,ウヅイ,島根県,邑智郡邑南町,宇都井
6960315,シマネケン,オオチグンオオナンチョウ,オオバヤシ,島根県,邑智郡邑南町,大林
6960224,シマネケン,オオチグンオオナンチョウ,カミカメダニ,島根県,邑智郡邑南町,上亀谷
6960602,シマネケン,オオチグンオオナンチョウ,カミクチバ,島根県,邑智郡邑南町,上口羽
6960225,シマネケン,オオチグンオオナンチョウ,カミタドコロ,島根県,邑智郡邑南町,上田所
6960405,シマネケン,オオチグンオオナンチョウ,カミハラ,島根県,邑智郡邑南町,上原
6960502,シマネケン,オオチグンオオナンチョウ,キズタ,島根県,邑智郡邑南町,木須田
6960316,シマネケン,オオチグンオオナンチョウ,クキ,島根県,邑智郡邑南町,久喜
6960131,シマネケン,オオチグンオオナンチョウ,コウズイ,島根県,邑智郡邑南町,高水
6960223,シマネケン,オオチグンオオナンチョウ,シモカメダニ,島根県,邑智郡邑南町,下亀谷
6960603,シマネケン,オオチグンオオナンチョウ,シモクチバ,島根県,邑智郡邑南町,下口羽
6960222,シマネケン,オオチグンオオナンチョウ,シモタドコロ,島根県,邑智郡邑南町,下田所
6960406,シマネケン,オオチグンオオナンチョウ,タカミ,島根県,邑智郡邑南町,高見
6960505,シマネケン,オオチグンオオナンチョウ,トガウチ,島根県,邑智郡邑南町,戸河内
6960102,シマネケン,オオチグンオオナンチョウ,ナカノ,島根県,邑智郡邑南町,中野
6960404,シマネケン,オオチグンオオナンチョウ,ハラムラ,島根県,邑智郡邑南町,原村
6994311,シマネケン,オオチグンオオナンチョウ,ヒヌイ,島根県,邑智郡邑南町,日貫
6960104,シマネケン,オオチグンオオナンチョウ,ヒワ,島根県,邑智郡邑南町,日和
6960402,シマネケン,オオチグンオオナンチョウ,フシタニ,島根県,邑智郡邑南町,伏谷
6960401,シマネケン,オオチグンオオナンチョウ,フセ,島根県,邑智郡邑南町,布施
6960221,シマネケン,オオチグンオオナンチョウ,マスブチ,島根県,邑智郡邑南町,鱒渕
6960311,シマネケン,オオチグンオオナンチョウ,ミッカイチ,島根県,邑智郡邑南町,三日市
6960407,シマネケン,オオチグンオオナンチョウ,ヤイロイシ,島根県,邑智郡邑南町,八色石
6960103,シマネケン,オオチグンオオナンチョウ,ヤカミ,島根県,邑智郡邑南町,矢上
6960313,シマネケン,オオチグンオオナンチョウ,ヤマダ,島根県,邑智郡邑南町,山田
6960506,シマネケン,オオチグンオオナンチョウ,ユキタ,島根県,邑智郡邑南町,雪田
6960317,シマネケン,オオチグンオオナンチョウ,ヨドハラ,島根県,邑智郡邑南町,淀原
6960403,シマネケン,オオチグンオオナンチョウ,ワダ,島根県,邑智郡邑南町,和田
6995600,シマネケン,カノアシグンツワノチョウ,イカニケイサイガナイバアイ,島根県,鹿足郡津和野町,以下に掲載がない場合
6995211,シマネケン,カノアシグンツワノチョウ,アオハラ,島根県,鹿足郡津和野町,青原
6995201,シマネケン,カノアシグンツワノチョウ,アキンド（９２９−１１１７、１３４３−１７３４バンチ）,島根県,鹿足郡津和野町,商人（９２９〜１１１７、１３４３〜１７３４番地）
6995601,シマネケン,カノアシグンツワノチョウ,アキンド（ソノタ）,島根県,鹿足郡津和野町,商人（その他）
6995216,シマネケン,カノアシグンツワノチョウ,イケムラ,島根県,鹿足郡津和野町,池村
6995605,シマネケン,カノアシグンツワノチョウ,ウシロダ,島根県,鹿足郡津和野町,後田
6995212,シマネケン,カノアシグンツワノチョウ,カワムラ,島根県,鹿足郡津和野町,河村
6995607,シマネケン,カノアシグンツワノチョウ,コウダ,島根県,鹿足郡津和野町,耕田
6995603,シマネケン,カノアシグンツワノチョウ,ササヤマ,島根県,鹿足郡津和野町,笹山
6995202,シマネケン,カノアシグンツワノチョウ,サブミ,島根県,鹿足郡津和野町,左鐙
6995204,シマネケン,カノアシグンツワノチョウ,スガワ,島根県,鹿足郡津和野町,須川
6995203,シマネケン,カノアシグンツワノチョウ,スモウガハラ,島根県,鹿足郡津和野町,相撲ケ原
6995213,シマネケン,カノアシグンツワノチョウ,ソエダニ,島根県,鹿足郡津和野町,添谷
6995614,シマネケン,カノアシグンツワノチョウ,タカミネ,島根県,鹿足郡津和野町,高峯
6995205,シマネケン,カノアシグンツワノチョウ,タキダニ,島根県,鹿足郡津和野町,瀧谷
6995206,シマネケン,カノアシグンツワノチョウ,タキモト,島根県,鹿足郡津和野町,瀧元
6995602,シマネケン,カノアシグンツワノチョウ,タダチ,島根県,鹿足郡津和野町,直地
6995617,シマネケン,カノアシグンツワノチョウ,タニホ,島根県,鹿足郡津和野町,田二穂
6995214,シマネケン,カノアシグンツワノチョウ,タニムラ,島根県,鹿足郡津和野町,溪村
6995606,シマネケン,カノアシグンツワノチョウ,テラダ,島根県,鹿足郡津和野町,寺田
6995215,シマネケン,カノアシグンツワノチョウ,トミタ,島根県,鹿足郡津和野町,冨田
6995632,シマネケン,カノアシグンツワノチョウ,トヨカ,島根県,鹿足郡津和野町,豊稼
6995621,シマネケン,カノアシグンツワノチョウ,ナイミ,島根県,鹿足郡津和野町,内美
6995634,シマネケン,カノアシグンツワノチョウ,ナカガワ,島根県,鹿足郡津和野町,中川
6995612,シマネケン,カノアシグンツワノチョウ,ナカザ,島根県,鹿足郡津和野町,中座
6995636,シマネケン,カノアシグンツワノチョウ,ナカソノ,島根県,鹿足郡津和野町,中曽野
6995631,シマネケン,カノアシグンツワノチョウ,ナカヤマ,島根県,鹿足郡津和野町,中山
6995633,シマネケン,カノアシグンツワノチョウ,ナガフク,島根県,鹿足郡津和野町,長福
6995615,シマネケン,カノアシグンツワノチョウ,ナヨシ,島根県,鹿足郡津和野町,名賀
6995221,シマネケン,カノアシグンツワノチョウ,ニチハラ,島根県,鹿足郡津和野町,日原
6995637,シマネケン,カノアシグンツワノチョウ,フキノ,島根県,鹿足郡津和野町,吹野
6995616,シマネケン,カノアシグンツワノチョウ,ブサカ,島根県,鹿足郡津和野町,部栄
6995207,シマネケン,カノアシグンツワノチョウ,マクラセ,島根県,鹿足郡津和野町,枕瀬
6995611,シマネケン,カノアシグンツワノチョウ,マチダ,島根県,鹿足郡津和野町,町田
6995622,シマネケン,カノアシグンツワノチョウ,ムラキ,島根県,鹿足郡津和野町,邑輝
6995604,シマネケン,カノアシグンツワノチョウ,モリムラ,島根県,鹿足郡津和野町,森村
6995217,シマネケン,カノアシグンツワノチョウ,ヤナギムラ,島根県,鹿足郡津和野町,柳村
6995635,シマネケン,カノアシグンツワノチョウ,ヤマシタ,島根県,鹿足郡津和野町,山下
6995613,シマネケン,カノアシグンツワノチョウ,ワシバラ,島根県,鹿足郡津和野町,鷲原
6995500,シマネケン,カノアシグンヨシカチョウ,イカニケイサイガナイバアイ,島根県,鹿足郡吉賀町,以下に掲載がない場合
6995523,シマネケン,カノアシグンヨシカチョウ,アサクラ,島根県,鹿足郡吉賀町,朝倉
6995506,シマネケン,カノアシグンヨシカチョウ,アリイ,島根県,鹿足郡吉賀町,有飯
6995306,シマネケン,カノアシグンヨシカチョウ,オオノバラ,島根県,鹿足郡吉賀町,大野原
6995301,シマネケン,カノアシグンヨシカチョウ,カキノキ,島根県,鹿足郡吉賀町,柿木
6995303,シマネケン,カノアシグンヨシカチョウ,カバタニ,島根県,鹿足郡吉賀町,椛谷
6995501,シマネケン,カノアシグンヨシカチョウ,カミタカジリ,島根県,鹿足郡吉賀町,上高尻
6995307,シマネケン,カノアシグンヨシカチョウ,キベダニ,島根県,鹿足郡吉賀町,木部谷
6995504,シマネケン,カノアシグンヨシカチョウ,クラギ,島根県,鹿足郡吉賀町,蔵木
6995505,シマネケン,カノアシグンヨシカチョウ,クロウバラ,島根県,鹿足郡吉賀町,九郎原
6995515,シマネケン,カノアシグンヨシカチョウ,コウジ,島根県,鹿足郡吉賀町,幸地
6995521,シマネケン,カノアシグンヨシカチョウ,サナダ,島根県,鹿足郡吉賀町,真田
6995516,シマネケン,カノアシグンヨシカチョウ,サワダ,島根県,鹿足郡吉賀町,沢田
6995517,シマネケン,カノアシグンヨシカチョウ,シメガワ,島根県,鹿足郡吉賀町,注連川
6995305,シマネケン,カノアシグンヨシカチョウ,シモス,島根県,鹿足郡吉賀町,下須
6995507,シマネケン,カノアシグンヨシカチョウ,シモタカジリ,島根県,鹿足郡吉賀町,下高尻
6995304,シマネケン,カノアシグンヨシカチョウ,シラタニ,島根県,鹿足郡吉賀町,白谷
6995514,シマネケン,カノアシグンヨシカチョウ,タチゴウチ,島根県,鹿足郡吉賀町,立河内
6995511,シマネケン,カノアシグンヨシカチョウ,タチド,島根県,鹿足郡吉賀町,立戸
6995524,シマネケン,カノアシグンヨシカチョウ,タデノ,島根県,鹿足郡吉賀町,蓼野
6995502,シマネケン,カノアシグンヨシカチョウ,タノハラ,島根県,鹿足郡吉賀町,田野原
6995522,シマネケン,カノアシグンヨシカチョウ,ナヌカイチ,島根県,鹿足郡吉賀町,七日市
6995525,シマネケン,カノアシグンヨシカチョウ,ヌクツキ,島根県,鹿足郡吉賀町,抜月
6995503,シマネケン,カノアシグンヨシカチョウ,ヒグチ,島根県,鹿足郡吉賀町,樋口
6995512,シマネケン,カノアシグンヨシカチョウ,ヒロイシ,島根県,鹿足郡吉賀町,広石
6995302,シマネケン,カノアシグンヨシカチョウ,フクガワ,島根県,鹿足郡吉賀町,福川
6995513,シマネケン,カノアシグンヨシカチョウ,ムイカイチ,島根県,鹿足郡吉賀町,六日市
6840400,シマネケン,オキグンアマチョウ,イカニケイサイガナイバアイ,島根県,隠岐郡海士町,以下に掲載がない場合
6840403,シマネケン,オキグンアマチョウ,アマ,島根県,隠岐郡海士町,海士
6840401,シマネケン,オキグンアマチョウ,ウズカ,島根県,隠岐郡海士町,宇受賀
6840413,シマネケン,オキグンアマチョウ,サキ,島根県,隠岐郡海士町,崎
6840411,シマネケン,オキグンアマチョウ,チチイ,島根県,隠岐郡海士町,知々井
6840402,シマネケン,オキグンアマチョウ,トヨダ,島根県,隠岐郡海士町,豊田
6840404,シマネケン,オキグンアマチョウ,フクイ,島根県,隠岐郡海士町,福井
6840412,シマネケン,オキグンアマチョウ,ミナミ,島根県,隠岐郡海士町,御波
6840300,シマネケン,オキグンニシノシマチョウ,イカニケイサイガナイバアイ,島根県,隠岐郡西ノ島町,以下に掲載がない場合
6840301,シマネケン,オキグンニシノシマチョウ,ウカ,島根県,隠岐郡西ノ島町,宇賀
6840211,シマネケン,オキグンニシノシマチョウ,ウラゴウ,島根県,隠岐郡西ノ島町,浦郷
6840302,シマネケン,オキグンニシノシマチョウ,ベップ,島根県,隠岐郡西ノ島町,別府
6840303,シマネケン,オキグンニシノシマチョウ,ミタ,島根県,隠岐郡西ノ島町,美田
6840100,シマネケン,オキグンチブムラ,イカニケイサイガナイバアイ,島根県,隠岐郡知夫村,以下に掲載がない場合
6840104,シマネケン,オキグンチブムラ,ウスゲ,島根県,隠岐郡知夫村,薄毛
6840107,シマネケン,オキグンチブムラ,ウルミ,島根県,隠岐郡知夫村,古海
6840101,シマネケン,オキグンチブムラ,オオエ,島根県,隠岐郡知夫村,大江
6840106,シマネケン,オキグンチブムラ,クリイ,島根県,隠岐郡知夫村,来居
6840102,シマネケン,オキグンチブムラ,コオリ,島根県,隠岐郡知夫村,郡
6840103,シマネケン,オキグンチブムラ,タタク,島根県,隠岐郡知夫村,多沢
6840105,シマネケン,オキグンチブムラ,ニブ,島根県,隠岐郡知夫村,仁夫
6850000,シマネケン,オキグンオキノシマチョウ,イカニケイサイガナイバアイ,島根県,隠岐郡隠岐の島町,以下に掲載がない場合
6850006,シマネケン,オキグンオキノシマチョウ,アラキ,島根県,隠岐郡隠岐の島町,有木
6850004,シマネケン,オキグンオキノシマチョウ,イイダ,島根県,隠岐郡隠岐の島町,飯田
6850411,シマネケン,オキグンオキノシマチョウ,イイビ,島根県,隠岐郡隠岐の島町,飯美
6850007,シマネケン,オキグンオキノシマチョウ,イケダ,島根県,隠岐郡隠岐の島町,池田
6850431,シマネケン,オキグンオキノシマチョウ,イゴ（ソノタ）,島根県,隠岐郡隠岐の島町,伊後（その他）
6850306,シマネケン,オキグンオキノシマチョウ,イゴ（ムコウガオカ）,島根県,隠岐郡隠岐の島町,伊後（向ケ丘）
6850003,シマネケン,オキグンオキノシマチョウ,イヌグ,島根県,隠岐郡隠岐の島町,犬来
6850022,シマネケン,オキグンオキノシマチョウ,イマヅ,島根県,隠岐郡隠岐の島町,今津
6850413,シマネケン,オキグンオキノシマチョウ,ウズキ,島根県,隠岐郡隠岐の島町,卯敷
6850001,シマネケン,オキグンオキノシマチョウ,オオク,島根県,隠岐郡隠岐の島町,大久
6850002,シマネケン,オキグンオキノシマチョウ,カマ,島根県,隠岐郡隠岐の島町,釜
6850026,シマネケン,オキグンオキノシマチョウ,カミニシ,島根県,隠岐郡隠岐の島町,上西
6850024,シマネケン,オキグンオキノシマチョウ,カモ,島根県,隠岐郡隠岐の島町,加茂
6850435,シマネケン,オキグンオキノシマチョウ,ガンヤ,島根県,隠岐郡隠岐の島町,元屋
6850301,シマネケン,オキグンオキノシマチョウ,キタガタ,島根県,隠岐郡隠岐の島町,北方
6850305,シマネケン,オキグンオキノシマチョウ,クミ,島根県,隠岐郡隠岐の島町,久見
6850101,シマネケン,オキグンオキノシマチョウ,クラタ,島根県,隠岐郡隠岐の島町,蔵田
6850312,シマネケン,オキグンオキノシマチョウ,コウジ,島根県,隠岐郡隠岐の島町,小路
6850311,シマネケン,オキグンオキノシマチョウ,コオリ,島根県,隠岐郡隠岐の島町,郡
6850011,シマネケン,オキグンオキノシマチョウ,サカエマチ,島根県,隠岐郡隠岐の島町,栄町
6850017,シマネケン,オキグンオキノシマチョウ,シモニシ,島根県,隠岐郡隠岐の島町,下西
6850016,シマネケン,オキグンオキノシマチョウ,ジョウホクマチ,島根県,隠岐郡隠岐の島町,城北町
6850304,シマネケン,オキグンオキノシマチョウ,シロ,島根県,隠岐郡隠岐の島町,代
6850106,シマネケン,オキグンオキノシマチョウ,タクギ,島根県,隠岐郡隠岐の島町,蛸木
6850105,シマネケン,オキグンオキノシマチョウ,ツド,島根県,隠岐郡隠岐の島町,津戸
6850104,シマネケン,オキグンオキノシマチョウ,ツマ,島根県,隠岐郡隠岐の島町,都万
6850005,シマネケン,オキグンオキノシマチョウ,トウゴウ,島根県,隠岐郡隠岐の島町,東郷
6850013,シマネケン,オキグンオキノシマチョウ,ナカマチ,島根県,隠岐郡隠岐の島町,中町
6850434,シマネケン,オキグンオキノシマチョウ,ナカムラ,島根県,隠岐郡隠岐の島町,中村
6850103,シマネケン,オキグンオキノシマチョウ,ナグ,島根県,隠岐郡隠岐の島町,那久
6850313,シマネケン,オキグンオキノシマチョウ,ナグチ,島根県,隠岐郡隠岐の島町,那久路
6850302,シマネケン,オキグンオキノシマチョウ,ナワシロダ,島根県,隠岐郡隠岐の島町,苗代田
6850023,シマネケン,オキグンオキノシマチョウ,ニシダ,島根県,隠岐郡隠岐の島町,西田
6850014,シマネケン,オキグンオキノシマチョウ,ニシマチ,島根県,隠岐郡隠岐の島町,西町
6850432,シマネケン,オキグンオキノシマチョウ,ニシムラ,島根県,隠岐郡隠岐の島町,西村
6850027,シマネケン,オキグンオキノシマチョウ,ハラダ,島根県,隠岐郡隠岐の島町,原田
6850012,シマネケン,オキグンオキノシマチョウ,ヒガシマチ,島根県,隠岐郡隠岐の島町,東町
6850412,シマネケン,オキグンオキノシマチョウ,フセ,島根県,隠岐郡隠岐の島町,布施
6850025,シマネケン,オキグンオキノシマチョウ,ヘイ,島根県,隠岐郡隠岐の島町,平
6850021,シマネケン,オキグンオキノシマチョウ,ミサキマチ,島根県,隠岐郡隠岐の島町,岬町
6850433,シマネケン,オキグンオキノシマチョウ,ミナト,島根県,隠岐郡隠岐の島町,湊
6850015,シマネケン,オキグンオキノシマチョウ,ミナトマチ,島根県,隠岐郡隠岐の島町,港町
6850303,シマネケン,オキグンオキノシマチョウ,ミナミガタ,島根県,隠岐郡隠岐の島町,南方
6850314,シマネケン,オキグンオキノシマチョウ,ヤマダ,島根県,隠岐郡隠岐の島町,山田
6850102,シマネケン,オキグンオキノシマチョウ,ユイ,島根県,隠岐郡隠岐の島町,油井
