7700000,トクシマケン,トクシマシ,イカニケイサイガナイバアイ,徳島県,徳島市,以下に掲載がない場合
7700835,トクシマケン,トクシマシ,アイバチョウ,徳島県,徳島市,藍場町
7700934,トクシマケン,トクシマシ,アキタマチ,徳島県,徳島市,秋田町
7700046,トクシマケン,トクシマシ,アクイチョウ,徳島県,徳島市,鮎喰町
7700863,トクシマケン,トクシマシ,アタケ,徳島県,徳島市,安宅
7714265,トクシマケン,トクシマシ,イイタニチョウ,徳島県,徳島市,飯谷町
7700926,トクシマケン,トクシマシ,イガチョウ,徳島県,徳島市,伊賀町
7793132,トクシマケン,トクシマシ,イチノミヤチョウ,徳島県,徳島市,一宮町
7700833,トクシマケン,トクシマシ,イチバンチョウ,徳島県,徳島市,一番町
7700935,トクシマケン,トクシマシ,イツキチョウ,徳島県,徳島市,伊月町
7711156,トクシマケン,トクシマシ,オウジンチョウオウジンサンギョウダンチ,徳島県,徳島市,応神町応神産業団地
7711152,トクシマケン,トクシマシ,オウジンチョウナカハラ,徳島県,徳島市,応神町中原
7711154,トクシマケン,トクシマシ,オウジンチョウヒガシサダカタ,徳島県,徳島市,応神町東貞方
7711155,トクシマケン,トクシマシ,オウジンチョウニシサダカタ,徳島県,徳島市,応神町西貞方
7711151,トクシマケン,トクシマシ,オウジンチョウフルカワ,徳島県,徳島市,応神町古川
7711153,トクシマケン,トクシマシ,オウジンチョウヨシナリ,徳島県,徳島市,応神町吉成
7708031,トクシマケン,トクシマシ,オオタニチョウ,徳島県,徳島市,大谷町
7730070,トクシマケン,トクシマシ,オオバラチョウ（コミコ、コミコヤマ）,徳島県,徳島市,大原町（小神子、小神子山）
7708012,トクシマケン,トクシマシ,オオバラチョウ（ソノタ）,徳島県,徳島市,大原町（その他）
7708022,トクシマケン,トクシマシ,オオマツチョウ,徳島県,徳島市,大松町
7700923,トクシマケン,トクシマシ,オオミチ,徳島県,徳島市,大道
7708052,トクシマケン,トクシマシ,オキノハマ,徳島県,徳島市,沖浜
7708051,トクシマケン,トクシマシ,オキノハマチョウ,徳島県,徳島市,沖浜町
7708053,トクシマケン,トクシマシ,オキノハマヒガシ,徳島県,徳島市,沖浜東
7700914,トクシマケン,トクシマシ,カゴヤマチ,徳島県,徳島市,籠屋町
7700002,トクシマケン,トクシマシ,カスガ,徳島県,徳島市,春日
7700001,トクシマケン,トクシマシ,カスガチョウ,徳島県,徳島市,春日町
7708033,トクシマケン,トクシマシ,カタノカミチョウ,徳島県,徳島市,方上町
7700939,トクシマケン,トクシマシ,カチドキバシ,徳島県,徳島市,かちどき橋
7708023,トクシマケン,トクシマシ,カツラチョウ,徳島県,徳島市,勝占町
7700871,トクシマケン,トクシマシ,カナザワ,徳島県,徳島市,金沢
7700801,トクシマケン,トクシマシ,カミスケトウチョウ,徳島県,徳島市,上助任町
7708041,トクシマケン,トクシマシ,カミハチマンチョウニシヤマ（シラサギダイ）,徳島県,徳島市,上八万町西山（しらさぎ台）
7708040,トクシマケン,トクシマシ,カミハチマンチョウ（ソノタ）,徳島県,徳島市,上八万町（その他）
7700803,トクシマケン,トクシマシ,カミヨシノチョウ,徳島県,徳島市,上吉野町
7700048,トクシマケン,トクシマシ,カモナチョウ,徳島県,徳島市,加茂名町
7710101,トクシマケン,トクシマシ,カワウチチョウ（アサヒノ）,徳島県,徳島市,川内町（旭野）
7710144,トクシマケン,トクシマシ,カワウチチョウ（エノキセ）,徳島県,徳島市,川内町（榎瀬）
7710131,トクシマケン,トクシマシ,カワウチチョウ（オオマツ）,徳島県,徳島市,川内町（大松）
7710142,トクシマケン,トクシマシ,カワウチチョウ（オキノシマ）,徳島県,徳島市,川内町（沖島）
7710130,トクシマケン,トクシマシ,カワウチチョウ（カガスノ）,徳島県,徳島市,川内町（加賀須野）
7710125,トクシマケン,トクシマシ,カワウチチョウ（カナオカ）,徳島県,徳島市,川内町（金岡）
7710126,トクシマケン,トクシマシ,カワウチチョウ（カミベツクヒガシ）,徳島県,徳島市,川内町（上別宮東）
7710127,トクシマケン,トクシマシ,カワウチチョウ（カミベツクミナミ）,徳島県,徳島市,川内町（上別宮南）
7710128,トクシマケン,トクシマシ,カワウチチョウ（カミベツクキタ）,徳島県,徳島市,川内町（上別宮北）
7710129,トクシマケン,トクシマシ,カワウチチョウ（キタハラ）,徳島県,徳島市,川内町（北原）
7710103,トクシマケン,トクシマシ,カワウチチョウ（コマツヒガシ）,徳島県,徳島市,川内町（小松東）
7710104,トクシマケン,トクシマシ,カワウチチョウ（コマツニシ）,徳島県,徳島市,川内町（小松西）
7710102,トクシマケン,トクシマシ,カワウチチョウ（コマツキタ）,徳島県,徳島市,川内町（小松北）
7710106,トクシマケン,トクシマシ,カワウチチョウ（シモベツクヒガシ）,徳島県,徳島市,川内町（下別宮東）
7710105,トクシマケン,トクシマシ,カワウチチョウ（シモベツクニシ）,徳島県,徳島市,川内町（下別宮西）
7710121,トクシマケン,トクシマシ,カワウチチョウ（スズエヒガシ）,徳島県,徳島市,川内町（鈴江東）
7710122,トクシマケン,トクシマシ,カワウチチョウ（スズエニシ）,徳島県,徳島市,川内町（鈴江西）
7710124,トクシマケン,トクシマシ,カワウチチョウ（スズエミナミ）,徳島県,徳島市,川内町（鈴江南）
7710123,トクシマケン,トクシマシ,カワウチチョウ（スズエキタ）,徳島県,徳島市,川内町（鈴江北）
7710141,トクシマケン,トクシマシ,カワウチチョウ（タケズカ）,徳島県,徳島市,川内町（竹須賀）
7710117,トクシマケン,トクシマシ,カワウチチョウ（ツルシマ）,徳島県,徳島市,川内町（鶴島）
7710111,トクシマケン,トクシマシ,カワウチチョウ（トミヒサ）,徳島県,徳島市,川内町（富久）
7710112,トクシマケン,トクシマシ,カワウチチョウ（トミヨシ）,徳島県,徳島市,川内町（富吉）
7710143,トクシマケン,トクシマシ,カワウチチョウ（ナカシマ）,徳島県,徳島市,川内町（中島）
7710132,トクシマケン,トクシマシ,カワウチチョウ（ヒライシエビスノ）,徳島県,徳島市,川内町（平石夷野）
7710133,トクシマケン,トクシマシ,カワウチチョウ（ヒライシエビスノバンガイ）,徳島県,徳島市,川内町（平石夷野番外）
7710136,トクシマケン,トクシマシ,カワウチチョウ（ヒライシコデン）,徳島県,徳島市,川内町（平石古田）
7710134,トクシマケン,トクシマシ,カワウチチョウ（ヒライシスミヨシ）,徳島県,徳島市,川内町（平石住吉）
7710138,トクシマケン,トクシマシ,カワウチチョウ（ヒライシリュウツウダンチ）,徳島県,徳島市,川内町（平石流通団地）
7710135,トクシマケン,トクシマシ,カワウチチョウ（ヒライシワカマツ）,徳島県,徳島市,川内町（平石若松）
7710137,トクシマケン,トクシマシ,カワウチチョウ（ヒライシワカミヤ）,徳島県,徳島市,川内町（平石若宮）
7710113,トクシマケン,トクシマシ,カワウチチョウ（マツオカ）,徳島県,徳島市,川内町（松岡）
7710116,トクシマケン,トクシマシ,カワウチチョウ（ミヤジマニシキノ）,徳島県,徳島市,川内町（宮島錦野）
7710115,トクシマケン,トクシマシ,カワウチチョウ（ミヤジマハマ）,徳島県,徳島市,川内町（宮島浜）
7710114,トクシマケン,トクシマシ,カワウチチョウ（ミヤジマホンウラ）,徳島県,徳島市,川内町（宮島本浦）
7710139,トクシマケン,トクシマシ,カワウチチョウ（ヨネヅ）,徳島県,徳島市,川内町（米津）
7700872,トクシマケン,トクシマシ,キタオキノス,徳島県,徳島市,北沖洲
7700011,トクシマケン,トクシマシ,キタサコイチバンチョウ,徳島県,徳島市,北佐古一番町
7700012,トクシマケン,トクシマシ,キタサコニバンチョウ,徳島県,徳島市,北佐古二番町
7700051,トクシマケン,トクシマシ,キタシマダチョウ,徳島県,徳島市,北島田町
7700812,トクシマケン,トクシマシ,キタジョウサンジマチョウ,徳島県,徳島市,北常三島町
7700003,トクシマケン,トクシマシ,キタタミヤ,徳島県,徳島市,北田宮
7700821,トクシマケン,トクシマシ,キタデキジマチョウ,徳島県,徳島市,北出来島町
7700806,トクシマケン,トクシマシ,キタマエガワチョウ,徳島県,徳島市,北前川町
7700006,トクシマケン,トクシマシ,キタヤソチョウ,徳島県,徳島市,北矢三町
7708032,トクシマケン,トクシマシ,キタヤマチョウ,徳島県,徳島市,北山町
7700916,トクシマケン,トクシマシ,ギンザ,徳島県,徳島市,銀座
7700042,トクシマケン,トクシマシ,クラモトチョウ,徳島県,徳島市,蔵本町
7700041,トクシマケン,トクシマシ,クラモトモトマチ,徳島県,徳島市,蔵本元町
7793116,トクシマケン,トクシマシ,コクフチョウイケジリ,徳島県,徳島市,国府町池尻
7793118,トクシマケン,トクシマシ,コクフチョウイド,徳島県,徳島市,国府町井戸
7793128,トクシマケン,トクシマシ,コクフチョウエンメイ,徳島県,徳島市,国府町延命
7793113,トクシマケン,トクシマシ,コクフチョウカワラダ,徳島県,徳島市,国府町川原田
7793123,トクシマケン,トクシマシ,コクフチョウカンノンジ,徳島県,徳島市,国府町観音寺
7793122,トクシマケン,トクシマシ,コクフチョウコウ,徳島県,徳島市,国府町府中
7793114,トクシマケン,トクシマシ,コクフチョウサクラマ,徳島県,徳島市,国府町桜間
7793101,トクシマケン,トクシマシ,コクフチョウサノヅカ,徳島県,徳島市,国府町佐野塚
7793115,トクシマケン,トクシマシ,コクフチョウシキジ,徳島県,徳島市,国府町敷地
7793112,トクシマケン,トクシマシ,コクフチョウシバハラ,徳島県,徳島市,国府町芝原
7793124,トクシマケン,トクシマシ,コクフチョウナカ,徳島県,徳島市,国府町中
7793127,トクシマケン,トクシマシ,コクフチョウニシヤノ,徳島県,徳島市,国府町西矢野
7793106,トクシマケン,トクシマシ,コクフチョウハナゾノ,徳島県,徳島市,国府町花園
7793125,トクシマケン,トクシマシ,コクフチョウハヤブチ,徳島県,徳島市,国府町早淵
7793117,トクシマケン,トクシマシ,コクフチョウヒガイ,徳島県,徳島市,国府町日開
7793103,トクシマケン,トクシマシ,コクフチョウヒガシクロダ,徳島県,徳島市,国府町東黒田
7793102,トクシマケン,トクシマシ,コクフチョウニシクロダ,徳島県,徳島市,国府町西黒田
7793120,トクシマケン,トクシマシ,コクフチョウミナミイワノブ,徳島県,徳島市,国府町南岩延
7793119,トクシマケン,トクシマシ,コクフチョウキタイワノブ,徳島県,徳島市,国府町北岩延
7793105,トクシマケン,トクシマシ,コクフチョウヒガシタカワ,徳島県,徳島市,国府町東高輪
7793104,トクシマケン,トクシマシ,コクフチョウニシタカワ,徳島県,徳島市,国府町西高輪
7793126,トクシマケン,トクシマシ,コクフチョウヤノ,徳島県,徳島市,国府町矢野
7793111,トクシマケン,トクシマシ,コクフチョウリュウオウ,徳島県,徳島市,国府町竜王
7793121,トクシマケン,トクシマシ,コクフチョウワダ,徳島県,徳島市,国府町和田
7700918,トクシマケン,トクシマシ,コンヤマチ,徳島県,徳島市,紺屋町
7708021,トクシマケン,トクシマシ,サイカチョウ,徳島県,徳島市,雑賀町
7700847,トクシマケン,トクシマシ,サイワイチョウ,徳島県,徳島市,幸町
7700921,トクシマケン,トクシマシ,サカエマチ,徳島県,徳島市,栄町
7700021,トクシマケン,トクシマシ,サコ１バンチョウ,徳島県,徳島市,佐古一番町
7700022,トクシマケン,トクシマシ,サコ２バンチョウ,徳島県,徳島市,佐古二番町
7700023,トクシマケン,トクシマシ,サコ３バンチョウ,徳島県,徳島市,佐古三番町
7700024,トクシマケン,トクシマシ,サコ４バンチョウ,徳島県,徳島市,佐古四番町
7700025,トクシマケン,トクシマシ,サコ５バンチョウ,徳島県,徳島市,佐古五番町
7700026,トクシマケン,トクシマシ,サコ６バンチョウ,徳島県,徳島市,佐古六番町
7700027,トクシマケン,トクシマシ,サコ７バンチョウ,徳島県,徳島市,佐古七番町
7700028,トクシマケン,トクシマシ,サコ８バンチョウ,徳島県,徳島市,佐古八番町
7700039,トクシマケン,トクシマシ,サコヤマチョウ,徳島県,徳島市,佐古山町
7708025,トクシマケン,トクシマシ,サンゲンヤチョウ,徳島県,徳島市,三軒屋町
7714267,トクシマケン,トクシマシ,シブノチョウ,徳島県,徳島市,渋野町
7700805,トクシマケン,トクシマシ,シモスケトウチョウ,徳島県,徳島市,下助任町
7793131,トクシマケン,トクシマシ,シモマチ,徳島県,徳島市,下町
7700862,トクシマケン,トクシマシ,ジョウトウチョウ,徳島県,徳島市,城東町
7708064,トクシマケン,トクシマシ,ジョウナンチョウ,徳島県,徳島市,城南町
7700044,トクシマケン,トクシマシ,ショウマチ,徳島県,徳島市,庄町
7714263,トクシマケン,トクシマシ,ジョウロクチョウ（ジョウリョウ）,徳島県,徳島市,丈六町（丈領）
7714262,トクシマケン,トクシマシ,ジョウロクチョウ（ナガオ）,徳島県,徳島市,丈六町（長尾）
7714261,トクシマケン,トクシマシ,ジョウロクチョウ（ソノタ）,徳島県,徳島市,丈六町（その他）
7700942,トクシマケン,トクシマシ,ショウワチョウ,徳島県,徳島市,昭和町
7700845,トクシマケン,トクシマシ,シンウチマチ,徳島県,徳島市,新内町
7700855,トクシマケン,トクシマシ,シンクラチョウ,徳島県,徳島市,新蔵町
7708006,トクシマケン,トクシマシ,シンハマチョウ,徳島県,徳島市,新浜町
7708007,トクシマケン,トクシマシ,シンハマホンチョウ,徳島県,徳島市,新浜本町
7700904,トクシマケン,トクシマシ,シンマチバシ,徳島県,徳島市,新町橋
7700867,トクシマケン,トクシマシ,シンミナミフクシマ,徳島県,徳島市,新南福島
7700866,トクシマケン,トクシマシ,スエヒロ,徳島県,徳島市,末広
7700815,トクシマケン,トクシマシ,スケトウバシ,徳島県,徳島市,助任橋
7700816,トクシマケン,トクシマシ,スケトウホンチョウ,徳島県,徳島市,助任本町
7700861,トクシマケン,トクシマシ,スミヨシ,徳島県,徳島市,住吉
7700927,トクシマケン,トクシマシ,セイミチョウ,徳島県,徳島市,勢見町
7700922,トクシマケン,トクシマシ,タカジョウマチ,徳島県,徳島市,鷹匠町
7714264,トクシマケン,トクシマシ,タカラチョウ,徳島県,徳島市,多家良町
7700936,トクシマケン,トクシマシ,チュウオウドオリ,徳島県,徳島市,中央通
7708001,トクシマケン,トクシマシ,ツダカイガンチョウ,徳島県,徳島市,津田海岸町
7708004,トクシマケン,トクシマシ,ツダニシマチ,徳島県,徳島市,津田西町
7708005,トクシマケン,トクシマシ,ツダハマノチョウ,徳島県,徳島市,津田浜之町
7708003,トクシマケン,トクシマシ,ツダホンチョウ,徳島県,徳島市,津田本町
7708002,トクシマケン,トクシマシ,ツダチョウ,徳島県,徳島市,津田町
7700823,トクシマケン,トクシマシ,デキジマホンチョウ,徳島県,徳島市,出来島本町
7700832,トクシマケン,トクシマシ,テラシマホンチョウヒガシ,徳島県,徳島市,寺島本町東
7700831,トクシマケン,トクシマシ,テラシマホンチョウニシ,徳島県,徳島市,寺島本町西
7700909,トクシマケン,トクシマシ,テラマチ,徳島県,徳島市,寺町
7708056,トクシマケン,トクシマシ,トイヤマチ,徳島県,徳島市,問屋町
7700842,トクシマケン,トクシマシ,トオリマチ,徳島県,徳島市,通町
7700852,トクシマケン,トクシマシ,トクシマチョウ,徳島県,徳島市,徳島町
7700851,トクシマケン,トクシマシ,トクシマチョウジョウナイ,徳島県,徳島市,徳島町城内
7700854,トクシマケン,トクシマシ,トクシマホンチョウ,徳島県,徳島市,徳島本町
7700931,トクシマケン,トクシマシ,トミダハマ,徳島県,徳島市,富田浜
7700937,トクシマケン,トクシマシ,トミダバシ,徳島県,徳島市,富田橋
7700915,トクシマケン,トクシマシ,トミダマチ,徳島県,徳島市,富田町
7700052,トクシマケン,トクシマシ,ナカシマダチョウ,徳島県,徳島市,中島田町
7700943,トクシマケン,トクシマシ,ナカショウワチョウ,徳島県,徳島市,中昭和町
7700813,トクシマケン,トクシマシ,ナカジョウサンジマチョウ,徳島県,徳島市,中常三島町
7700856,トクシマケン,トクシマシ,ナカズチョウ,徳島県,徳島市,中洲町
7700844,トクシマケン,トクシマシ,ナカトオリマチ,徳島県,徳島市,中通町
7700853,トクシマケン,トクシマシ,ナカトクシマチョウ,徳島県,徳島市,中徳島町
7700932,トクシマケン,トクシマシ,ナカノチョウ,徳島県,徳島市,仲之町
7700807,トクシマケン,トクシマシ,ナカマエガワチョウ,徳島県,徳島市,中前川町
7700804,トクシマケン,トクシマシ,ナカヨシノチョウ,徳島県,徳島市,中吉野町
7700928,トクシマケン,トクシマシ,ニケンヤチョウ,徳島県,徳島市,二軒屋町
7708008,トクシマケン,トクシマシ,ニシシンハマチョウ,徳島県,徳島市,西新浜町
7700902,トクシマケン,トクシマシ,ニシシンマチ,徳島県,徳島市,西新町
7708024,トクシマケン,トクシマシ,ニシズカチョウ,徳島県,徳島市,西須賀町
7700901,トクシマケン,トクシマシ,ニシセンバチョウ,徳島県,徳島市,西船場町
7700903,トクシマケン,トクシマシ,ニシダイクマチ,徳島県,徳島市,西大工町
7700929,トクシマケン,トクシマシ,ニシトミダチョウ,徳島県,徳島市,西富田町
7708061,トクシマケン,トクシマシ,ニシニケンヤチョウ,徳島県,徳島市,西二軒屋町
7700907,トクシマケン,トクシマシ,ニシヤマテチョウ,徳島県,徳島市,西山手町
7793133,トクシマケン,トクシマシ,ニュウタチョウ,徳島県,徳島市,入田町
7700924,トクシマケン,トクシマシ,ノボリチョウ,徳島県,徳島市,幟町
7714266,トクシマケン,トクシマシ,ハタチョウ,徳島県,徳島市,八多町
7708076,トクシマケン,トクシマシ,ハチマンチョウ（ウチハマ）,徳島県,徳島市,八万町（内浜）
7708077,トクシマケン,トクシマシ,ハチマンチョウ（エビスヤマ）,徳島県,徳島市,八万町（夷山）
7708079,トクシマケン,トクシマシ,ハチマンチョウ（オオツボ）,徳島県,徳島市,八万町（大坪）
7708073,トクシマケン,トクシマシ,ハチマンチョウ（カミフクマン）,徳島県,徳島市,八万町（上福万）
7708074,トクシマケン,トクシマシ,ハチマンチョウ（シモフクマン）,徳島県,徳島市,八万町（下福万）
7708082,トクシマケン,トクシマシ,ハチマンチョウ（カワミナミ）,徳島県,徳島市,八万町（川南）
7708075,トクシマケン,トクシマシ,ハチマンチョウ（チドリ）,徳島県,徳島市,八万町（千鳥）
7708072,トクシマケン,トクシマシ,ハチマンチョウ（ナカツウラ）,徳島県,徳島市,八万町（中津浦）
7708071,トクシマケン,トクシマシ,ハチマンチョウ（ナカツヤマ）,徳島県,徳島市,八万町（中津山）
7708081,トクシマケン,トクシマシ,ハチマンチョウ（ニジョウ）,徳島県,徳島市,八万町（弐丈）
7708078,トクシマケン,トクシマシ,ハチマンチョウ（ハシモト）,徳島県,徳島市,八万町（橋本）
7708083,トクシマケン,トクシマシ,ハチマンチョウ（ホッケ）,徳島県,徳島市,八万町（法花）
7708084,トクシマケン,トクシマシ,ハチマンチョウ（ホッケダニ）,徳島県,徳島市,八万町（法花谷）
7708070,トクシマケン,トクシマシ,ハチマンチョウ（ソノタ）,徳島県,徳島市,八万町（その他）
7700941,トクシマケン,トクシマシ,バンダイチョウ,徳島県,徳島市,万代町
7700873,トクシマケン,トクシマシ,ヒガシオキノス,徳島県,徳島市,東沖洲
7700912,トクシマケン,トクシマシ,ヒガシシンマチ,徳島県,徳島市,東新町
7700911,トクシマケン,トクシマシ,ヒガシセンバチョウ,徳島県,徳島市,東船場町
7700905,トクシマケン,トクシマシ,ヒガシダイクマチ,徳島県,徳島市,東大工町
7700822,トクシマケン,トクシマシ,ヒガシデキジマチョウ,徳島県,徳島市,東出来島町
7700906,トクシマケン,トクシマシ,ヒガシヤマテチョウ,徳島県,徳島市,東山手町
7700811,トクシマケン,トクシマシ,ヒガシヨシノチョウ,徳島県,徳島市,東吉野町
7700908,トクシマケン,トクシマシ,ビザンチョウ,徳島県,徳島市,眉山町
7700868,トクシマケン,トクシマシ,フクシマ,徳島県,徳島市,福島
7700062,トクシマケン,トクシマシ,フドウヒガシマチ,徳島県,徳島市,不動東町
7700064,トクシマケン,トクシマシ,フドウニシマチ,徳島県,徳島市,不動西町
7700061,トクシマケン,トクシマシ,フドウキタマチ,徳島県,徳島市,不動北町
7700063,トクシマケン,トクシマシ,フドウホンチョウ,徳島県,徳島市,不動本町
7700846,トクシマケン,トクシマシ,ミナミウチマチ,徳島県,徳島市,南内町
7700874,トクシマケン,トクシマシ,ミナミオキノス,徳島県,徳島市,南沖洲
7700043,トクシマケン,トクシマシ,ミナミクラモトチョウ,徳島県,徳島市,南蔵本町
7700031,トクシマケン,トクシマシ,ミナミサコ１バンチョウ,徳島県,徳島市,南佐古一番町
7700032,トクシマケン,トクシマシ,ミナミサコ２バンチョウ,徳島県,徳島市,南佐古二番町
7700033,トクシマケン,トクシマシ,ミナミサコ３バンチョウ,徳島県,徳島市,南佐古三番町
7700034,トクシマケン,トクシマシ,ミナミサコ４バンチョウ,徳島県,徳島市,南佐古四番町
7700035,トクシマケン,トクシマシ,ミナミサコ５バンチョウ,徳島県,徳島市,南佐古五番町
7700036,トクシマケン,トクシマシ,ミナミサコ６バンチョウ,徳島県,徳島市,南佐古六番町
7700037,トクシマケン,トクシマシ,ミナミサコ７バンチョウ,徳島県,徳島市,南佐古七番町
7700038,トクシマケン,トクシマシ,ミナミサコ８バンチョウ,徳島県,徳島市,南佐古八番町
7700053,トクシマケン,トクシマシ,ミナミシマダチョウ,徳島県,徳島市,南島田町
7700045,トクシマケン,トクシマシ,ミナミショウマチ,徳島県,徳島市,南庄町
7700944,トクシマケン,トクシマシ,ミナミショウワチョウ,徳島県,徳島市,南昭和町
7700913,トクシマケン,トクシマシ,ミナミシンマチ,徳島県,徳島市,南新町
7700814,トクシマケン,トクシマシ,ミナミジョウサンジマチョウ,徳島県,徳島市,南常三島町
7700865,トクシマケン,トクシマシ,ミナミスエヒロチョウ,徳島県,徳島市,南末広町
7700004,トクシマケン,トクシマシ,ミナミタミヤ,徳島県,徳島市,南田宮
7700824,トクシマケン,トクシマシ,ミナミデキジマチョウ,徳島県,徳島市,南出来島町
7700933,トクシマケン,トクシマシ,ミナミナカノチョウ,徳島県,徳島市,南仲之町
7708063,トクシマケン,トクシマシ,ミナミニケンヤチョウ,徳島県,徳島市,南二軒屋町
7700808,トクシマケン,トクシマシ,ミナミマエガワチョウ,徳島県,徳島市,南前川町
7700005,トクシマケン,トクシマシ,ミナミヤソチョウ,徳島県,徳島市,南矢三町
7700938,トクシマケン,トクシマシ,ミョウジンチョウ,徳島県,徳島市,明神町
7700047,トクシマケン,トクシマシ,ミョウドウチョウ,徳島県,徳島市,名東町
7700834,トクシマケン,トクシマシ,モトマチ,徳島県,徳島市,元町
7700841,トクシマケン,トクシマシ,ヤオヤマチ,徳島県,徳島市,八百屋町
7708055,トクシマケン,トクシマシ,ヤマシロチョウ,徳島県,徳島市,山城町
7708054,トクシマケン,トクシマシ,ヤマシロニシ,徳島県,徳島市,山城西
7700864,トクシマケン,トクシマシ,ヤマトチョウ,徳島県,徳島市,大和町
7700925,トクシマケン,トクシマシ,ユミチョウ,徳島県,徳島市,弓町
7700802,トクシマケン,トクシマシ,ヨシノホンチョウ,徳島県,徳島市,吉野本町
7700917,トクシマケン,トクシマシ,リョウゴクバシ,徳島県,徳島市,両国橋
7700843,トクシマケン,トクシマシ,リョウゴクホンチョウ,徳島県,徳島市,両国本町
7708011,トクシマケン,トクシマシ,ロンデンチョウ,徳島県,徳島市,論田町
7720000,トクシマケン,ナルトシ,イカニケイサイガナイバアイ,徳島県,鳴門市,以下に掲載がない場合
7790303,トクシマケン,ナルトシ,オオアサチョウイケノタニ,徳島県,鳴門市,大麻町池谷
7790315,トクシマケン,ナルトシ,オオアサチョウイチバ,徳島県,鳴門市,大麻町市場
7790311,トクシマケン,ナルトシ,オオアサチョウウシヤジマ,徳島県,鳴門市,大麻町牛屋島
7790302,トクシマケン,ナルトシ,オオアサチョウオオタニ,徳島県,鳴門市,大麻町大谷
7790223,トクシマケン,ナルトシ,オオアサチョウカワサキ,徳島県,鳴門市,大麻町川崎
7790305,トクシマケン,ナルトシ,オオアサチョウタカバタケ,徳島県,鳴門市,大麻町高畑
7790224,トクシマケン,ナルトシ,オオアサチョウツジ,徳島県,鳴門市,大麻町津慈
7790313,トクシマケン,ナルトシ,オオアサチョウナカウマヅメ,徳島県,鳴門市,大麻町中馬詰
7790314,トクシマケン,ナルトシ,オオアサチョウニシウマヅメ,徳島県,鳴門市,大麻町西馬詰
7790221,トクシマケン,ナルトシ,オオアサチョウハギワラ,徳島県,鳴門市,大麻町萩原
7790234,トクシマケン,ナルトシ,オオアサチョウバンドウ（ウネメ）,徳島県,鳴門市,大麻町板東（采女）
7790231,トクシマケン,ナルトシ,オオアサチョウバンドウ（オオバヤシ）,徳島県,鳴門市,大麻町板東（大林）
7790232,トクシマケン,ナルトシ,オオアサチョウバンドウ（ツジミドウ）,徳島県,鳴門市,大麻町板東（辻見堂）
7790235,トクシマケン,ナルトシ,オオアサチョウバンドウ（ナガイ）,徳島県,鳴門市,大麻町板東（永井）
7790238,トクシマケン,ナルトシ,オオアサチョウバンドウ（ヒガシヤマダ）,徳島県,鳴門市,大麻町板東（東山田）
7790236,トクシマケン,ナルトシ,オオアサチョウバンドウ（ニシヤマダ）,徳島県,鳴門市,大麻町板東（西山田）
7790237,トクシマケン,ナルトシ,オオアサチョウバンドウ（ホウジョウ）,徳島県,鳴門市,大麻町板東（北条）
7790233,トクシマケン,ナルトシ,オオアサチョウバンドウ（ホウゾウ）,徳島県,鳴門市,大麻町板東（宝蔵）
7790230,トクシマケン,ナルトシ,オオアサチョウバンドウ（ソノタ）,徳島県,鳴門市,大麻町板東（その他）
7790312,トクシマケン,ナルトシ,オオアサチョウヒガシウマヅメ,徳島県,鳴門市,大麻町東馬詰
7790225,トクシマケン,ナルトシ,オオアサチョウヒノキ,徳島県,鳴門市,大麻町檜
7790301,トクシマケン,ナルトシ,オオアサチョウヒメダ,徳島県,鳴門市,大麻町姫田
7790304,トクシマケン,ナルトシ,オオアサチョウマツムラ,徳島県,鳴門市,大麻町松村
7790222,トクシマケン,ナルトシ,オオアサチョウミツマタ,徳島県,鳴門市,大麻町三俣
7720041,トクシマケン,ナルトシ,オオツチョウオオシロ,徳島県,鳴門市,大津町大代
7720031,トクシマケン,ナルトシ,オオツチョウキヅノ,徳島県,鳴門市,大津町木津野
7720044,トクシマケン,ナルトシ,オオツチョウダイコウ,徳島県,鳴門市,大津町大幸
7720043,トクシマケン,ナルトシ,オオツチョウダンゼキ,徳島県,鳴門市,大津町段関
7720034,トクシマケン,ナルトシ,オオツチョウトクナガ,徳島県,鳴門市,大津町徳長
7720033,トクシマケン,ナルトシ,オオツチョウナガエ,徳島県,鳴門市,大津町長江
7720042,トクシマケン,ナルトシ,オオツチョウビゼンジマ,徳島県,鳴門市,大津町備前島
7720035,トクシマケン,ナルトシ,オオツチョウヤグラ,徳島県,鳴門市,大津町矢倉
7720032,トクシマケン,ナルトシ,オオツチョウヨシナガ,徳島県,鳴門市,大津町吉永
7710372,トクシマケン,ナルトシ,キタナダチョウアワタ,徳島県,鳴門市,北灘町粟田
7710373,トクシマケン,ナルトシ,キタナダチョウオオウラ,徳島県,鳴門市,北灘町大浦
7710377,トクシマケン,ナルトシ,キタナダチョウオオズ,徳島県,鳴門市,北灘町大須
7710376,トクシマケン,ナルトシ,キタナダチョウオリノ,徳島県,鳴門市,北灘町折野
7710371,トクシマケン,ナルトシ,キタナダチョウクシキ,徳島県,鳴門市,北灘町櫛木
7710378,トクシマケン,ナルトシ,キタナダチョウゴノウラ,徳島県,鳴門市,北灘町碁浦
7710374,トクシマケン,ナルトシ,キタナダチョウシュクモダニ,徳島県,鳴門市,北灘町宿毛谷
7710375,トクシマケン,ナルトシ,キタナダチョウトリガマル,徳島県,鳴門市,北灘町鳥ケ丸
7720022,トクシマケン,ナルトシ,サトウラチョウアワヅ,徳島県,鳴門市,里浦町粟津
7720021,トクシマケン,ナルトシ,サトウラチョウサトウラ,徳島県,鳴門市,里浦町里浦
7720060,トクシマケン,ナルトシ,セトチョウアキノカミ（クスノキダニ、ニケンヤ、ミズクミダニ）,徳島県,鳴門市,瀬戸町明神（楠谷、弐軒家、水汲谷）
7710360,トクシマケン,ナルトシ,セトチョウアキノカミ（ソノタ）,徳島県,鳴門市,瀬戸町明神（その他）
7710362,トクシマケン,ナルトシ,セトチョウキタドマリ（オオミ）,徳島県,鳴門市,瀬戸町北泊（小海）
7710364,トクシマケン,ナルトシ,セトチョウキタドマリ（ソノタ）,徳島県,鳴門市,瀬戸町北泊（その他）
7710367,トクシマケン,ナルトシ,セトチョウオオシマダ,徳島県,鳴門市,瀬戸町大島田
7710366,トクシマケン,ナルトシ,セトチョウナカシマダ,徳島県,鳴門市,瀬戸町中島田
7710365,トクシマケン,ナルトシ,セトチョウコシマダ,徳島県,鳴門市,瀬戸町小島田
7710361,トクシマケン,ナルトシ,セトチョウドウノウラ,徳島県,鳴門市,瀬戸町堂浦
7710363,トクシマケン,ナルトシ,セトチョウミナトダニ,徳島県,鳴門市,瀬戸町湊谷
7710369,トクシマケン,ナルトシ,セトチョウムサ,徳島県,鳴門市,瀬戸町撫佐
7710368,トクシマケン,ナルトシ,セトチョウムロ,徳島県,鳴門市,瀬戸町室
7720051,トクシマケン,ナルトシ,ナルトチョウタカシマ,徳島県,鳴門市,鳴門町高島
7720053,トクシマケン,ナルトシ,ナルトチョウトサドマリウラ,徳島県,鳴門市,鳴門町土佐泊浦
7720052,トクシマケン,ナルトシ,ナルトチョウミツイシ,徳島県,鳴門市,鳴門町三ツ石
7720011,トクシマケン,ナルトシ,ムヤチョウオオクワジマ,徳島県,鳴門市,撫養町大桑島
7720012,トクシマケン,ナルトシ,ムヤチョウコクワジマ,徳島県,鳴門市,撫養町小桑島
7720013,トクシマケン,ナルトシ,ムヤチョウオカザキ,徳島県,鳴門市,撫養町岡崎
7720004,トクシマケン,ナルトシ,ムヤチョウキヅ,徳島県,鳴門市,撫養町木津
7720001,トクシマケン,ナルトシ,ムヤチョウクロサキ,徳島県,鳴門市,撫養町黒崎
7720002,トクシマケン,ナルトシ,ムヤチョウサイタ,徳島県,鳴門市,撫養町斎田
7720017,トクシマケン,ナルトシ,ムヤチョウタテイワ,徳島県,鳴門市,撫養町立岩
7720016,トクシマケン,ナルトシ,ムヤチョウハヤサキ,徳島県,鳴門市,撫養町林崎
7720014,トクシマケン,ナルトシ,ムヤチョウベザイテン,徳島県,鳴門市,撫養町弁財天
7720003,トクシマケン,ナルトシ,ムヤチョウミナミハマ,徳島県,鳴門市,撫養町南浜
7720015,トクシマケン,ナルトシ,ムヤチョウキタハマ,徳島県,鳴門市,撫養町北浜
7730000,トクシマケン,コマツシマシ,イカニケイサイガナイバアイ,徳島県,小松島市,以下に掲載がない場合
7730024,トクシマケン,コマツシマシ,アイシンデンチョウ,徳島県,小松島市,間新田町
7730021,トクシマケン,コマツシマシ,アカイシチョウ,徳島県,小松島市,赤石町
7730014,トクシマケン,コマツシマシ,エダチョウ,徳島県,小松島市,江田町
7730022,トクシマケン,コマツシマシ,オオハヤシチョウ,徳島県,小松島市,大林町
7730007,トクシマケン,コマツシマシ,カナイソチョウ,徳島県,小松島市,金磯町
7730002,トクシマケン,コマツシマシ,カンダセチョウ,徳島県,小松島市,神田瀬町
7730018,トクシマケン,コマツシマシ,クシブチチョウ,徳島県,小松島市,櫛淵町
7730001,トクシマケン,コマツシマシ,コマツシマチョウ,徳島県,小松島市,小松島町
7730023,トクシマケン,コマツシマシ,サカノチョウ,徳島県,小松島市,坂野町
7730009,トクシマケン,コマツシマシ,シボウチョウ,徳島県,小松島市,芝生町
7730012,トクシマケン,コマツシマシ,タウラチョウ,徳島県,小松島市,田浦町
7730017,トクシマケン,コマツシマシ,タツエチョウ,徳島県,小松島市,立江町
7730008,トクシマケン,コマツシマシ,タノチョウ,徳島県,小松島市,田野町
7730015,トクシマケン,コマツシマシ,チュウデンチョウ,徳島県,小松島市,中田町
7730019,トクシマケン,コマツシマシ,トヨウラチョウ,徳島県,小松島市,豊浦町
7730016,トクシマケン,コマツシマシ,ナカノゴウチョウ,徳島県,小松島市,中郷町
7730011,トクシマケン,コマツシマシ,ニイミチョウ,徳島県,小松島市,新居見町
7730010,トクシマケン,コマツシマシ,ヒガイノチョウ,徳島県,小松島市,日開野町
7730004,トクシマケン,コマツシマシ,ホリカワチョウ,徳島県,小松島市,堀川町
7730013,トクシマケン,コマツシマシ,マエバラチョウ,徳島県,小松島市,前原町
7730003,トクシマケン,コマツシマシ,マツシマチョウ,徳島県,小松島市,松島町
7730005,トクシマケン,コマツシマシ,ミナミコマツシマチョウ,徳島県,小松島市,南小松島町
7730006,トクシマケン,コマツシマシ,ヨコスチョウ,徳島県,小松島市,横須町
7730031,トクシマケン,コマツシマシ,ワダジマチョウ（マツダシンデン）,徳島県,小松島市,和田島町（松田新田）
7730025,トクシマケン,コマツシマシ,ワダジマチョウ（ソノタ）,徳島県,小松島市,和田島町（その他）
7730020,トクシマケン,コマツシマシ,ワダツビラキチョウ,徳島県,小松島市,和田津開町
7740000,トクシマケン,アナンシ,イカニケイサイガナイバアイ,徳島県,阿南市,以下に掲載がない場合
7791404,トクシマケン,アナンシ,アセビチョウ,徳島県,阿南市,阿瀬比町
7791510,トクシマケン,アナンシ,アラタノチョウ,徳島県,阿南市,新野町
7741760,トクシマケン,アナンシ,イシマチョウ,徳島県,阿南市,伊島町
7791401,トクシマケン,アナンシ,ウチワラチョウ,徳島県,阿南市,内原町
7715177,トクシマケン,アナンシ,オオイチョウ,徳島県,阿南市,大井町
7740022,トクシマケン,アナンシ,オオガタチョウ,徳島県,阿南市,大潟町
7715176,トクシマケン,アナンシ,オオタイチョウ,徳島県,阿南市,大田井町
7740014,トクシマケン,アナンシ,ガクバラチョウ,徳島県,阿南市,学原町
7740049,トクシマケン,アナンシ,カミオオノチョウ,徳島県,阿南市,上大野町
7740044,トクシマケン,アナンシ,カミナカチョウ,徳島県,阿南市,上中町
7715173,トクシマケン,アナンシ,カモチョウ,徳島県,阿南市,加茂町
7715170,トクシマケン,アナンシ,クスネチョウ,徳島県,阿南市,楠根町
7715171,トクシマケン,アナンシ,クマダニチョウ,徳島県,阿南市,熊谷町
7740006,トクシマケン,アナンシ,クロツチチョウ,徳島県,阿南市,黒津地町
7791402,トクシマケン,アナンシ,クワノチョウ,徳島県,阿南市,桑野町
7740015,トクシマケン,アナンシ,サイミチョウ,徳島県,阿南市,才見町
7740009,トクシマケン,アナンシ,サイロミチョウ,徳島県,阿南市,西路見町
7715178,トクシマケン,アナンシ,サカリチョウ,徳島県,阿南市,十八女町
7740047,トクシマケン,アナンシ,シモオオノチョウ,徳島県,阿南市,下大野町
7715174,トクシマケン,アナンシ,スイイチョウ,徳島県,阿南市,水井町
7740041,トクシマケン,アナンシ,スミヨシチョウ,徳島県,阿南市,住吉町
7740045,トクシマケン,アナンシ,タカラダチョウ,徳島県,阿南市,宝田町
7791631,トクシマケン,アナンシ,タチバナチョウ（コカツ）,徳島県,阿南市,橘町（小勝）
7791630,トクシマケン,アナンシ,タチバナチョウ（タテアジロ、ハカマ、ハカマホウジ、ボウメン）,徳島県,阿南市,橘町（タテアジロ、袴、袴傍示、棒面）
7740023,トクシマケン,アナンシ,タチバナチョウ（ソノタ）,徳島県,阿南市,橘町（その他）
7740001,トクシマケン,アナンシ,タツミチョウ,徳島県,阿南市,辰巳町
7740021,トクシマケン,アナンシ,ツノミネチョウ,徳島県,阿南市,津乃峰町
7791750,トクシマケン,アナンシ,ツバキチョウ,徳島県,阿南市,椿町
7791740,トクシマケン,アナンシ,ツバキドマリチョウ,徳島県,阿南市,椿泊町
7740007,トクシマケン,アナンシ,デキマチ,徳島県,阿南市,出来町
7740030,トクシマケン,アナンシ,トミオカチョウ,徳島県,阿南市,富岡町
7740002,トクシマケン,アナンシ,トヨマスチョウ,徳島県,阿南市,豊益町
7740046,トクシマケン,アナンシ,ナガイケチョウ,徳島県,阿南市,長生町
7740048,トクシマケン,アナンシ,ナカオオノチョウ,徳島県,阿南市,中大野町
7791242,トクシマケン,アナンシ,ナカガワチョウアカイケ,徳島県,阿南市,那賀川町赤池
7791114,トクシマケン,アナンシ,ナカガワチョウイマヅウラ,徳島県,阿南市,那賀川町今津浦
7791112,トクシマケン,アナンシ,ナカガワチョウイロガシマ,徳島県,阿南市,那賀川町色ケ島
7791111,トクシマケン,アナンシ,ナカガワチョウエノシマ,徳島県,阿南市,那賀川町江野島
7791243,トクシマケン,アナンシ,ナカガワチョウカミフクイ,徳島県,阿南市,那賀川町上福井
7791235,トクシマケン,アナンシ,ナカガワチョウカリヤ,徳島県,阿南市,那賀川町苅屋
7791246,トクシマケン,アナンシ,ナカガワチョウキタナカシマ,徳島県,阿南市,那賀川町北中島
7791121,トクシマケン,アナンシ,ナカガワチョウクロジ,徳島県,阿南市,那賀川町黒地
7791116,トクシマケン,アナンシ,ナカガワチョウコノブ,徳島県,阿南市,那賀川町小延
7791115,トクシマケン,アナンシ,ナカガワチョウシキジ,徳島県,阿南市,那賀川町敷地
7791117,トクシマケン,アナンシ,ナカガワチョウシマジリ,徳島県,阿南市,那賀川町島尻
7791233,トクシマケン,アナンシ,ナカガワチョウダイキョウバラ,徳島県,阿南市,那賀川町大京原
7791236,トクシマケン,アナンシ,ナカガワチョウタクムジ,徳島県,阿南市,那賀川町工地
7791123,トクシマケン,アナンシ,ナカガワチョウテシマ,徳島県,阿南市,那賀川町手島
7791245,トクシマケン,アナンシ,ナカガワチョウナカシマ,徳島県,阿南市,那賀川町中島
7791232,トクシマケン,アナンシ,ナカガワチョウニシハラ,徳島県,阿南市,那賀川町西原
7791231,トクシマケン,アナンシ,ナカガワチョウハラ,徳島県,阿南市,那賀川町原
7791119,トクシマケン,アナンシ,ナカガワチョウヒナタ,徳島県,阿南市,那賀川町日向
7791234,トクシマケン,アナンシ,ナカガワチョウフルツ,徳島県,阿南市,那賀川町古津
7791113,トクシマケン,アナンシ,ナカガワチョウホウザキ,徳島県,阿南市,那賀川町芳崎
7791241,トクシマケン,アナンシ,ナカガワチョウミグリュウ,徳島県,阿南市,那賀川町三栗
7791244,トクシマケン,アナンシ,ナカガワチョウミドリダイ,徳島県,阿南市,那賀川町みどり台
7791122,トクシマケン,アナンシ,ナカガワチョウヤワタ,徳島県,阿南市,那賀川町八幡
7791118,トクシマケン,アナンシ,ナカガワチョウユタカノ,徳島県,阿南市,那賀川町豊香野
7740016,トクシマケン,アナンシ,ナカバヤシチョウ,徳島県,阿南市,中林町
7740012,トクシマケン,アナンシ,ナナミチョウ,徳島県,阿南市,七見町
7791107,トクシマケン,アナンシ,ハノウラチョウイワワキ（オクノタニ）,徳島県,阿南市,羽ノ浦町岩脇（奥ノ谷）
7791106,トクシマケン,アナンシ,ハノウラチョウイワワキ（ソノタ）,徳島県,阿南市,羽ノ浦町岩脇（その他）
7791103,トクシマケン,アナンシ,ハノウラチョウカスガノ,徳島県,阿南市,羽ノ浦町春日野
7791109,トクシマケン,アナンシ,ハノウラチョウコモウ,徳島県,阿南市,羽ノ浦町古毛
7791101,トクシマケン,アナンシ,ハノウラチョウナカノショウ,徳島県,阿南市,羽ノ浦町中庄
7791104,トクシマケン,アナンシ,ハノウラチョウニシカスガノ,徳島県,阿南市,羽ノ浦町西春日野
7791105,トクシマケン,アナンシ,ハノウラチョウフルショウ,徳島県,阿南市,羽ノ浦町古庄
7791102,トクシマケン,アナンシ,ハノウラチョウミヤグラ,徳島県,阿南市,羽ノ浦町宮倉
7791108,トクシマケン,アナンシ,ハノウラチョウミョウケン,徳島県,阿南市,羽ノ浦町明見
7740008,トクシマケン,アナンシ,ハラガサキチョウ,徳島県,阿南市,原ケ崎町
7740003,トクシマケン,アナンシ,ハリチョウ,徳島県,阿南市,畭町
7740013,トクシマケン,アナンシ,ヒガイノチョウ,徳島県,阿南市,日開野町
7715179,トクシマケン,アナンシ,フカセチョウ,徳島県,阿南市,深瀬町
7791620,トクシマケン,アナンシ,フクイチョウ,徳島県,阿南市,福井町
7740004,トクシマケン,アナンシ,フクムラチョウ,徳島県,阿南市,福村町
7715175,トクシマケン,アナンシ,ホソノチョウ,徳島県,阿南市,細野町
7740017,トクシマケン,アナンシ,ミノバヤシチョウ,徳島県,阿南市,見能林町
7740005,トクシマケン,アナンシ,ムカイバラチョウ,徳島県,阿南市,向原町
7740043,トクシマケン,アナンシ,ヤナギジマチョウ,徳島県,阿南市,柳島町
7791403,トクシマケン,アナンシ,ヤマグチチョウ,徳島県,阿南市,山口町
7740042,トクシマケン,アナンシ,ヨコミチョウ,徳島県,阿南市,横見町
7715172,トクシマケン,アナンシ,ヨシイチョウ,徳島県,阿南市,吉井町
7740011,トクシマケン,アナンシ,リョウケチョウ,徳島県,阿南市,領家町
7760000,トクシマケン,ヨシノガワシ,イカニケイサイガナイバアイ,徳島県,吉野川市,以下に掲載がない場合
7760015,トクシマケン,ヨシノガワシ,カモジマチョウアワジマ,徳島県,吉野川市,鴨島町粟島
7760033,トクシマケン,ヨシノガワシ,カモジマチョウイノオ,徳島県,吉野川市,鴨島町飯尾
7760001,トクシマケン,ヨシノガワシ,カモジマチョウウシシマ,徳島県,吉野川市,鴨島町牛島
7760003,トクシマケン,ヨシノガワシ,カモジマチョウウチバラ,徳島県,吉野川市,鴨島町内原
7760002,トクシマケン,ヨシノガワシ,カモジマチョウオエヅカ,徳島県,吉野川市,鴨島町麻植塚
7760037,トクシマケン,ヨシノガワシ,カモジマチョウカミウラ,徳島県,吉野川市,鴨島町上浦
7760010,トクシマケン,ヨシノガワシ,カモジマチョウカモジマ,徳島県,吉野川市,鴨島町鴨島
7760011,トクシマケン,ヨシノガワシ,カモジマチョウカモジマコウ,徳島県,吉野川市,鴨島町鴨島甲
7760012,トクシマケン,ヨシノガワシ,カモジマチョウカモジマオツ,徳島県,吉野川市,鴨島町鴨島乙
7760005,トクシマケン,ヨシノガワシ,カモジマチョウキライ,徳島県,吉野川市,鴨島町喜来
7760006,トクシマケン,ヨシノガワシ,カモジマチョウキライコウ,徳島県,吉野川市,鴨島町喜来甲
7760007,トクシマケン,ヨシノガワシ,カモジマチョウキライオツ,徳島県,吉野川市,鴨島町喜来乙
7760034,トクシマケン,ヨシノガワシ,カモジマチョウゴキョウダンチ,徳島県,吉野川市,鴨島町呉郷団地
7760036,トクシマケン,ヨシノガワシ,カモジマチョウサンジ,徳島県,吉野川市,鴨島町山路
7760031,トクシマケン,ヨシノガワシ,カモジマチョウシキジ,徳島県,吉野川市,鴨島町敷地
7760013,トクシマケン,ヨシノガワシ,カモジマチョウジョウゲジマ,徳島県,吉野川市,鴨島町上下島
7760014,トクシマケン,ヨシノガワシ,カモジマチョウチエジマ,徳島県,吉野川市,鴨島町知恵島
7760004,トクシマケン,ヨシノガワシ,カモジマチョウナカジマ,徳島県,吉野川市,鴨島町中島
7760020,トクシマケン,ヨシノガワシ,カモジマチョウニシオエ,徳島県,吉野川市,鴨島町西麻植
7760032,トクシマケン,ヨシノガワシ,カモジマチョウヒヤマジ,徳島県,吉野川市,鴨島町樋山地
7760035,トクシマケン,ヨシノガワシ,カモジマチョウモリトウ,徳島県,吉野川市,鴨島町森藤
7793306,トクシマケン,ヨシノガワシ,カワシマチョウガク,徳島県,吉野川市,川島町学
7793301,トクシマケン,ヨシノガワシ,カワシマチョウカワシマ,徳島県,吉野川市,川島町川島
7793303,トクシマケン,ヨシノガワシ,カワシマチョウクワムラ,徳島県,吉野川市,川島町桑村
7793305,トクシマケン,ヨシノガワシ,カワシマチョウコジマ,徳島県,吉野川市,川島町児島
7793307,トクシマケン,ヨシノガワシ,カワシマチョウミツジマ,徳島県,吉野川市,川島町三ツ島
7793304,トクシマケン,ヨシノガワシ,カワシマチョウミヤノシマ,徳島県,吉野川市,川島町宮島
7793302,トクシマケン,ヨシノガワシ,カワシマチョウヤマダ,徳島県,吉野川市,川島町山田
7793501,トクシマケン,ヨシノガワシ,ミサトアイゴ,徳島県,吉野川市,美郷愛後
7793501,トクシマケン,ヨシノガワシ,ミサトアナジ,徳島県,吉野川市,美郷穴地
7793501,トクシマケン,ヨシノガワシ,ミサトイチノヤマ,徳島県,吉野川市,美郷一野山
7793505,トクシマケン,ヨシノガワシ,ミサトエビス,徳島県,吉野川市,美郷恵美子
7793501,トクシマケン,ヨシノガワシ,ミサトオオガミ,徳島県,吉野川市,美郷大神
7793502,トクシマケン,ヨシノガワシ,ミサトオオギシ,徳島県,吉野川市,美郷大岸
7793502,トクシマケン,ヨシノガワシ,ミサトオオザコ,徳島県,吉野川市,美郷大佐古
7793505,トクシマケン,ヨシノガワシ,ミサトオオジカ,徳島県,吉野川市,美郷大鹿
7793505,トクシマケン,ヨシノガワシ,ミサトオオノ,徳島県,吉野川市,美郷大野
7793501,トクシマケン,ヨシノガワシ,ミサトオオヒラ,徳島県,吉野川市,美郷大平
7793502,トクシマケン,ヨシノガワシ,ミサトオクブン,徳島県,吉野川市,美郷奥分
7793505,トクシマケン,ヨシノガワシ,ミサトオクマル,徳島県,吉野川市,美郷奥丸
7793501,トクシマケン,ヨシノガワシ,ミサトカキダニ,徳島県,吉野川市,美郷柿谷
7793502,トクシマケン,ヨシノガワシ,ミサトカシダイラ,徳島県,吉野川市,美郷樫平
7793505,トクシマケン,ヨシノガワシ,ミサトカミダニ,徳島県,吉野川市,美郷上谷
7793503,トクシマケン,ヨシノガワシ,ミサトカワマタ,徳島県,吉野川市,美郷川俣
7793502,トクシマケン,ヨシノガワシ,ミサトカワムカイ,徳島県,吉野川市,美郷川向
7793502,トクシマケン,ヨシノガワシ,ミサトキシノムネ,徳島県,吉野川市,美郷岸宗
7793501,トクシマケン,ヨシノガワシ,ミサトクララ,徳島県,吉野川市,美郷倉羅
7793505,トクシマケン,ヨシノガワシ,ミサトクリノキ,徳島県,吉野川市,美郷栗木
7793505,トクシマケン,ヨシノガワシ,ミサトクルミザカ,徳島県,吉野川市,美郷来見坂
7793505,トクシマケン,ヨシノガワシ,ミサトクレイシ,徳島県,吉野川市,美郷暮石
7793504,トクシマケン,ヨシノガワシ,ミサトケナシ,徳島県,吉野川市,美郷毛無
7793501,トクシマケン,ヨシノガワシ,ミサトコイ,徳島県,吉野川市,美郷古井
7793502,トクシマケン,ヨシノガワシ,ミサトコダケ,徳島県,吉野川市,美郷小竹
7793505,トクシマケン,ヨシノガワシ,ミサトコドチ,徳島県,吉野川市,美郷古土地
7793505,トクシマケン,ヨシノガワシ,ミサトコヤノウラ,徳島県,吉野川市,美郷木屋浦
7793505,トクシマケン,ヨシノガワシ,ミサトサンノウ,徳島県,吉野川市,美郷山王
7793501,トクシマケン,ヨシノガワシ,ミサトシゲノオ,徳島県,吉野川市,美郷重野尾
7793503,トクシマケン,ヨシノガワシ,ミサトシナノ,徳島県,吉野川市,美郷品野
7793501,トクシマケン,ヨシノガワシ,ミサトシモウラ,徳島県,吉野川市,美郷下浦
7793501,トクシマケン,ヨシノガワシ,ミサトシモジョウド,徳島県,吉野川市,美郷下城戸
7793502,トクシマケン,ヨシノガワシ,ミサトシモハタ,徳島県,吉野川市,美郷下畠
7793502,トクシマケン,ヨシノガワシ,ミサトシモバヤシ,徳島県,吉野川市,美郷下林
7793501,トクシマケン,ヨシノガワシ,ミサトジョウドミネ,徳島県,吉野川市,美郷上戸峯
7793505,トクシマケン,ヨシノガワシ,ミサトスゲソウ,徳島県,吉野川市,美郷菅草
7793501,トクシマケン,ヨシノガワシ,ミサトタイラ,徳島県,吉野川市,美郷平
7793503,トクシマケン,ヨシノガワシ,ミサトタカノオ,徳島県,吉野川市,美郷高野尾
7793501,トクシマケン,ヨシノガワシ,ミサトタキガヤマ,徳島県,吉野川市,美郷滝ケ山
7793502,トクシマケン,ヨシノガワシ,ミサトタケヤシキ,徳島県,吉野川市,美郷竹屋敷
7793501,トクシマケン,ヨシノガワシ,ミサトタダイラ,徳島県,吉野川市,美郷田平
7793502,トクシマケン,ヨシノガワシ,ミサトタテイシ,徳島県,吉野川市,美郷立石
7793502,トクシマケン,ヨシノガワシ,ミサトタニムカイ,徳島県,吉野川市,美郷谷向
7793505,トクシマケン,ヨシノガワシ,ミサトツキノ,徳島県,吉野川市,美郷月野
7793501,トクシマケン,ヨシノガワシ,ミサトテラオ,徳島県,吉野川市,美郷照尾
7793504,トクシマケン,ヨシノガワシ,ミサトドイノオク,徳島県,吉野川市,美郷土井ノ奥
7793504,トクシマケン,ヨシノガワシ,ミサトトウゲ,徳島県,吉野川市,美郷峠
7793505,トクシマケン,ヨシノガワシ,ミサトトチダニ,徳島県,吉野川市,美郷栩谷
7793505,トクシマケン,ヨシノガワシ,ミサトトノカワ,徳島県,吉野川市,美郷殿河
7793505,トクシマケン,ヨシノガワシ,ミサトドヨウジ,徳島県,吉野川市,美郷土用地
7793503,トクシマケン,ヨシノガワシ,ミサトナカスジ,徳島県,吉野川市,美郷中筋
7793505,トクシマケン,ヨシノガワシ,ミサトナカノタニ,徳島県,吉野川市,美郷中谷
7793502,トクシマケン,ヨシノガワシ,ミサトナカハタ,徳島県,吉野川市,美郷中畠
7793502,トクシマケン,ヨシノガワシ,ミサトナカブン,徳島県,吉野川市,美郷中分
7793502,トクシマケン,ヨシノガワシ,ミサトナカムラナカスジ,徳島県,吉野川市,美郷中村中筋
7793502,トクシマケン,ヨシノガワシ,ミサトニシジョウ,徳島県,吉野川市,美郷西條
7793502,トクシマケン,ヨシノガワシ,ミサトニシタニ,徳島県,吉野川市,美郷西谷
7793502,トクシマケン,ヨシノガワシ,ミサトニシハタ,徳島県,吉野川市,美郷西畠
7793502,トクシマケン,ヨシノガワシ,ミサトニシマキヤマ,徳島県,吉野川市,美郷西槇山
7793504,トクシマケン,ヨシノガワシ,ミサトハケイシ,徳島県,吉野川市,美郷刷石
7793505,トクシマケン,ヨシノガワシ,ミサトハナジ,徳島県,吉野川市,美郷花地
7793501,トクシマケン,ヨシノガワシ,ミサトハリ,徳島県,吉野川市,美郷張
7793501,トクシマケン,ヨシノガワシ,ミサトハリミネ,徳島県,吉野川市,美郷張峯
7793502,トクシマケン,ヨシノガワシ,ミサトヒウラ,徳島県,吉野川市,美郷日浦
7793502,トクシマケン,ヨシノガワシ,ミサトヒガシ,徳島県,吉野川市,美郷東
7793502,トクシマケン,ヨシノガワシ,ミサトヒガシジョウ,徳島県,吉野川市,美郷東條
7793502,トクシマケン,ヨシノガワシ,ミサトヒガシマキヤマ,徳島県,吉野川市,美郷東槇山
7793505,トクシマケン,ヨシノガワシ,ミサトヒガシヤマトウゲ,徳島県,吉野川市,美郷東山峠
7793502,トクシマケン,ヨシノガワシ,ミサトマキヤマ,徳島県,吉野川市,美郷槇山
7793502,トクシマケン,ヨシノガワシ,ミサトマツオ,徳島県,吉野川市,美郷松尾
7793505,トクシマケン,ヨシノガワシ,ミサトマルヤマ,徳島県,吉野川市,美郷丸山
7793501,トクシマケン,ヨシノガワシ,ミサトミヤグラ,徳島県,吉野川市,美郷宮倉
7793501,トクシマケン,ヨシノガワシ,ミサトムネダ,徳島県,吉野川市,美郷宗田
7793502,トクシマケン,ヨシノガワシ,ミサトヤノマル,徳島県,吉野川市,美郷矢ノ丸
7793505,トクシマケン,ヨシノガワシ,ミサトユゲ,徳島県,吉野川市,美郷湯下
7793503,トクシマケン,ヨシノガワシ,ミサトユドノ,徳島県,吉野川市,美郷湯殿
7793407,トクシマケン,ヨシノガワシ,ヤマカワチョウアオギ,徳島県,吉野川市,山川町青木
7793407,トクシマケン,ヨシノガワシ,ヤマカワチョウアカイワ,徳島県,吉野川市,山川町赤岩
7793405,トクシマケン,ヨシノガワシ,ヤマカワチョウアカハネ,徳島県,吉野川市,山川町赤刎
7793407,トクシマケン,ヨシノガワシ,ヤマカワチョウアサヒ,徳島県,吉野川市,山川町朝日
7793407,トクシマケン,ヨシノガワシ,ヤマカワチョウアンラクジ,徳島県,吉野川市,山川町安楽寺
7793401,トクシマケン,ヨシノガワシ,ヤマカワチョウイシドウ,徳島県,吉野川市,山川町石堂
7793405,トクシマケン,ヨシノガワシ,ヤマカワチョウイズホ,徳島県,吉野川市,山川町伊端穂
7793404,トクシマケン,ヨシノガワシ,ヤマカワチョウイチクボ,徳島県,吉野川市,山川町市久保
7793404,トクシマケン,ヨシノガワシ,ヤマカワチョウイチリヅカ,徳島県,吉野川市,山川町一里塚
7793405,トクシマケン,ヨシノガワシ,ヤマカワチョウイノウエ,徳島県,吉野川市,山川町井上
7793405,トクシマケン,ヨシノガワシ,ヤマカワチョウイノソバ,徳島県,吉野川市,山川町井傍
7793402,トクシマケン,ヨシノガワシ,ヤマカワチョウイムベ,徳島県,吉野川市,山川町忌部
7793402,トクシマケン,ヨシノガワシ,ヤマカワチョウイムベヤマ,徳島県,吉野川市,山川町忌部山
7793402,トクシマケン,ヨシノガワシ,ヤマカワチョウイワト,徳島県,吉野川市,山川町岩戸
7793405,トクシマケン,ヨシノガワシ,ヤマカワチョウウシノコオ,徳島県,吉野川市,山川町牛ノ子尾
7793407,トクシマケン,ヨシノガワシ,ヤマカワチョウウラヤマ,徳島県,吉野川市,山川町浦山
7793401,トクシマケン,ヨシノガワシ,ヤマカワチョウエゲ,徳島県,吉野川市,山川町恵下
7793406,トクシマケン,ヨシノガワシ,ヤマカワチョウエノキダニ,徳島県,吉野川市,山川町榎谷
7793406,トクシマケン,ヨシノガワシ,ヤマカワチョウオオウチ,徳島県,吉野川市,山川町大内
7793404,トクシマケン,ヨシノガワシ,ヤマカワチョウオオスカ,徳島県,吉野川市,山川町大須賀
7793404,トクシマケン,ヨシノガワシ,ヤマカワチョウオオツカ,徳島県,吉野川市,山川町大塚
7793405,トクシマケン,ヨシノガワシ,ヤマカワチョウオオトダニ,徳島県,吉野川市,山川町大藤谷
7793405,トクシマケン,ヨシノガワシ,ヤマカワチョウオオミネ,徳島県,吉野川市,山川町大峰
7793405,トクシマケン,ヨシノガワシ,ヤマカワチョウオオムロ,徳島県,吉野川市,山川町大室
7793404,トクシマケン,ヨシノガワシ,ヤマカワチョウオカケ,徳島県,吉野川市,山川町麻掛
7793401,トクシマケン,ヨシノガワシ,ヤマカワチョウオキダイ,徳島県,吉野川市,山川町翁喜台
7793406,トクシマケン,ヨシノガワシ,ヤマカワチョウオクカワタ,徳島県,吉野川市,山川町奥川田
7793406,トクシマケン,ヨシノガワシ,ヤマカワチョウオクノイ,徳島県,吉野川市,山川町奥野井
7793405,トクシマケン,ヨシノガワシ,ヤマカワチョウオクバラ,徳島県,吉野川市,山川町奥原
7793406,トクシマケン,ヨシノガワシ,ヤマカワチョウカイゼ,徳島県,吉野川市,山川町皆瀬
7793404,トクシマケン,ヨシノガワシ,ヤマカワチョウカエキバラ,徳島県,吉野川市,山川町槻原
7793405,トクシマケン,ヨシノガワシ,ヤマカワチョウカキノキダニ,徳島県,吉野川市,山川町柿木谷
7793405,トクシマケン,ヨシノガワシ,ヤマカワチョウカシノモト,徳島県,吉野川市,山川町楮本
7793403,トクシマケン,ヨシノガワシ,ヤマカワチョウカスガ,徳島県,吉野川市,山川町春日
7793405,トクシマケン,ヨシノガワシ,ヤマカワチョウカタギシ,徳島県,吉野川市,山川町片岸
7793404,トクシマケン,ヨシノガワシ,ヤマカワチョウカワタ,徳島県,吉野川市,山川町川田
7793404,トクシマケン,ヨシノガワシ,ヤマカワチョウカワタイチ,徳島県,吉野川市,山川町川田市
7793404,トクシマケン,ヨシノガワシ,ヤマカワチョウカワタテンジン,徳島県,吉野川市,山川町川田天神
7793405,トクシマケン,ヨシノガワシ,ヤマカワチョウカワタハチマン,徳島県,吉野川市,山川町川田八幡
7793401,トクシマケン,ヨシノガワシ,ヤマカワチョウカワヒガシ,徳島県,吉野川市,山川町川東
7793407,トクシマケン,ヨシノガワシ,ヤマカワチョウギオン,徳島県,吉野川市,山川町祗園
7793404,トクシマケン,ヨシノガワシ,ヤマカワチョウキタジマ,徳島県,吉野川市,山川町北島
7793403,トクシマケン,ヨシノガワシ,ヤマカワチョウキタスガ,徳島県,吉野川市,山川町北須賀
7793405,トクシマケン,ヨシノガワシ,ヤマカワチョウキドグチ,徳島県,吉野川市,山川町木戸口
7793406,トクシマケン,ヨシノガワシ,ヤマカワチョウクスネジ,徳島県,吉野川市,山川町楠根地
7793402,トクシマケン,ヨシノガワシ,ヤマカワチョウクモミヤ,徳島県,吉野川市,山川町雲宮
7793405,トクシマケン,ヨシノガワシ,ヤマカワチョウクロイワ,徳島県,吉野川市,山川町黒岩
7793406,トクシマケン,ヨシノガワシ,ヤマカワチョウクワウチ,徳島県,吉野川市,山川町桑内
7793405,トクシマケン,ヨシノガワシ,ヤマカワチョウクワノミネ,徳島県,吉野川市,山川町桑ノ峰
7793405,トクシマケン,ヨシノガワシ,ヤマカワチョウコウズ,徳島県,吉野川市,山川町高頭
7793405,トクシマケン,ヨシノガワシ,ヤマカワチョウゴセンメン,徳島県,吉野川市,山川町御饌免
7793405,トクシマケン,ヨシノガワシ,ヤマカワチョウゴリョカン,徳島県,吉野川市,山川町御旅館
7793405,トクシマケン,ヨシノガワシ,ヤマカワチョウゴンゲンダニ,徳島県,吉野川市,山川町権現谷
7793407,トクシマケン,ヨシノガワシ,ヤマカワチョウサカイダニ,徳島県,吉野川市,山川町境谷
7793405,トクシマケン,ヨシノガワシ,ヤマカワチョウサカグチ,徳島県,吉野川市,山川町坂口
7793407,トクシマケン,ヨシノガワシ,ヤマカワチョウサカタ,徳島県,吉野川市,山川町坂田
7793405,トクシマケン,ヨシノガワシ,ヤマカワチョウサダタ,徳島県,吉野川市,山川町貞田
7793405,トクシマケン,ヨシノガワシ,ヤマカワチョウショウジ,徳島県,吉野川市,山川町小路
7793407,トクシマケン,ヨシノガワシ,ヤマカワチョウシンタダニ,徳島県,吉野川市,山川町新田谷
7793407,トクシマケン,ヨシノガワシ,ヤマカワチョウスエクニ,徳島県,吉野川市,山川町季邦
7793401,トクシマケン,ヨシノガワシ,ヤマカワチョウスミヨシ,徳島県,吉野川市,山川町住吉
7793403,トクシマケン,ヨシノガワシ,ヤマカワチョウスワ,徳島県,吉野川市,山川町諏訪
7793405,トクシマケン,ヨシノガワシ,ヤマカワチョウセヅ,徳島県,吉野川市,山川町瀬津
7793401,トクシマケン,ヨシノガワシ,ヤマカワチョウタテイシ,徳島県,吉野川市,山川町建石
7793405,トクシマケン,ヨシノガワシ,ヤマカワチョウタノウラ,徳島県,吉野川市,山川町田ノ浦
7793405,トクシマケン,ヨシノガワシ,ヤマカワチョウツカアナ,徳島県,吉野川市,山川町塚穴
7793405,トクシマケン,ヨシノガワシ,ヤマカワチョウツチボトケニシムカイ,徳島県,吉野川市,山川町土仏西向
7793404,トクシマケン,ヨシノガワシ,ヤマカワチョウツツミヤマ,徳島県,吉野川市,山川町鼓山
7793407,トクシマケン,ヨシノガワシ,ヤマカワチョウツユダニ,徳島県,吉野川市,山川町津由谷
7793403,トクシマケン,ヨシノガワシ,ヤマカワチョウテイガイ,徳島県,吉野川市,山川町堤外
7793402,トクシマケン,ヨシノガワシ,ヤマカワチョウテイナイ,徳島県,吉野川市,山川町堤内
7793402,トクシマケン,ヨシノガワシ,ヤマカワチョウテンジン,徳島県,吉野川市,山川町天神
7793405,トクシマケン,ヨシノガワシ,ヤマカワチョウテンジンサコ,徳島県,吉野川市,山川町天神佐古
7793405,トクシマケン,ヨシノガワシ,ヤマカワチョウテンノウバラ,徳島県,吉野川市,山川町天王原
7793405,トクシマケン,ヨシノガワシ,ヤマカワチョウドバシ,徳島県,吉野川市,山川町土橋
7793405,トクシマケン,ヨシノガワシ,ヤマカワチョウドバシノウエ,徳島県,吉野川市,山川町土橋ノ上
7793402,トクシマケン,ヨシノガワシ,ヤマカワチョウナカスカ,徳島県,吉野川市,山川町中須賀
7793405,トクシマケン,ヨシノガワシ,ヤマカワチョウナカノゴウ,徳島県,吉野川市,山川町中ノ郷
7793402,トクシマケン,ヨシノガワシ,ヤマカワチョウナガレ,徳島県,吉野川市,山川町流
7793405,トクシマケン,ヨシノガワシ,ヤマカワチョウナベクラ,徳島県,吉野川市,山川町鍋倉
7793402,トクシマケン,ヨシノガワシ,ヤマカワチョウニシクボ,徳島県,吉野川市,山川町西久保
7793407,トクシマケン,ヨシノガワシ,ヤマカワチョウニシノハラ,徳島県,吉野川市,山川町西ノ原
7793406,トクシマケン,ヨシノガワシ,ヤマカワチョウニシノミネ,徳島県,吉野川市,山川町西野峰
7793402,トクシマケン,ヨシノガワシ,ヤマカワチョウニシフモト,徳島県,吉野川市,山川町西麓
7793405,トクシマケン,ヨシノガワシ,ヤマカワチョウノミヤダニ,徳島県,吉野川市,山川町野宮谷
7793407,トクシマケン,ヨシノガワシ,ヤマカワチョウハタミ,徳島県,吉野川市,山川町旗見
7793405,トクシマケン,ヨシノガワシ,ヤマカワチョウハチガクボ,徳島県,吉野川市,山川町八ケ久保
7793403,トクシマケン,ヨシノガワシ,ヤマカワチョウハチマン,徳島県,吉野川市,山川町八幡
7793405,トクシマケン,ヨシノガワシ,ヤマカワチョウハリノキバラ,徳島県,吉野川市,山川町榛木原
7793402,トクシマケン,ヨシノガワシ,ヤマカワチョウヒガシフモト,徳島県,吉野川市,山川町東麓
7793407,トクシマケン,ヨシノガワシ,ヤマカワチョウヒガシムギハラ,徳島県,吉野川市,山川町東麦原
7793404,トクシマケン,ヨシノガワシ,ヤマカワチョウヒキチ,徳島県,吉野川市,山川町引地
7793406,トクシマケン,ヨシノガワシ,ヤマカワチョウヒサムネ,徳島県,吉野川市,山川町久宗
7793404,トクシマケン,ヨシノガワシ,ヤマカワチョウヒヂリコ,徳島県,吉野川市,山川町日知利子
7793405,トクシマケン,ヨシノガワシ,ヤマカワチョウヒトツイシ,徳島県,吉野川市,山川町一ツ石
7793405,トクシマケン,ヨシノガワシ,ヤマカワチョウヒラヤマ,徳島県,吉野川市,山川町平山
7793405,トクシマケン,ヨシノガワシ,ヤマカワチョウヒワシダニ,徳島県,吉野川市,山川町日鷲谷
7793404,トクシマケン,ヨシノガワシ,ヤマカワチョウフジショウ,徳島県,吉野川市,山川町藤生
7793404,トクシマケン,ヨシノガワシ,ヤマカワチョウフナト,徳島県,吉野川市,山川町舟戸
7793407,トクシマケン,ヨシノガワシ,ヤマカワチョウフルシロ,徳島県,吉野川市,山川町古城
7793403,トクシマケン,ヨシノガワシ,ヤマカワチョウマエガワ,徳島県,吉野川市,山川町前川
7793401,トクシマケン,ヨシノガワシ,ヤマカワチョウマチ,徳島県,吉野川市,山川町町
7793406,トクシマケン,ヨシノガワシ,ヤマカワチョウマミオ,徳島県,吉野川市,山川町馬見尾
7793407,トクシマケン,ヨシノガワシ,ヤマカワチョウマルヤマ,徳島県,吉野川市,山川町丸山
7793403,トクシマケン,ヨシノガワシ,ヤマカワチョウミシマ,徳島県,吉野川市,山川町三島
7793402,トクシマケン,ヨシノガワシ,ヤマカワチョウミヤキタ,徳島県,吉野川市,山川町宮北
7793407,トクシマケン,ヨシノガワシ,ヤマカワチョウミヤジ,徳島県,吉野川市,山川町宮地
7793402,トクシマケン,ヨシノガワシ,ヤマカワチョウミヤジマ,徳島県,吉野川市,山川町宮島
7793405,トクシマケン,ヨシノガワシ,ヤマカワチョウミヤダニ,徳島県,吉野川市,山川町宮谷
7793407,トクシマケン,ヨシノガワシ,ヤマカワチョウムカエザカ,徳島県,吉野川市,山川町迎坂
7793407,トクシマケン,ヨシノガワシ,ヤマカワチョウムギハラ,徳島県,吉野川市,山川町麦原
7793407,トクシマケン,ヨシノガワシ,ヤマカワチョウムコウザカ,徳島県,吉野川市,山川町向坂
7793405,トクシマケン,ヨシノガワシ,ヤマカワチョウムラクモ,徳島県,吉野川市,山川町村雲
7793405,トクシマケン,ヨシノガワシ,ヤマカワチョウモソウ,徳島県,吉野川市,山川町茂草
7793405,トクシマケン,ヨシノガワシ,ヤマカワチョウヤオチ,徳島県,吉野川市,山川町矢落
7793402,トクシマケン,ヨシノガワシ,ヤマカワチョウヤマジ,徳島県,吉野川市,山川町山路
7793407,トクシマケン,ヨシノガワシ,ヤマカワチョウヤマノカミ,徳島県,吉野川市,山川町山ノ神
7793405,トクシマケン,ヨシノガワシ,ヤマカワチョウユウマヤマ,徳島県,吉野川市,山川町木綿麻山
7793404,トクシマケン,ヨシノガワシ,ヤマカワチョウユダテ,徳島県,吉野川市,山川町湯立
7793407,トクシマケン,ヨシノガワシ,ヤマカワチョウヨコハシリ,徳島県,吉野川市,山川町横走
7793403,トクシマケン,ヨシノガワシ,ヤマカワチョウワカミヤ,徳島県,吉野川市,山川町若宮
7711700,トクシマケン,アワシ,イカニケイサイガナイバアイ,徳島県,阿波市,以下に掲載がない場合
7711705,トクシマケン,アワシ,アワチョウアカサカ,徳島県,阿波市,阿波町赤坂
7711705,トクシマケン,アワシ,アワチョウイオウジ,徳島県,阿波市,阿波町医王寺
7711701,トクシマケン,アワシ,アワチョウイサワイチ,徳島県,阿波市,阿波町伊沢市
7711703,トクシマケン,アワシ,アワチョウイサワダ,徳島県,阿波市,阿波町伊沢田
7711704,トクシマケン,アワシ,アワチョウイサワダニヒガシベリ,徳島県,阿波市,阿波町伊沢谷東縁
7711702,トクシマケン,アワシ,アワチョウイセ,徳島県,阿波市,阿波町伊勢
7711702,トクシマケン,アワシ,アワチョウイデグチ,徳島県,阿波市,阿波町井出口
7711704,トクシマケン,アワシ,アワチョウイトガ,徳島県,阿波市,阿波町糸下
7711702,トクシマケン,アワシ,アワチョウイナリ,徳島県,阿波市,阿波町稲荷
7711704,トクシマケン,アワシ,アワチョウイモバ,徳島県,阿波市,阿波町芋場
7711705,トクシマケン,アワシ,アワチョウイヤシキ,徳島県,阿波市,阿波町居屋敷
7711706,トクシマケン,アワシ,アワチョウイワヅ,徳島県,阿波市,阿波町岩津
7711706,トクシマケン,アワシ,アワチョウウエザクラ,徳島県,阿波市,阿波町植桜
7711705,トクシマケン,アワシ,アワチョウウメカワウチ,徳島県,阿波市,阿波町梅川内
7711704,トクシマケン,アワシ,アワチョウウメノキバラ,徳島県,阿波市,阿波町梅ノ木原
7711704,トクシマケン,アワシ,アワチョウウメノヒガシ,徳島県,阿波市,阿波町梅ノ東
7711701,トクシマケン,アワシ,アワチョウオウジ,徳島県,阿波市,阿波町王地
7711705,トクシマケン,アワシ,アワチョウオウジガワ,徳島県,阿波市,阿波町王子川
7711701,トクシマケン,アワシ,アワチョウオウジミナミ,徳島県,阿波市,阿波町王地南
7711702,トクシマケン,アワシ,アワチョウオオクボ,徳島県,阿波市,阿波町大久保
7711701,トクシマケン,アワシ,アワチョウオオツボ,徳島県,阿波市,阿波町大坪
7711701,トクシマケン,アワシ,アワチョウオオハラ,徳島県,阿波市,阿波町大原
7711703,トクシマケン,アワシ,アワチョウオオミチキタ,徳島県,阿波市,阿波町大道北
7711701,トクシマケン,アワシ,アワチョウオオミチミナミ,徳島県,阿波市,阿波町大道南
7711703,トクシマケン,アワシ,アワチョウオカジ,徳島県,阿波市,阿波町岡地
7711704,トクシマケン,アワシ,アワチョウオグラ,徳島県,阿波市,阿波町小倉
7711706,トクシマケン,アワシ,アワチョウオツイワヅ,徳島県,阿波市,阿波町乙岩津
7711702,トクシマケン,アワシ,アワチョウカシワダニサユウ,徳島県,阿波市,阿波町柏谷左右
7711701,トクシマケン,アワシ,アワチョウカツミョウ,徳島県,阿波市,阿波町勝命
7711701,トクシマケン,アワシ,アワチョウカツミョウキタ,徳島県,阿波市,阿波町勝命北
7711704,トクシマケン,アワシ,アワチョウカメゾコ,徳島県,阿波市,阿波町亀底
7711705,トクシマケン,アワシ,アワチョウカワクボ,徳島県,阿波市,阿波町川久保
7711702,トクシマケン,アワシ,アワチョウカワゾエ,徳島県,阿波市,阿波町川添
7711706,トクシマケン,アワシ,アワチョウキタオカ,徳島県,阿波市,阿波町北岡
7711704,トクシマケン,アワシ,アワチョウキタクボ,徳島県,阿波市,阿波町北久保
7711704,トクシマケン,アワシ,アワチョウキタゴミジリ,徳島県,阿波市,阿波町北五味知
7711703,トクシマケン,アワシ,アワチョウキタシボウ,徳島県,阿波市,阿波町北柴生
7711705,トクシマケン,アワシ,アワチョウキタセイリ,徳島県,阿波市,阿波町北整理
7711706,トクシマケン,アワシ,アワチョウキタニシダニ,徳島県,阿波市,阿波町北西谷
7711702,トクシマケン,アワシ,アワチョウキタノミョウ,徳島県,阿波市,阿波町北ノ名
7711703,トクシマケン,アワシ,アワチョウキタバラ,徳島県,阿波市,阿波町北原
7711704,トクシマケン,アワシ,アワチョウキタマサヒロ,徳島県,阿波市,阿波町北正広
7711705,トクシマケン,アワシ,アワチョウキタヤマ,徳島県,阿波市,阿波町北山
7711701,トクシマケン,アワシ,アワチョウコウシンバラ,徳島県,阿波市,阿波町庚申原
7711705,トクシマケン,アワシ,アワチョウゴミョウ,徳島県,阿波市,阿波町五明
7711705,トクシマケン,アワシ,アワチョウサクラノオカ,徳島県,阿波市,阿波町桜ノ岡
7711705,トクシマケン,アワシ,アワチョウサムカゼ,徳島県,阿波市,阿波町寒風
7711702,トクシマケン,アワシ,アワチョウサンノウ,徳島県,阿波市,阿波町山王
7711706,トクシマケン,アワシ,アワチョウサンボンヤナギ,徳島県,阿波市,阿波町三本柳
7711702,トクシマケン,アワシ,アワチョウシブイチ,徳島県,阿波市,阿波町四歩一
7711701,トクシマケン,アワシ,アワチョウシモギライ,徳島県,阿波市,阿波町下喜来
7711701,トクシマケン,アワシ,アワチョウシモギライミナミ,徳島県,阿波市,阿波町下喜来南
7711702,トクシマケン,アワシ,アワチョウシモバラ,徳島県,阿波市,阿波町下原
7711705,トクシマケン,アワシ,アワチョウジュウゼンジ,徳島県,阿波市,阿波町十善地
7711701,トクシマケン,アワシ,アワチョウシンバリ,徳島県,阿波市,阿波町新開
7711703,トクシマケン,アワシ,アワチョウシンプクジ,徳島県,阿波市,阿波町真福寺
7711701,トクシマケン,アワシ,アワチョウセイバラ,徳島県,阿波市,阿波町清原
7711705,トクシマケン,アワシ,アワチョウゼンジ,徳島県,阿波市,阿波町善地
7711702,トクシマケン,アワシ,アワチョウダイジロウ,徳島県,阿波市,阿波町大次郎
7711705,トクシマケン,アワシ,アワチョウタカガキ,徳島県,阿波市,阿波町高垣
7711704,トクシマケン,アワシ,アワチョウタテワリ,徳島県,阿波市,阿波町立割
7711702,トクシマケン,アワシ,アワチョウタニグチ,徳島県,阿波市,阿波町谷口
7711701,トクシマケン,アワシ,アワチョウタニジマ,徳島県,阿波市,阿波町谷島
7711701,トクシマケン,アワシ,アワチョウタニジマキタ,徳島県,阿波市,阿波町谷島北
7711703,トクシマケン,アワシ,アワチョウツナカケ,徳島県,阿波市,阿波町綱懸
7711702,トクシマケン,アワシ,アワチョウテラサコ,徳島県,阿波市,阿波町寺サコ
7711702,トクシマケン,アワシ,アワチョウテンサイザン,徳島県,阿波市,阿波町天西山
7711703,トクシマケン,アワシ,アワチョウトウジョウ,徳島県,阿波市,阿波町東条
7711705,トクシマケン,アワシ,アワチョウトチガクボ,徳島県,阿波市,阿波町栩ケ窪
7711706,トクシマケン,アワシ,アワチョウナカガワハラ,徳島県,阿波市,阿波町中川原
7711706,トクシマケン,アワシ,アワチョウナカツボ,徳島県,阿波市,阿波町中坪
7711706,トクシマケン,アワシ,アワチョウナカナガミネ,徳島県,阿波市,阿波町中長峰
7711703,トクシマケン,アワシ,アワチョウナカハラ,徳島県,阿波市,阿波町中原
7711703,トクシマケン,アワシ,アワチョウニシシボウ,徳島県,阿波市,阿波町西柴生
7711706,トクシマケン,アワシ,アワチョウニシジマ,徳島県,阿波市,阿波町西島
7711701,トクシマケン,アワシ,アワチョウニシセイバラ,徳島県,阿波市,阿波町西清原
7711706,トクシマケン,アワシ,アワチョウニシセイリ,徳島県,阿波市,阿波町西整理
7711706,トクシマケン,アワシ,アワチョウニシナガミネ,徳島県,阿波市,阿波町西長峰
7711702,トクシマケン,アワシ,アワチョウニシノオカ,徳島県,阿波市,阿波町西ノ岡
7711706,トクシマケン,アワシ,アワチョウニシバヤシ,徳島県,阿波市,阿波町西林
7711703,トクシマケン,アワシ,アワチョウニシバラ,徳島県,阿波市,阿波町西原
7711704,トクシマケン,アワシ,アワチョウニシマサヒロ,徳島県,阿波市,阿波町西正広
7711702,トクシマケン,アワシ,アワチョウノガミ,徳島県,阿波市,阿波町野神
7711704,トクシマケン,アワシ,アワチョウハッチョウバラ,徳島県,阿波市,阿波町八丁原
7711705,トクシマケン,アワシ,アワチョウババ,徳島県,阿波市,阿波町馬場
7711706,トクシマケン,アワシ,アワチョウヒガシカワハラ,徳島県,阿波市,阿波町東川原
7711703,トクシマケン,アワシ,アワチョウヒガシシボウ,徳島県,阿波市,阿波町東柴生
7711706,トクシマケン,アワシ,アワチョウヒガシジマ,徳島県,阿波市,阿波町東島
7711706,トクシマケン,アワシ,アワチョウヒガシセイリ,徳島県,阿波市,阿波町東整理
7711706,トクシマケン,アワシ,アワチョウヒガシナガミネ,徳島県,阿波市,阿波町東長峰
7711703,トクシマケン,アワシ,アワチョウヒガシバラ,徳島県,阿波市,阿波町東原
7711704,トクシマケン,アワシ,アワチョウヒガシマサヒロ,徳島県,阿波市,阿波町東正広
7711706,トクシマケン,アワシ,アワチョウヒガシムラ,徳島県,阿波市,阿波町東村
7711704,トクシマケン,アワシ,アワチョウヒキチ,徳島県,阿波市,阿波町引地
7711702,トクシマケン,アワシ,アワチョウヒサハラ,徳島県,阿波市,阿波町久原
7711705,トクシマケン,アワシ,アワチョウヒヨシダニ,徳島県,阿波市,阿波町日吉谷
7711704,トクシマケン,アワシ,アワチョウヒロノ,徳島県,阿波市,阿波町広野
7711701,トクシマケン,アワシ,アワチョウヘイガワラキタ,徳島県,阿波市,阿波町平川原北
7711701,トクシマケン,アワシ,アワチョウヘイガワラミナミ,徳島県,阿波市,阿波町平川原南
7711702,トクシマケン,アワシ,アワチョウホンマチ,徳島県,阿波市,阿波町本町
7711702,トクシマケン,アワシ,アワチョウホンヤス,徳島県,阿波市,阿波町本安
7711703,トクシマケン,アワシ,アワチョウマエジマ,徳島県,阿波市,阿波町前島
7711704,トクシマケン,アワシ,アワチョウマシゲ,徳島県,阿波市,阿波町真重
7711705,トクシマケン,アワシ,アワチョウマツカワウチ,徳島県,阿波市,阿波町松川内
7711703,トクシマケン,アワシ,アワチョウマルヤマ,徳島県,阿波市,阿波町丸山
7711706,トクシマケン,アワシ,アワチョウミナミカワハラ,徳島県,阿波市,阿波町南川原
7711704,トクシマケン,アワシ,アワチョウミナミゴミジリ,徳島県,阿波市,阿波町南五味知
7711703,トクシマケン,アワシ,アワチョウミナミシボウ,徳島県,阿波市,阿波町南柴生
7711706,トクシマケン,アワシ,アワチョウミナミセイリ,徳島県,阿波市,阿波町南整理
7711701,トクシマケン,アワシ,アワチョウミナミタニジマ,徳島県,阿波市,阿波町南谷島
7711706,トクシマケン,アワシ,アワチョウミナミニシダニ,徳島県,阿波市,阿波町南西谷
7711704,トクシマケン,アワシ,アワチョウモトマチ,徳島県,阿波市,阿波町元町
7711702,トクシマケン,アワシ,アワチョウモリサワ,徳島県,阿波市,阿波町森沢
7711702,トクシマケン,アワシ,アワチョウヤスマサ,徳島県,阿波市,阿波町安政
7711702,トクシマケン,アワシ,アワチョウヤマジリ,徳島県,阿波市,阿波町山尻
7711704,トクシマケン,アワシ,アワチョウヤマノカミ,徳島県,阿波市,阿波町山ノ神
7711702,トクシマケン,アワシ,アワチョウワサダ,徳島県,阿波市,阿波町早田
7711602,トクシマケン,アワシ,イチバチョウイチバ（ウエノダン）,徳島県,阿波市,市場町市場（上野段）
7711603,トクシマケン,アワシ,イチバチョウイチバ（キシノシタ）,徳島県,阿波市,市場町市場（岸ノ下）
7711601,トクシマケン,アワシ,イチバチョウイチバ（コウザキ）,徳島県,阿波市,市場町市場（興崎）
7711604,トクシマケン,アワシ,イチバチョウイチバ（マチスジ）,徳島県,阿波市,市場町市場（町筋）
7711626,トクシマケン,アワシ,イチバチョウイツキ,徳島県,阿波市,市場町伊月
7711714,トクシマケン,アワシ,イチバチョウイヌノハカ（コタケ）,徳島県,阿波市,市場町犬墓（小竹）
7711614,トクシマケン,アワシ,イチバチョウイヌノハカ（ソノタ）,徳島県,阿波市,市場町犬墓（その他）
7711615,トクシマケン,アワシ,イチバチョウオオカゲ,徳島県,阿波市,市場町大影
7711627,トクシマケン,アワシ,イチバチョウオオノジマ,徳島県,阿波市,市場町大野島
7711613,トクシマケン,アワシ,イチバチョウオオマタ,徳島県,阿波市,市場町大俣
7711621,トクシマケン,アワシ,イチバチョウオバリ,徳島県,阿波市,市場町尾開
7711611,トクシマケン,アワシ,イチバチョウカガミ（キタカガミ）,徳島県,阿波市,市場町香美（北香美）
7711610,トクシマケン,アワシ,イチバチョウカガミ（ソノタ）,徳島県,阿波市,市場町香美（その他）
7711612,トクシマケン,アワシ,イチバチョウカミギライ,徳島県,阿波市,市場町上喜来
7711623,トクシマケン,アワシ,イチバチョウキリハタ,徳島県,阿波市,市場町切幡
7711622,トクシマケン,アワシ,イチバチョウコウザキ,徳島県,阿波市,市場町興崎
7711616,トクシマケン,アワシ,イチバチョウヒガイダニ,徳島県,阿波市,市場町日開谷
7711624,トクシマケン,アワシ,イチバチョウヤマノウエ,徳島県,阿波市,市場町山野上
7711625,トクシマケン,アワシ,イチバチョウヤワタ,徳島県,阿波市,市場町八幡
7711501,トクシマケン,アワシ,ドナリチョウアキヅキ,徳島県,阿波市,土成町秋月
7711503,トクシマケン,アワシ,ドナリチョウウラノイケ,徳島県,阿波市,土成町浦池
7711505,トクシマケン,アワシ,ドナリチョウコオリ,徳島県,阿波市,土成町郡
7711509,トクシマケン,アワシ,ドナリチョウタカオ,徳島県,阿波市,土成町高尾
7711506,トクシマケン,アワシ,ドナリチョウドナリ,徳島県,阿波市,土成町土成
7711504,トクシマケン,アワシ,ドナリチョウナリトウ,徳島県,阿波市,土成町成当
7711502,トクシマケン,アワシ,ドナリチョウミズタ,徳島県,阿波市,土成町水田
7711508,トクシマケン,アワシ,ドナリチョウミヤガワウチ,徳島県,阿波市,土成町宮川内
7711507,トクシマケン,アワシ,ドナリチョウヨシダ,徳島県,阿波市,土成町吉田
7711401,トクシマケン,アワシ,ヨシノチョウカキハラ,徳島県,阿波市,吉野町柿原
7711403,トクシマケン,アワシ,ヨシノチョウゴジョウ,徳島県,阿波市,吉野町五条
7711402,トクシマケン,アワシ,ヨシノチョウサイジョウ,徳島県,阿波市,吉野町西条
7793600,トクシマケン,ミマシ,イカニケイサイガナイバアイ,徳島県,美馬市,以下に掲載がない場合
7770005,トクシマケン,ミマシ,アナブキチョウアナブキ,徳島県,美馬市,穴吹町穴吹
7770006,トクシマケン,ミマシ,アナブキチョウクチヤマ,徳島県,美馬市,穴吹町口山
7770007,トクシマケン,ミマシ,アナブキチョウフルミヤ,徳島県,美馬市,穴吹町古宮
7770004,トクシマケン,ミマシ,アナブキチョウミシマ（オオシゲ）,徳島県,美馬市,穴吹町三島（大重）
7770001,トクシマケン,ミマシ,アナブキチョウミシマ（オシマ）,徳島県,美馬市,穴吹町三島（小島）
7770002,トクシマケン,ミマシ,アナブキチョウミシマ（マイナカシマ）,徳島県,美馬市,穴吹町三島（舞中島）
7770003,トクシマケン,ミマシ,アナブキチョウミシマ（ミタニ）,徳島県,美馬市,穴吹町三島（三谷）
7770302,トクシマケン,ミマシ,コヤダイラ（アサギヌ、オオキタ、カワイ、シモミョウ、タケオ、チチノギ）,徳島県,美馬市,木屋平（麻衣、大北、川井、下名、竹尾、櫟木）
7770301,トクシマケン,ミマシ,コヤダイラ（イチハナ、イママル、オヤマ、カゴミ、カシワラ、キナカ、クワガラ、ケヤキヒラ、コビウラ、ジジンダキ、スゲゾウ、ツエダニ、ツヅロウ、ハジコノ、ビヤガイチ、フタド、ミツギ、ミツグ、ミナミバリ、ムコウカシワラ）,徳島県,美馬市,木屋平（市初、今丸、尾山、カゴミ、樫原、木中、桑柄、ケヤキヒラ、小日浦、地神滝、菅蔵、杖谷、葛尾、ハジコノ、ビヤガイチ、二戸、三ツ木、貢、南張、向樫原）
7770303,トクシマケン,ミマシ,コヤダイラ（カワカミ、カワカミカケ、タイゴウ、タイゴウカケ、タニグチ、タニグチカケ、モリトオ、ヤワタ、ユドウ）,徳島県,美馬市,木屋平（川上、川上カケ、太合、太合カケ、谷口、谷口カケ、森遠、八幡、弓道）
7712107,トクシマケン,ミマシ,ミマチョウ（アマゲ、ウエノ、コバラ、サカイメ、サトニシヤシキ、シモノダン、シロ、タキシタ、タケノウチ、タナベ、タニグチ、ツガオ、ツキオトシ、ナカオ、ナカゴウチ、ナカスジ、ナカドオリ、ナカニシ、ナカヤマ、ナガハタ、ナツワラビ、ニシミヤノウエ、ヒガシミヤノウエ、ホソノ、マエダ、マツノハナ、マツノモト、ミヤマエ、ミヤキタ、ヤハタ、ヤマナツワラビ、ヨシミズ）,徳島県,美馬市,美馬町（雨下、上野、小原、境目、里西屋敷、下ノ段、城、滝下、竹ノ内、田辺、谷口、栂尾、突落、中尾、中耕地、中筋、中通、中西、中山、長畑、夏蕨、西宮ノ上、東宮ノ上、細野、前田、松ノ花、松ノ本、宮前、宮北、八幡、山夏蕨、吉水）
7712106,トクシマケン,ミマシ,ミマチョウ（アラカワ、イデベリ、イノカミ、オオイズミ、オオミヤニシ、カミツキダシ、キシノシタ、キタヒガシバラ、キライイチ、サトヒラノ、シモツキダシ、タニヨリニシ、チチノキ、テラノシタ、テンジン、テンジンキタ、ナカヒガシバラ、ニシアラカワ、ヌマダジマ、ヒガシアラカワ、ミナミアラカワ、ミナミヒガシバラ、ミョウケン、ヤマヨメザカ）,徳島県,美馬市,美馬町（荒川、井出縁、井ノ神、大泉、大宮西、上突出、岸ノ下、北東原、喜来市、里平野、下突出、谷ヨリ西、乳ノ木、寺ノ下、天神、天神北、中東原、西荒川、沼田島、東荒川、南荒川、南東原、妙見、山嫁坂）
7712102,トクシマケン,ミマシ,ミマチョウ（イエノマエ、オオイケ、オオウエ、オオキタ、オオサコ、オオマエ、オカノウチ、オシアゲ、カヤバラ、カワノウエ、カンノン、クリバヤシ、クロスナ、サルガウチ、サルサカ、シモシロジ、シロジ、スミガマ、セリザコ、ソウゴ、ソウダ、ソトバカ、タキノウエ、タツミヤマ、タノオカ、タンザカ、ナカオカ、ナカノタノイ、ナカヨコオ、ナガジ、ニシウラ、ニシノタニ、ノタノイ、ハシダニ、バシトコ、ヒガシスジ、ヒラオ、ヒラノ、フジユウ、マエザカ、ミズノオカ、ミソガクボ、ミチノウエ、ミヤノオカ、ムナバタ、ヤクシガクボ、ヤマニシヤシキ、ヤマハシダニ、ヨコオ）,徳島県,美馬市,美馬町（家ノ前、大池、大上、大北、大佐古、大前、岡ノ内、押上、茅原、川ノ上、観音、栗林、黒砂、狙ケ内、猿坂、下白地、白地、炭釜、芹佐古、惣後、惣田、外墓、滝ノ上、立見山、田ノ岡、狙坂、中岡、中野田ノ井、中横尾、長地、西浦、西ノ谷、野田ノ井、橋谷、場シ所、東筋、平尾、平野、藤宇、前坂、水ノ岡、味噌ケ久保、道ノ上、宮ノ岡、南畠、薬師ケ久保、山西屋敷、山橋谷、横尾）
7712105,トクシマケン,ミマシ,ミマチョウ（イケノウラ、イチョウギ、ウメガクボ、エキ、エビス、カキノキ、カンカケ、ガンショウジ、キタツチガクボ、キニュウドウ、タキノミヤ、ツチガクボ、ニシダン、ミヤヒガシ、ミヤニシ、ミヤミナミ、ヨウセン）,徳島県,美馬市,美馬町（池ノ浦、銀杏木、梅ケ久保、駅、蛭子、柿木、鍵掛、願勝寺、北土ケ久保、喜入道、滝宮、土ケ久保、西段、宮東、宮西、宮南、養泉）
7712103,トクシマケン,ミマシ,ミマチョウ（イチノミヤ、ウシロダニ、クラオ、サントウザン、シモウシロダニ、タカソウ、タニジリ、ツユグチ、ナカヌマダ、ナカノ、ナツヤキ、ナロオ、ニシオオクボ、ニシヌマダ、ヌマダ、ハチノツボ、ボウガタニ、ミズクボ、ムネノブン、ヤナイ）,徳島県,美馬市,美馬町（一ノ宮、後谷、倉尾、三頭山、下後谷、高惣、谷尻、露口、中沼田、中野、夏弥喜、ナロヲ、西大久保、西沼田、沼田、八ノ坪、坊ケ谷、水久保、宗ノ分、屋内）
7712101,トクシマケン,ミマシ,ミマチョウ（イリクラ、オオクボ、キリクボ、ショウブ、ジョウヨリ、セイダ）,徳島県,美馬市,美馬町（入倉、大久保、切久保、正部、丈寄、清田）
7712104,トクシマケン,ミマシ,ミマチョウ（ウガイグチ、オカ、オバセ、オバセバタ、カサボトケ、カワベリ、コウジン、スケマツ、タカバタケ、タツカク、タニガシラ、タマフリマエ、チゲジ、テンジンヒガシ、トドロキ、ナカグロ、ナカス、ナカミチキタ、ナカミチミナミ、ノツゴ、ノリコヘ、ハシノモト、ヒガシキシノシタ、ヒガシダン、ヒガシムネシゲ、ボウソウ、マルヤマ、ミナミハラ、ミョウジンバラ、ムネシゲ、ヤクシ）,徳島県,美馬市,美馬町（鵜飼口、岡、小長谷、小長谷端、笠仏、川縁、荒神、助松、高畑、辰角、谷頭、玉振前、チゲジ、天神東、轟、中黒、中須、中道北、中道南、ノツゴ、ノリコヘ、橋本、東岸ノ下、東段、東宗重、坊僧、丸山、南原、明神原、宗重、薬師）
7793604,トクシマケン,ミマシ,ワキマチイノシリ（コサク）,徳島県,美馬市,脇町猪尻（古作）
7793603,トクシマケン,ミマシ,ワキマチイノシリ（ショウ、ドイ、ニシウエノ）,徳島県,美馬市,脇町猪尻（庄、土井、西上野）
7793602,トクシマケン,ミマシ,ワキマチイノシリ（ソノタ）,徳島県,美馬市,脇町猪尻（その他）
7793620,トクシマケン,ミマシ,ワキマチイワクラ,徳島県,美馬市,脇町岩倉
7793620,トクシマケン,ミマシ,ワキマチウエノハラ,徳島県,美馬市,脇町上ノ原
7793620,トクシマケン,ミマシ,ワキマチウマキ,徳島県,美馬市,脇町馬木
7793610,トクシマケン,ミマシ,ワキマチワキマチ,徳島県,美馬市,脇町脇町
7793620,トクシマケン,ミマシ,ワキマチカワラマチ,徳島県,美馬市,脇町川原町
7793620,トクシマケン,ミマシ,ワキマチキノウチ,徳島県,美馬市,脇町木ノ内
7793620,トクシマケン,ミマシ,ワキマチシンマチ,徳島県,美馬市,脇町新町
7793620,トクシマケン,ミマシ,ワキマチスケマツ,徳島県,美馬市,脇町助松
7793620,トクシマケン,ミマシ,ワキマチタネエ,徳島県,美馬市,脇町田上
7793620,トクシマケン,ミマシ,ワキマチノムラ,徳島県,美馬市,脇町野村
7793620,トクシマケン,ミマシ,ワキマチベッショ,徳島県,美馬市,脇町別所
7793633,トクシマケン,ミマシ,ワキマチ（イグチ）,徳島県,美馬市,脇町（井口）
7793632,トクシマケン,ミマシ,ワキマチ（イグチヒガシ、ウエノハラ）,徳島県,美馬市,脇町（井口東、上ノ原）
7793636,トクシマケン,ミマシ,ワキマチ（イモアナ、ナカバチ）,徳島県,美馬市,脇町（芋穴、中八）
7793639,トクシマケン,ミマシ,ワキマチ（イモジリ、コマル、シラキ、ダン、ダンミョウ、ナカダン、ハデトコ）,徳島県,美馬市,脇町（芋尻、小丸、白木、段、段名、中段、羽出床）
7793638,トクシマケン,ミマシ,ワキマチ（カグラデン、ニシオオタニ、ヒガシオオタニ）,徳島県,美馬市,脇町（神楽田、西大谷、東大谷）
7793637,トクシマケン,ミマシ,ワキマチ（カミナカノ、シモナカノ、ヒラボウシ、フナキ）,徳島県,美馬市,脇町（上中野、下中野、平帽子、舟木）
7793635,トクシマケン,ミマシ,ワキマチ（カワラシバ、クレバタケ、ナシノキ、ヨコグラ）,徳島県,美馬市,脇町（川原柴、暮畑、梨子木、横倉）
7793604,トクシマケン,ミマシ,ワキマチ（キタショウ）,徳島県,美馬市,脇町（北庄）
7793625,トクシマケン,ミマシ,ワキマチ（キタボシ）,徳島県,美馬市,脇町（北星）
7793634,トクシマケン,ミマシ,ワキマチ（コボシ）,徳島県,美馬市,脇町（小星）
7793631,トクシマケン,ミマシ,ワキマチ（シンヤマ）,徳島県,美馬市,脇町（新山）
7793741,トクシマケン,ミマシ,ワキマチ（ソエミョウ）,徳島県,美馬市,脇町（曽江名）
7793742,トクシマケン,ミマシ,ワキマチ（ニシアカタニ）,徳島県,美馬市,脇町（西赤谷）
7793744,トクシマケン,ミマシ,ワキマチ（ニシマタミョウ）,徳島県,美馬市,脇町（西俣名）
7793601,トクシマケン,ミマシ,ワキマチ（ハイバラ）,徳島県,美馬市,脇町（拝原）
7793743,トクシマケン,ミマシ,ワキマチ（ヒガシアカタニミョウ）,徳島県,美馬市,脇町（東赤谷名）
7793745,トクシマケン,ミマシ,ワキマチ（ヒガシマタミョウ）,徳島県,美馬市,脇町（東俣名）
7780000,トクシマケン,ミヨシシ,イカニケイサイガナイバアイ,徳島県,三好市,以下に掲載がない場合
7794801,トクシマケン,ミヨシシ,イカワチョウアサヒマチ,徳島県,三好市,井川町旭町
7794805,トクシマケン,ミヨシシ,イカワチョウイウチニシ,徳島県,三好市,井川町井内西
7794804,トクシマケン,ミヨシシ,イカワチョウイウチヒガシ,徳島県,三好市,井川町井内東
7794802,トクシマケン,ミヨシシ,イカワチョウイゼキ,徳島県,三好市,井川町井関
7794801,トクシマケン,ミヨシシ,イカワチョウオオサコ,徳島県,三好市,井川町大佐古
7794802,トクシマケン,ミヨシシ,イカワチョウオカノマエ,徳島県,三好市,井川町岡野前
7794801,トクシマケン,ミヨシシ,イカワチョウカタヤマ,徳島県,三好市,井川町片山
7794802,トクシマケン,ミヨシシ,イカワチョウゴリョウデン,徳島県,三好市,井川町御領田
7794801,トクシマケン,ミヨシシ,イカワチョウサイハゼ,徳島県,三好市,井川町才長谷
7794807,トクシマケン,ミヨシシ,イカワチョウサトガワ,徳島県,三好市,井川町里川
7794803,トクシマケン,ミヨシシ,イカワチョウシマ,徳島県,三好市,井川町島
7794801,トクシマケン,ミヨシシ,イカワチョウシンマチ,徳島県,三好市,井川町新町
7794803,トクシマケン,ミヨシシ,イカワチョウタクミダ,徳島県,三好市,井川町タクミ田
7794803,トクシマケン,ミヨシシ,イカワチョウタナカ,徳島県,三好市,井川町田中
7794801,トクシマケン,ミヨシシ,イカワチョウツジ,徳島県,三好市,井川町辻
7794803,トクシマケン,ミヨシシ,イカワチョウナカオカ,徳島県,三好市,井川町中岡
7794801,トクシマケン,ミヨシシ,イカワチョウナカノマチ,徳島県,三好市,井川町仲ノ町
7794803,トクシマケン,ミヨシシ,イカワチョウナカムラニシ,徳島県,三好市,井川町中村西
7794803,トクシマケン,ミヨシシ,イカワチョウナカムラヒガシ,徳島県,三好市,井川町中村東
7794803,トクシマケン,ミヨシシ,イカワチョウナカムラミナミ,徳島県,三好市,井川町中村南
7794802,トクシマケン,ミヨシシ,イカワチョウナガレドウ,徳島県,三好市,井川町流堂
7794806,トクシマケン,ミヨシシ,イカワチョウニシイカワ,徳島県,三好市,井川町西井川
7794802,トクシマケン,ミヨシシ,イカワチョウノツゴ,徳島県,三好市,井川町野津後
7794803,トクシマケン,ミヨシシ,イカワチョウノツゴナガレ,徳島県,三好市,井川町野津後流
7794803,トクシマケン,ミヨシシ,イカワチョウハチマン,徳島県,三好市,井川町八幡
7794801,トクシマケン,ミヨシシ,イカワチョウハマニシ,徳島県,三好市,井川町浜西
7794801,トクシマケン,ミヨシシ,イカワチョウハマヒガシ,徳島県,三好市,井川町浜東
7794801,トクシマケン,ミヨシシ,イカワチョウホンマチ,徳島県,三好市,井川町本町
7794802,トクシマケン,ミヨシシ,イカワチョウムコウザカ,徳島県,三好市,井川町向坂
7794803,トクシマケン,ミヨシシ,イカワチョウヨシオカ,徳島県,三好市,井川町吉岡
7780012,トクシマケン,ミヨシシ,イケダチョウイケミナミ,徳島県,三好市,池田町イケミナミ
7780014,トクシマケン,ミヨシシ,イケダチョウイタノ,徳島県,三好市,池田町イタノ
7780001,トクシマケン,ミヨシシ,イケダチョウウエノ,徳島県,三好市,池田町ウエノ
7780010,トクシマケン,ミヨシシ,イケダチョウウエマツ,徳島県,三好市,池田町ウエマツ
7785252,トクシマケン,ミヨシシ,イケダチョウウマジ,徳島県,三好市,池田町馬路
7795164,トクシマケン,ミヨシシ,イケダチョウオオリ,徳島県,三好市,池田町大利
7795166,トクシマケン,ミヨシシ,イケダチョウカワサキ,徳島県,三好市,池田町川崎
7780008,トクシマケン,ミヨシシ,イケダチョウクヤウジ,徳島県,三好市,池田町クヤウジ
7785253,トクシマケン,ミヨシシ,イケダチョウサノ,徳島県,三好市,池田町佐野
7780003,トクシマケン,ミヨシシ,イケダチョウサラダ,徳島県,三好市,池田町サラダ
7795162,トクシマケン,ミヨシシ,イケダチョウシツカワ,徳島県,三好市,池田町漆川
7780005,トクシマケン,ミヨシシ,イケダチョウシマ,徳島県,三好市,池田町シマ
7780020,トクシマケン,ミヨシシ,イケダチョウシュウヅ,徳島県,三好市,池田町州津
7780004,トクシマケン,ミヨシシ,イケダチョウシンマチ,徳島県,三好市,池田町シンマチ
7780013,トクシマケン,ミヨシシ,イケダチョウシンヤマ,徳島県,三好市,池田町シンヤマ
7780006,トクシマケン,ミヨシシ,イケダチョウトウゲ,徳島県,三好市,池田町トウゲ
7795163,トクシマケン,ミヨシシ,イケダチョウナカツガワ,徳島県,三好市,池田町中津川
7795161,トクシマケン,ミヨシシ,イケダチョウナカニシ,徳島県,三好市,池田町中西
7780031,トクシマケン,ミヨシシ,イケダチョウニシヤマ（ウワクボ）,徳島県,三好市,池田町西山（上久保）
7780031,トクシマケン,ミヨシシ,イケダチョウニシヤマ（オチ）,徳島県,三好市,池田町西山（落）
7780032,トクシマケン,ミヨシシ,イケダチョウニシヤマ（カゲ）,徳島県,三好市,池田町西山（蔭）
7780032,トクシマケン,ミヨシシ,イケダチョウニシヤマ（カシノシタ）,徳島県,三好市,池田町西山（樫ノ下）
7780031,トクシマケン,ミヨシシ,イケダチョウニシヤマ（カミナカオ）,徳島県,三好市,池田町西山（上中尾）
7780032,トクシマケン,ミヨシシ,イケダチョウニシヤマ（キシノウエ）,徳島県,三好市,池田町西山（岸ノ上）
7780032,トクシマケン,ミヨシシ,イケダチョウニシヤマ（コミノ）,徳島県,三好市,池田町西山（込野）
7780032,トクシマケン,ミヨシシ,イケダチョウニシヤマ（シモノウラ）,徳島県,三好市,池田町西山（下ノ浦）
7780031,トクシマケン,ミヨシシ,イケダチョウニシヤマ（タニウラ）,徳島県,三好市,池田町西山（谷浦）
7780032,トクシマケン,ミヨシシ,イケダチョウニシヤマ（チチノキ）,徳島県,三好市,池田町西山（乳ノ木）
7780032,トクシマケン,ミヨシシ,イケダチョウニシヤマ（チチノキミチキタ）,徳島県,三好市,池田町西山（乳ノ木道北）
7780031,トクシマケン,ミヨシシ,イケダチョウニシヤマ（ツデラ）,徳島県,三好市,池田町西山（津寺）
7780031,トクシマケン,ミヨシシ,イケダチョウニシヤマ（ツボジリ）,徳島県,三好市,池田町西山（坪尻）
7780031,トクシマケン,ミヨシシ,イケダチョウニシヤマ（ナカオ）,徳島県,三好市,池田町西山（中尾）
7780032,トクシマケン,ミヨシシ,イケダチョウニシヤマ（ナカツカ）,徳島県,三好市,池田町西山（中塚）
7780032,トクシマケン,ミヨシシ,イケダチョウニシヤマ（ニシタニ）,徳島県,三好市,池田町西山（西谷）
7780031,トクシマケン,ミヨシシ,イケダチョウニシヤマ（ニシノオカ）,徳島県,三好市,池田町西山（西ノ岡）
7780032,トクシマケン,ミヨシシ,イケダチョウニシヤマ（ノボリオ）,徳島県,三好市,池田町西山（登リ尾）
7780031,トクシマケン,ミヨシシ,イケダチョウニシヤマ（フナバラ）,徳島県,三好市,池田町西山（船原）
7780032,トクシマケン,ミヨシシ,イケダチョウニシヤマ（ミヤノニシ）,徳島県,三好市,池田町西山（宮ノ西）
7780032,トクシマケン,ミヨシシ,イケダチョウニシヤマ（ミヤノヒガシ）,徳島県,三好市,池田町西山（宮ノ東）
7780031,トクシマケン,ミヨシシ,イケダチョウニシヤマ（ヨコサコ）,徳島県,三好市,池田町西山（横佐古）
7780040,トクシマケン,ミヨシシ,イケダチョウニシヤマ（ソノタ）,徳島県,三好市,池田町西山（その他）
7785251,トクシマケン,ミヨシシ,イケダチョウハクチ,徳島県,三好市,池田町白地
7780011,トクシマケン,ミヨシシ,イケダチョウハヤシ,徳島県,三好市,池田町ハヤシ
7780002,トクシマケン,ミヨシシ,イケダチョウマチ,徳島県,三好市,池田町マチ
7780165,トクシマケン,ミヨシシ,イケダチョウマツオ（イヤオンセン、マツモト３６７−２バンチ）,徳島県,三好市,池田町松尾（祖谷温泉、松本３６７−２番地）
7795165,トクシマケン,ミヨシシ,イケダチョウマツオ（ソノタ）,徳島県,三好市,池田町松尾（その他）
7780009,トクシマケン,ミヨシシ,イケダチョウヤサン,徳島県,三好市,池田町ヤサン
7780007,トクシマケン,ミヨシシ,イケダチョウヤマダ,徳島県,三好市,池田町ヤマダ
7780104,トクシマケン,ミヨシシ,ニシイヤヤマムラアハシ,徳島県,三好市,西祖谷山村吾橋
7780103,トクシマケン,ミヨシシ,ニシイヤヤマムラアルセ,徳島県,三好市,西祖谷山村有瀬
7780101,トクシマケン,ミヨシシ,ニシイヤヤマムライチウ,徳島県,三好市,西祖谷山村一宇
7780102,トクシマケン,ミヨシシ,ニシイヤヤマムライマクボ,徳島県,三好市,西祖谷山村今久保
7780105,トクシマケン,ミヨシシ,ニシイヤヤマムラウシロヤマ,徳島県,三好市,西祖谷山村後山
7780105,トクシマケン,ミヨシシ,ニシイヤヤマムラウシロヤマニシ,徳島県,三好市,西祖谷山村後山西
7780105,トクシマケン,ミヨシシ,ニシイヤヤマムラウシロヤマムカイ,徳島県,三好市,西祖谷山村後山向
7780104,トクシマケン,ミヨシシ,ニシイヤヤマムラエノキ,徳島県,三好市,西祖谷山村榎
7780101,トクシマケン,ミヨシシ,ニシイヤヤマムラオイノウチ,徳島県,三好市,西祖谷山村尾井ノ内
7795172,トクシマケン,ミヨシシ,ニシイヤヤマムラオイヤ,徳島県,三好市,西祖谷山村小祖谷
7780104,トクシマケン,ミヨシシ,ニシイヤヤマムラカミアハシ,徳島県,三好市,西祖谷山村上吾橋
7780102,トクシマケン,ミヨシシ,ニシイヤヤマムラカンジョウ,徳島県,三好市,西祖谷山村閑定
7795173,トクシマケン,ミヨシシ,ニシイヤヤマムラサカセ,徳島県,三好市,西祖谷山村坂瀬
7780101,トクシマケン,ミヨシシ,ニシイヤヤマムラシゲスエ,徳島県,三好市,西祖谷山村重末
7780104,トクシマケン,ミヨシシ,ニシイヤヤマムラシモアハシ,徳島県,三好市,西祖谷山村下吾橋
7795171,トクシマケン,ミヨシシ,ニシイヤヤマムラシモミョウ,徳島県,三好市,西祖谷山村下名
7780102,トクシマケン,ミヨシシ,ニシイヤヤマムラゼントク,徳島県,三好市,西祖谷山村善徳
7780101,トクシマケン,ミヨシシ,ニシイヤヤマムラタノウチ,徳島県,三好市,西祖谷山村田ノ内
7780104,トクシマケン,ミヨシシ,ニシイヤヤマムラツチヒウラ,徳島県,三好市,西祖谷山村土日浦
7780105,トクシマケン,ミヨシシ,ニシイヤヤマムラトクゼン,徳島県,三好市,西祖谷山村徳善
7780105,トクシマケン,ミヨシシ,ニシイヤヤマムラトクゼンキタ,徳島県,三好市,西祖谷山村徳善北
7780105,トクシマケン,ミヨシシ,ニシイヤヤマムラトクゼンニシ,徳島県,三好市,西祖谷山村徳善西
7780101,トクシマケン,ミヨシシ,ニシイヤヤマムラトノタニ,徳島県,三好市,西祖谷山村戸ノ谷
7780102,トクシマケン,ミヨシシ,ニシイヤヤマムラナカオ,徳島県,三好市,西祖谷山村中尾
7780105,トクシマケン,ミヨシシ,ニシイヤヤマムラニシオカ,徳島県,三好市,西祖谷山村西岡
7780101,トクシマケン,ミヨシシ,ニシイヤヤマムラネムリダニ,徳島県,三好市,西祖谷山村眠谷
7780105,トクシマケン,ミヨシシ,ニシイヤヤマムラヒガシニシオカ,徳島県,三好市,西祖谷山村東西岡
7780104,トクシマケン,ミヨシシ,ニシイヤヤマムラヒガシヤマ,徳島県,三好市,西祖谷山村東山
7780104,トクシマケン,ミヨシシ,ニシイヤヤマムラミナミヤマ,徳島県,三好市,西祖谷山村南山
7780101,トクシマケン,ミヨシシ,ニシイヤヤマムラミョウジ,徳島県,三好市,西祖谷山村冥地
7780205,トクシマケン,ミヨシシ,ヒガシイヤアサ,徳島県,三好市,東祖谷阿佐
7780206,トクシマケン,ミヨシシ,ヒガシイヤイマイ,徳島県,三好市,東祖谷今井
7780204,トクシマケン,ミヨシシ,ヒガシイヤオオエダ,徳島県,三好市,東祖谷大枝
7780204,トクシマケン,ミヨシシ,ヒガシイヤオオニシ,徳島県,三好市,東祖谷大西
7780205,トクシマケン,ミヨシシ,ヒガシイヤオガワ,徳島県,三好市,東祖谷小川
7780203,トクシマケン,ミヨシシ,ヒガシイヤオクノイ,徳島県,三好市,東祖谷奥の井
7780206,トクシマケン,ミヨシシ,ヒガシイヤオシマ,徳島県,三好市,東祖谷小島
7780202,トクシマケン,ミヨシシ,ヒガシイヤオチアイ,徳島県,三好市,東祖谷落合
7780205,トクシマケン,ミヨシシ,ヒガシイヤカシオ,徳島県,三好市,東祖谷樫尾
7780203,トクシマケン,ミヨシシ,ヒガシイヤカマガタニ,徳島県,三好市,東祖谷釜ケ谷
7780204,トクシマケン,ミヨシシ,ヒガシイヤキョウジョウ,徳島県,三好市,東祖谷京上
7780203,トクシマケン,ミヨシシ,ヒガシイヤクキ,徳島県,三好市,東祖谷九鬼
7780202,トクシマケン,ミヨシシ,ヒガシイヤクボ,徳島県,三好市,東祖谷久保
7780203,トクシマケン,ミヨシシ,ヒガシイヤクリスド,徳島県,三好市,東祖谷栗枝渡
7780205,トクシマケン,ミヨシシ,ヒガシイヤコミ,徳島県,三好市,東祖谷古味
7780206,トクシマケン,ミヨシシ,ヒガシイヤサノ,徳島県,三好市,東祖谷佐野
7780203,トクシマケン,ミヨシシ,ヒガシイヤシモセ,徳島県,三好市,東祖谷下瀬
7780201,トクシマケン,ミヨシシ,ヒガシイヤスゲオイ,徳島県,三好市,東祖谷菅生
7780206,トクシマケン,ミヨシシ,ヒガシイヤタカノ,徳島県,三好市,東祖谷高野
7780206,トクシマケン,ミヨシシ,ヒガシイヤツルイ,徳島県,三好市,東祖谷釣井
7780203,トクシマケン,ミヨシシ,ヒガシイヤナカウエ,徳島県,三好市,東祖谷中上
7780205,トクシマケン,ミヨシシ,ヒガシイヤニイヤ,徳島県,三好市,東祖谷新居屋
7780203,トクシマケン,ミヨシシ,ヒガシイヤニシヤマ,徳島県,三好市,東祖谷西山
7780203,トクシマケン,ミヨシシ,ヒガシイヤハヤシ,徳島県,三好市,東祖谷林
7780201,トクシマケン,ミヨシシ,ヒガシイヤミノコシ,徳島県,三好市,東祖谷見ノ越
7780205,トクシマケン,ミヨシシ,ヒガシイヤムジュウト,徳島県,三好市,東祖谷麦生土
7780205,トクシマケン,ミヨシシ,ヒガシイヤモットイ,徳島県,三好市,東祖谷元井
7780204,トクシマケン,ミヨシシ,ヒガシイヤワカバヤシ,徳島県,三好市,東祖谷若林
7780206,トクシマケン,ミヨシシ,ヒガシイヤワダ,徳島県,三好市,東祖谷和田
7712302,トクシマケン,ミヨシシ,ミノチョウカモノミヤ,徳島県,三好市,三野町加茂野宮
7712304,トクシマケン,ミヨシシ,ミノチョウシボウ,徳島県,三好市,三野町芝生
7712301,トクシマケン,ミヨシシ,ミノチョウシミズ,徳島県,三好市,三野町清水
7712303,トクシマケン,ミヨシシ,ミノチョウセイリキ,徳島県,三好市,三野町勢力
7712305,トクシマケン,ミヨシシ,ミノチョウタチノ,徳島県,三好市,三野町太刀野
7712306,トクシマケン,ミヨシシ,ミノチョウタチノヤマ,徳島県,三好市,三野町太刀野山
7795307,トクシマケン,ミヨシシ,ヤマシロチョウアイカワ,徳島県,三好市,山城町相川
7795336,トクシマケン,ミヨシシ,ヤマシロチョウアカダニ,徳島県,三好市,山城町赤谷
7795328,トクシマケン,ミヨシシ,ヤマシロチョウアワヤマ,徳島県,三好市,山城町粟山
7795314,トクシマケン,ミヨシシ,ヤマシロチョウイワド,徳島県,三好市,山城町岩戸
7795304,トクシマケン,ミヨシシ,ヤマシロチョウオオカワモチ,徳島県,三好市,山城町大川持
7795342,トクシマケン,ミヨシシ,ヤマシロチョウオオタニ,徳島県,三好市,山城町大谷
7795347,トクシマケン,ミヨシシ,ヤマシロチョウオオツキ,徳島県,三好市,山城町大月
7795333,トクシマケン,ミヨシシ,ヤマシロチョウオオノ,徳島県,三好市,山城町大野
7795332,トクシマケン,ミヨシシ,ヤマシロチョウオガワダニ,徳島県,三好市,山城町小川谷
7795327,トクシマケン,ミヨシシ,ヤマシロチョウオマタ,徳島県,三好市,山城町尾又
7795452,トクシマケン,ミヨシシ,ヤマシロチョウカミミョウ,徳島県,三好市,山城町上名
7795305,トクシマケン,ミヨシシ,ヤマシロチョウカワグチ,徳島県,三好市,山城町川口
7795321,トクシマケン,ミヨシシ,ヤマシロチョウクニマサ,徳島県,三好市,山城町国政
7795313,トクシマケン,ミヨシシ,ヤマシロチョウクロカワ,徳島県,三好市,山城町黒川
7785254,トクシマケン,ミヨシシ,ヤマシロチョウサレ（ミネバタ）,徳島県,三好市,山城町佐連（ミネ畑）
7795341,トクシマケン,ミヨシシ,ヤマシロチョウサレ（ソノタ）,徳島県,三好市,山城町佐連（その他）
7795422,トクシマケン,ミヨシシ,ヤマシロチョウシゲザネ（トノノ）,徳島県,三好市,山城町重実（殿野）
7795322,トクシマケン,ミヨシシ,ヤマシロチョウシゲザネ（ソノタ）,徳島県,三好市,山城町重実（その他）
7795343,トクシマケン,ミヨシシ,ヤマシロチョウシバカワ,徳島県,三好市,山城町柴川
7795303,トクシマケン,ミヨシシ,ヤマシロチョウシモカワ,徳島県,三好市,山城町下川
7795453,トクシマケン,ミヨシシ,ヤマシロチョウシモミョウ,徳島県,三好市,山城町下名
7795324,トクシマケン,ミヨシシ,ヤマシロチョウシロカワ,徳島県,三好市,山城町白川
7795316,トクシマケン,ミヨシシ,ヤマシロチョウスエサダ,徳島県,三好市,山城町末貞
7795345,トクシマケン,ミヨシシ,ヤマシロチョウセガイ,徳島県,三好市,山城町瀬貝
7795337,トクシマケン,ミヨシシ,ヤマシロチョウタイラノ,徳島県,三好市,山城町平野
7795306,トクシマケン,ミヨシシ,ヤマシロチョウテラノ,徳島県,三好市,山城町寺野
7795323,トクシマケン,ミヨシシ,ヤマシロチョウナカノ,徳島県,三好市,山城町中野
7795311,トクシマケン,ミヨシシ,ヤマシロチョウナカノセ,徳島県,三好市,山城町中ノ瀬
7795451,トクシマケン,ミヨシシ,ヤマシロチョウニシウ,徳島県,三好市,山城町西宇
7795334,トクシマケン,ミヨシシ,ヤマシロチョウノブマサ,徳島県,三好市,山城町信正
7795312,トクシマケン,ミヨシシ,ヤマシロチョウハッセンボウ,徳島県,三好市,山城町八千坊
7795315,トクシマケン,ミヨシシ,ヤマシロチョウヒキチ,徳島県,三好市,山城町引地
7795326,トクシマケン,ミヨシシ,ヤマシロチョウブッシ,徳島県,三好市,山城町仏子
7795344,トクシマケン,ミヨシシ,ヤマシロチョウマサトモ,徳島県,三好市,山城町政友
7795325,トクシマケン,ミヨシシ,ヤマシロチョウミツカネ,徳島県,三好市,山城町光兼
7795331,トクシマケン,ミヨシシ,ヤマシロチョウモジ,徳島県,三好市,山城町茂地
7795301,トクシマケン,ミヨシシ,ヤマシロチョウヤマトガワ,徳島県,三好市,山城町大和川
7795335,トクシマケン,ミヨシシ,ヤマシロチョウヨリヒロ,徳島県,三好市,山城町頼広
7795302,トクシマケン,ミヨシシ,ヤマシロチョウワカヤマ,徳島県,三好市,山城町若山
7795346,トクシマケン,ミヨシシ,ヤマシロチョウワキ,徳島県,三好市,山城町脇
7714300,トクシマケン,カツウラグンカツウラチョウ,イカニケイサイガナイバアイ,徳島県,勝浦郡勝浦町,以下に掲載がない場合
7714303,トクシマケン,カツウラグンカツウラチョウ,イクナ,徳島県,勝浦郡勝浦町,生名
7714308,トクシマケン,カツウラグンカツウラチョウ,サカモト,徳島県,勝浦郡勝浦町,坂本
7714306,トクシマケン,カツウラグンカツウラチョウ,タナノ,徳島県,勝浦郡勝浦町,棚野
7714302,トクシマケン,カツウラグンカツウラチョウ,ナカツノ,徳島県,勝浦郡勝浦町,中角
7714301,トクシマケン,カツウラグンカツウラチョウ,ヌエ,徳島県,勝浦郡勝浦町,沼江
7714305,トクシマケン,カツウラグンカツウラチョウ,ヒサクニ,徳島県,勝浦郡勝浦町,久国
7714304,トクシマケン,カツウラグンカツウラチョウ,ホシタニ,徳島県,勝浦郡勝浦町,星谷
7714307,トクシマケン,カツウラグンカツウラチョウ,ミタニ,徳島県,勝浦郡勝浦町,三渓
7714500,トクシマケン,カツウラグンカミカツチョウ,イカニケイサイガナイバアイ,徳島県,勝浦郡上勝町,以下に掲載がない場合
7714502,トクシマケン,カツウラグンカミカツチョウ,アサヒ,徳島県,勝浦郡上勝町,旭
7714503,トクシマケン,カツウラグンカミカツチョウ,イクミ,徳島県,勝浦郡上勝町,生実
7714501,トクシマケン,カツウラグンカミカツチョウ,フクハラ,徳島県,勝浦郡上勝町,福原
7714504,トクシマケン,カツウラグンカミカツチョウ,ホウジ,徳島県,勝浦郡上勝町,傍示
7714505,トクシマケン,カツウラグンカミカツチョウ,マサキ,徳島県,勝浦郡上勝町,正木
7714100,トクシマケン,ミョウドウグンサナゴウチソン,イカニケイサイガナイバアイ,徳島県,名東郡佐那河内村,以下に掲載がない場合
7714102,トクシマケン,ミョウドウグンサナゴウチソン,カミ,徳島県,名東郡佐那河内村,上
7714101,トクシマケン,ミョウドウグンサナゴウチソン,シモ,徳島県,名東郡佐那河内村,下
7793200,トクシマケン,ミョウザイグンイシイチョウ,イカニケイサイガナイバアイ,徳島県,名西郡石井町,以下に掲載がない場合
7793213,トクシマケン,ミョウザイグンイシイチョウ,アイハタ（タカバタケ）,徳島県,名西郡石井町,藍畑（高畑）
7793214,トクシマケン,ミョウザイグンイシイチョウ,アイハタ（ダイジュウ）,徳島県,名西郡石井町,藍畑（第十）
7793212,トクシマケン,ミョウザイグンイシイチョウ,アイハタ（ヒガシカクエン）,徳島県,名西郡石井町,藍畑（東覚円）
7793211,トクシマケン,ミョウザイグンイシイチョウ,アイハタ（ニシカクエン）,徳島県,名西郡石井町,藍畑（西覚円）
7793215,トクシマケン,ミョウザイグンイシイチョウ,アイハタ（リュウオウ）,徳島県,名西郡石井町,藍畑（竜王）
7793233,トクシマケン,ミョウザイグンイシイチョウ,イシイ（イシイ）,徳島県,名西郡石井町,石井（石井）
7793236,トクシマケン,ミョウザイグンイシイチョウ,イシイ（ウチダニ）,徳島県,名西郡石井町,石井（内谷）
7793231,トクシマケン,ミョウザイグンイシイチョウ,イシイ（シゲマツ）,徳島県,名西郡石井町,石井（重松）
7793234,トクシマケン,ミョウザイグンイシイチョウ,イシイ（シロトリ）,徳島県,名西郡石井町,石井（白鳥）
7793232,トクシマケン,ミョウザイグンイシイチョウ,イシイ（ジョウノウチ）,徳島県,名西郡石井町,石井（城の内）
7793235,トクシマケン,ミョウザイグンイシイチョウ,イシイ（ニジ）,徳島県,名西郡石井町,石井（尼寺）
7793245,トクシマケン,ミョウザイグンイシイチョウ,ウラショウ（カミウラ）,徳島県,名西郡石井町,浦庄（上浦）
7793242,トクシマケン,ミョウザイグンイシイチョウ,ウラショウ（クニザネ）,徳島県,名西郡石井町,浦庄（国実）
7793244,トクシマケン,ミョウザイグンイシイチョウ,ウラショウ（シモウラ）,徳島県,名西郡石井町,浦庄（下浦）
7793241,トクシマケン,ミョウザイグンイシイチョウ,ウラショウ（スワ）,徳島県,名西郡石井町,浦庄（諏訪）
7793243,トクシマケン,ミョウザイグンイシイチョウ,ウラショウ（ダイマン）,徳島県,名西郡石井町,浦庄（大万）
7793226,トクシマケン,ミョウザイグンイシイチョウ,タカガワラ（イチラク）,徳島県,名西郡石井町,高川原（市楽）
7793224,トクシマケン,ミョウザイグンイシイチョウ,タカガワラ（カモノ）,徳島県,名西郡石井町,高川原（加茂野）
7793225,トクシマケン,ミョウザイグンイシイチョウ,タカガワラ（サクラマ）,徳島県,名西郡石井町,高川原（桜間）
7793223,トクシマケン,ミョウザイグンイシイチョウ,タカガワラ（タカガワラ）,徳島県,名西郡石井町,高川原（高川原）
7793222,トクシマケン,ミョウザイグンイシイチョウ,タカガワラ（テンジン）,徳島県,名西郡石井町,高川原（天神）
7793221,トクシマケン,ミョウザイグンイシイチョウ,タカガワラ（ミナミジマ）,徳島県,名西郡石井町,高川原（南島）
7793206,トクシマケン,ミョウザイグンイシイチョウ,タカハラ（イケキタ）,徳島県,名西郡石井町,高原（池北）
7793207,トクシマケン,ミョウザイグンイシイチョウ,タカハラ（クワジマ）,徳島県,名西郡石井町,高原（桑島）
7793202,トクシマケン,ミョウザイグンイシイチョウ,タカハラ（セキ）,徳島県,名西郡石井町,高原（関）
7793208,トクシマケン,ミョウザイグンイシイチョウ,タカハラ（ナカシマ）,徳島県,名西郡石井町,高原（中島）
7793201,トクシマケン,ミョウザイグンイシイチョウ,タカハラ（ナカス）,徳島県,名西郡石井町,高原（中須）
7793205,トクシマケン,ミョウザイグンイシイチョウ,タカハラ（ヒガシタカハラ）,徳島県,名西郡石井町,高原（東高原）
7793204,トクシマケン,ミョウザイグンイシイチョウ,タカハラ（ニシタカハラ）,徳島県,名西郡石井町,高原（西高原）
7793203,トクシマケン,ミョウザイグンイシイチョウ,タカハラ（ヘイシマ）,徳島県,名西郡石井町,高原（平島）
7713200,トクシマケン,ミョウザイグンカミヤマチョウ,イカニケイサイガナイバアイ,徳島県,名西郡神山町,以下に掲載がない場合
7713202,トクシマケン,ミョウザイグンカミヤマチョウ,アノ（イシドウ）,徳島県,名西郡神山町,阿野（石堂）
7713202,トクシマケン,ミョウザイグンカミヤマチョウ,アノ（イノタニ）,徳島県,名西郡神山町,阿野（井ノ谷）
7713202,トクシマケン,ミョウザイグンカミヤマチョウ,アノ（ウトギ）,徳島県,名西郡神山町,阿野（宇度木）
7713202,トクシマケン,ミョウザイグンカミヤマチョウ,アノ（カミゴウチ）,徳島県,名西郡神山町,阿野（上河内）
7713202,トクシマケン,ミョウザイグンカミヤマチョウ,アノ（カワヒラ）,徳島県,名西郡神山町,阿野（川平）
7713202,トクシマケン,ミョウザイグンカミヤマチョウ,アノ（クロギ）,徳島県,名西郡神山町,阿野（黒木）
7713202,トクシマケン,ミョウザイグンカミヤマチョウ,アノ（コマサカ）,徳島県,名西郡神山町,阿野（駒坂）
7713202,トクシマケン,ミョウザイグンカミヤマチョウ,アノ（ジノタイラ）,徳島県,名西郡神山町,阿野（地ノ平）
7713202,トクシマケン,ミョウザイグンカミヤマチョウ,アノ（ジンギ）,徳島県,名西郡神山町,阿野（神木）
7713202,トクシマケン,ミョウザイグンカミヤマチョウ,アノ（スガ）,徳島県,名西郡神山町,阿野（須賀）
7713202,トクシマケン,ミョウザイグンカミヤマチョウ,アノ（ナガセ）,徳島県,名西郡神山町,阿野（長瀬）
7713202,トクシマケン,ミョウザイグンカミヤマチョウ,アノ（ナガタイ）,徳島県,名西郡神山町,阿野（長代）
7713202,トクシマケン,ミョウザイグンカミヤマチョウ,アノ（ニノミヤ）,徳島県,名西郡神山町,阿野（二ノ宮）
7713202,トクシマケン,ミョウザイグンカミヤマチョウ,アノ（ヒウラ）,徳島県,名西郡神山町,阿野（日浦）
7713202,トクシマケン,ミョウザイグンカミヤマチョウ,アノ（ヒガシヨツギ）,徳島県,名西郡神山町,阿野（東代次）
7713202,トクシマケン,ミョウザイグンカミヤマチョウ,アノ（ヒロイシ）,徳島県,名西郡神山町,阿野（広石）
7713202,トクシマケン,ミョウザイグンカミヤマチョウ,アノ（フクハラ）,徳島県,名西郡神山町,阿野（福原）
7713202,トクシマケン,ミョウザイグンカミヤマチョウ,アノ（フチュウ）,徳島県,名西郡神山町,阿野（府中）
7713202,トクシマケン,ミョウザイグンカミヤマチョウ,アノ（フナゾコ）,徳島県,名西郡神山町,阿野（船底）
7713202,トクシマケン,ミョウザイグンカミヤマチョウ,アノ（ホンミョウ）,徳島県,名西郡神山町,阿野（本名）
7713202,トクシマケン,ミョウザイグンカミヤマチョウ,アノ（マツオ）,徳島県,名西郡神山町,阿野（松尾）
7713202,トクシマケン,ミョウザイグンカミヤマチョウ,アノ（ミヤブン）,徳島県,名西郡神山町,阿野（宮分）
7713202,トクシマケン,ミョウザイグンカミヤマチョウ,アノ（ヤナゼ）,徳島県,名西郡神山町,阿野（屋那瀬）
7713202,トクシマケン,ミョウザイグンカミヤマチョウ,アノ（ヨツギ）,徳島県,名西郡神山町,阿野（代次）
7713201,トクシマケン,ミョウザイグンカミヤマチョウ,アノ（ソノタ）,徳島県,名西郡神山町,阿野（その他）
7713203,トクシマケン,ミョウザイグンカミヤマチョウ,オロノ,徳島県,名西郡神山町,鬼籠野
7713422,トクシマケン,ミョウザイグンカミヤマチョウ,カミブン,徳島県,名西郡神山町,上分
7713421,トクシマケン,ミョウザイグンカミヤマチョウ,シモブン,徳島県,名西郡神山町,下分
7713311,トクシマケン,ミョウザイグンカミヤマチョウ,ジンリョウ（イシドウ）,徳島県,名西郡神山町,神領（石堂）
7713311,トクシマケン,ミョウザイグンカミヤマチョウ,ジンリョウ（カワキタ）,徳島県,名西郡神山町,神領（川北）
7713311,トクシマケン,ミョウザイグンカミヤマチョウ,ジンリョウ（キタ）,徳島県,名西郡神山町,神領（北）
7713311,トクシマケン,ミョウザイグンカミヤマチョウ,ジンリョウ（タニ）,徳島県,名西郡神山町,神領（谷）
7713311,トクシマケン,ミョウザイグンカミヤマチョウ,ジンリョウ（ヒガシノマ）,徳島県,名西郡神山町,神領（東野間）
7713311,トクシマケン,ミョウザイグンカミヤマチョウ,ジンリョウ（ニシノマ）,徳島県,名西郡神山町,神領（西野間）
7713311,トクシマケン,ミョウザイグンカミヤマチョウ,ジンリョウ（ホンノマ）,徳島県,名西郡神山町,神領（本野間）
7713310,トクシマケン,ミョウザイグンカミヤマチョウ,ジンリョウ（ソノタ）,徳島県,名西郡神山町,神領（その他）
7715200,トクシマケン,ナカグンナカチョウ,イカニケイサイガナイバアイ,徳島県,那賀郡那賀町,以下に掲載がない場合
7715207,トクシマケン,ナカグンナカチョウ,アイ,徳島県,那賀郡那賀町,阿井
7715403,トクシマケン,ナカグンナカチョウ,アイカワ,徳島県,那賀郡那賀町,鮎川
7715323,トクシマケン,ナカグンナカチョウ,アイナ,徳島県,那賀郡那賀町,相名
7715401,トクシマケン,ナカグンナカチョウ,アソウ,徳島県,那賀郡那賀町,朝生
7716101,トクシマケン,ナカグンナカチョウ,アヅエ,徳島県,那賀郡那賀町,阿津江
7716103,トクシマケン,ナカグンナカチョウ,イズリハ,徳島県,那賀郡那賀町,出羽
7715324,トクシマケン,ナカグンナカチョウ,イノタニ,徳島県,那賀郡那賀町,井ノ谷
7715405,トクシマケン,ナカグンナカチョウ,イリノ,徳島県,那賀郡那賀町,入野
7716118,トクシマケン,ナカグンナカチョウ,イワクラ,徳島県,那賀郡那賀町,岩倉
7715328,トクシマケン,ナカグンナカチョウ,ウケノタニ,徳島県,那賀郡那賀町,請ノ谷
7715404,トクシマケン,ナカグンナカチョウ,ウシワ,徳島県,那賀郡那賀町,牛輪
7715504,トクシマケン,ナカグンナカチョウ,ウスガタニ,徳島県,那賀郡那賀町,臼ケ谷
7715326,トクシマケン,ナカグンナカチョウ,ウチヤマ,徳島県,那賀郡那賀町,内山
7715321,トクシマケン,ナカグンナカチョウ,ウマジ,徳島県,那賀郡那賀町,馬路
7715320,トクシマケン,ナカグンナカチョウ,エノキダニ,徳島県,那賀郡那賀町,榎谷
7715410,トクシマケン,ナカグンナカチョウ,オオクボ,徳島県,那賀郡那賀町,大久保
7715516,トクシマケン,ナカグンナカチョウ,オオト,徳島県,那賀郡那賀町,大戸
7716322,トクシマケン,ナカグンナカチョウ,オオトノ,徳島県,那賀郡那賀町,大殿
7716115,トクシマケン,ナカグンナカチョウ,オバタケ,徳島県,那賀郡那賀町,小畠
7715501,トクシマケン,ナカグンナカチョウ,オンダニ,徳島県,那賀郡那賀町,音谷
7715407,トクシマケン,ナカグンナカチョウ,オンドリ,徳島県,那賀郡那賀町,雄
7716328,トクシマケン,ナカグンナカチョウ,カイカワ,徳島県,那賀郡那賀町,海川
7715413,トクシマケン,ナカグンナカチョウ,カゲダニ,徳島県,那賀郡那賀町,蔭谷
7716107,トクシマケン,ナカグンナカチョウ,カケバン,徳島県,那賀郡那賀町,掛盤
7716117,トクシマケン,ナカグンナカチョウ,カワナリ,徳島県,那賀郡那賀町,川成
7715515,トクシマケン,ナカグンナカチョウ,カワマタ,徳島県,那賀郡那賀町,川俣
7716105,トクシマケン,ナカグンナカチョウ,キトウ,徳島県,那賀郡那賀町,木頭
7716402,トクシマケン,ナカグンナカチョウ,キトウイズハラ,徳島県,那賀郡那賀町,木頭出原
7716511,トクシマケン,ナカグンナカチョウ,キトウオリウ,徳島県,那賀郡那賀町,木頭折宇
7716512,トクシマケン,ナカグンナカチョウ,キトウキタガワ,徳島県,那賀郡那賀町,木頭北川
7716401,トクシマケン,ナカグンナカチョウ,キトウスケ,徳島県,那賀郡那賀町,木頭助
7716405,トクシマケン,ナカグンナカチョウ,キトウニシウ,徳島県,那賀郡那賀町,木頭西宇
7716404,トクシマケン,ナカグンナカチョウ,キトウミナミウ,徳島県,那賀郡那賀町,木頭南宇
7716403,トクシマケン,ナカグンナカチョウ,キトウワムダ,徳島県,那賀郡那賀町,木頭和無田
7716102,トクシマケン,ナカグンナカチョウ,キトウミョウ,徳島県,那賀郡那賀町,木頭名
7716111,トクシマケン,ナカグンナカチョウ,コイズミ,徳島県,那賀郡那賀町,小泉
7716324,トクシマケン,ナカグンナカチョウ,ゴショダニ,徳島県,那賀郡那賀町,御所谷
7715209,トクシマケン,ナカグンナカチョウ,コニウ,徳島県,那賀郡那賀町,小仁宇
7715512,トクシマケン,ナカグンナカチョウ,コバカリ,徳島県,那賀郡那賀町,小計
7715503,トクシマケン,ナカグンナカチョウ,コハマ,徳島県,那賀郡那賀町,小浜
7716106,トクシマケン,ナカグンナカチョウ,サカシュウ,徳島県,那賀郡那賀町,坂州
7715502,トクシマケン,ナカグンナカチョウ,サクラダニ,徳島県,那賀郡那賀町,桜谷
7716114,トクシマケン,ナカグンナカチョウ,サワダニ,徳島県,那賀郡那賀町,沢谷
7716325,トクシマケン,ナカグンナカチョウ,ジョウガタニ,徳島県,那賀郡那賀町,丈ケ谷
7715507,トクシマケン,ナカグンナカチョウ,ショウブ,徳島県,那賀郡那賀町,菖蒲
7716323,トクシマケン,ナカグンナカチョウ,シライシ,徳島県,那賀郡那賀町,白石
7716112,トクシマケン,ナカグンナカチョウ,タカノ,徳島県,那賀郡那賀町,高野
7715329,トクシマケン,ナカグンナカチョウ,タケガタニ,徳島県,那賀郡那賀町,竹ケ谷
7715322,トクシマケン,ナカグンナカチョウ,タニウチ,徳島県,那賀郡那賀町,谷内
7716113,トクシマケン,ナカグンナカチョウ,テラウチ,徳島県,那賀郡那賀町,寺内
7716104,トクシマケン,ナカグンナカチョウ,トウヤマ,徳島県,那賀郡那賀町,当山
7715202,トクシマケン,ナカグンナカチョウ,トサ,徳島県,那賀郡那賀町,土佐
7715505,トクシマケン,ナカグンナカチョウ,ナガヤス,徳島県,那賀郡那賀町,長安
7715204,トクシマケン,ナカグンナカチョウ,ナカヤマ,徳島県,那賀郡那賀町,中山
7716327,トクシマケン,ナカグンナカチョウ,ナルセ,徳島県,那賀郡那賀町,成瀬
7715208,トクシマケン,ナカグンナカチョウ,ニウ,徳島県,那賀郡那賀町,仁宇
7715327,トクシマケン,ナカグンナカチョウ,ニシノ,徳島県,那賀郡那賀町,西納
7715406,トクシマケン,ナカグンナカチョウ,ノブノ,徳島県,那賀郡那賀町,延野
7715518,トクシマケン,ナカグンナカチョウ,ハイギュウ,徳島県,那賀郡那賀町,拝宮
7715409,トクシマケン,ナカグンナカチョウ,ハチ,徳島県,那賀郡那賀町,鉢
7715532,トクシマケン,ナカグンナカチョウ,ハナゼ,徳島県,那賀郡那賀町,花瀬
7715531,トクシマケン,ナカグンナカチョウ,ヒウラ,徳島県,那賀郡那賀町,日浦
7715508,トクシマケン,ナカグンナカチョウ,ヒガシオ,徳島県,那賀郡那賀町,東尾
7715506,トクシマケン,ナカグンナカチョウ,ヒソネ,徳島県,那賀郡那賀町,桧曽根
7715517,トクシマケン,ナカグンナカチョウ,ヒマ,徳島県,那賀郡那賀町,日真
7716321,トクシマケン,ナカグンナカチョウ,ヒラダニ,徳島県,那賀郡那賀町,平谷
7715325,トクシマケン,ナカグンナカチョウ,ヒラノ,徳島県,那賀郡那賀町,平野
7715514,トクシマケン,ナカグンナカチョウ,フカモリ,徳島県,那賀郡那賀町,深森
7716326,トクシマケン,ナカグンナカチョウ,フドノ,徳島県,那賀郡那賀町,府殿
7715513,トクシマケン,ナカグンナカチョウ,フルヤ,徳島県,那賀郡那賀町,古屋
7715412,トクシマケン,ナカグンナカチョウ,ホオノ,徳島県,那賀郡那賀町,朴野
7715511,トクシマケン,ナカグンナカチョウ,ミサキ,徳島県,那賀郡那賀町,水崎
7715206,トクシマケン,ナカグンナカチョウ,モマエ,徳島県,那賀郡那賀町,百合
7715205,トクシマケン,ナカグンナカチョウ,モマエダニ,徳島県,那賀郡那賀町,百合谷
7715402,トクシマケン,ナカグンナカチョウ,ヤナノウエ,徳島県,那賀郡那賀町,簗ノ上
7715411,トクシマケン,ナカグンナカチョウ,ヨコイシ,徳島県,那賀郡那賀町,横石
7716116,トクシマケン,ナカグンナカチョウ,ヨコダニ,徳島県,那賀郡那賀町,横谷
7715408,トクシマケン,ナカグンナカチョウ,ヨシノ,徳島県,那賀郡那賀町,吉野
7715201,トクシマケン,ナカグンナカチョウ,ワジキ,徳島県,那賀郡那賀町,和食
7715203,トクシマケン,ナカグンナカチョウ,ワジキゴウ,徳島県,那賀郡那賀町,和食郷
7750000,トクシマケン,カイフグンムギチョウ,イカニケイサイガナイバアイ,徳島県,海部郡牟岐町,以下に掲載がない場合
7750007,トクシマケン,カイフグンムギチョウ,ウチヅマ,徳島県,海部郡牟岐町,内妻
7750004,トクシマケン,カイフグンムギチョウ,カワタケ,徳島県,海部郡牟岐町,川長
7750001,トクシマケン,カイフグンムギチョウ,コウチ,徳島県,海部郡牟岐町,河内
7750002,トクシマケン,カイフグンムギチョウ,タチバナ,徳島県,海部郡牟岐町,橘
7750006,トクシマケン,カイフグンムギチョウ,ナカムラ,徳島県,海部郡牟岐町,中村
7750005,トクシマケン,カイフグンムギチョウ,ナダ,徳島県,海部郡牟岐町,灘
7750003,トクシマケン,カイフグンムギチョウ,ヘガワ,徳島県,海部郡牟岐町,辺川
7750013,トクシマケン,カイフグンムギチョウ,ムギウラ（テバジマ）,徳島県,海部郡牟岐町,牟岐浦（出羽島）
7750011,トクシマケン,カイフグンムギチョウ,ムギウラ（ハマサキ）,徳島県,海部郡牟岐町,牟岐浦（浜崎）
7750012,トクシマケン,カイフグンムギチョウ,ムギウラ（ミヤノモト）,徳島県,海部郡牟岐町,牟岐浦（宮ノ本）
7750010,トクシマケン,カイフグンムギチョウ,ムギウラ（ソノタ）,徳島県,海部郡牟岐町,牟岐浦（その他）
7792300,トクシマケン,カイフグンミナミチョウ,イカニケイサイガナイバアイ,徳島県,海部郡美波町,以下に掲載がない場合
7792301,トクシマケン,カイフグンミナミチョウ,アカマツ,徳島県,海部郡美波町,赤松
7792106,トクシマケン,カイフグンミナミチョウ,アブ,徳島県,海部郡美波町,阿部
7792107,トクシマケン,カイフグンミナミチョウ,イザリ,徳島県,海部郡美波町,伊座利
7792303,トクシマケン,カイフグンミナミチョウ,エビスハマ,徳島県,海部郡美波町,恵比須浜
7792305,トクシマケン,カイフグンミナミチョウ,オクガワウチ,徳島県,海部郡美波町,奥河内
7792108,トクシマケン,カイフグンミナミチョウ,キキ,徳島県,海部郡美波町,木岐
7792302,トクシマケン,カイフグンミナミチョウ,キタガワウチ,徳島県,海部郡美波町,北河内
7792105,トクシマケン,カイフグンミナミチョウ,シワギ,徳島県,海部郡美波町,志和岐
7792109,トクシマケン,カイフグンミナミチョウ,タイ,徳島県,海部郡美波町,田井
7792306,トクシマケン,カイフグンミナミチョウ,ニシガワウチ,徳島県,海部郡美波町,西河内
7792103,トクシマケン,カイフグンミナミチョウ,ニシノジ,徳島県,海部郡美波町,西の地
7792101,トクシマケン,カイフグンミナミチョウ,ニシユキ,徳島県,海部郡美波町,西由岐
7792104,トクシマケン,カイフグンミナミチョウ,ヒガシユキ,徳島県,海部郡美波町,東由岐
7792304,トクシマケン,カイフグンミナミチョウ,ヒワサウラ,徳島県,海部郡美波町,日和佐浦
7792102,トクシマケン,カイフグンミナミチョウ,ミナトマチ,徳島県,海部郡美波町,港町
7792307,トクシマケン,カイフグンミナミチョウ,ヤマガワウチ,徳島県,海部郡美波町,山河内
7750200,トクシマケン,カイフグンカイヨウチョウ,イカニケイサイガナイバアイ,徳島県,海部郡海陽町,以下に掲載がない場合
7750415,トクシマケン,カイフグンカイヨウチョウ,アイカワ,徳島県,海部郡海陽町,相川
7750101,トクシマケン,カイフグンカイヨウチョウ,アサカワ,徳島県,海部郡海陽町,浅川
7750310,トクシマケン,カイフグンカイヨウチョウ,オオイ,徳島県,海部郡海陽町,大井
7750203,トクシマケン,カイフグンカイヨウチョウ,オオザト,徳島県,海部郡海陽町,大里
7750412,トクシマケン,カイフグンカイヨウチョウ,オガワ,徳島県,海部郡海陽町,小川
7750302,トクシマケン,カイフグンカイヨウチョウ,オクウラ,徳島県,海部郡海陽町,奥浦
7750504,トクシマケン,カイフグンカイヨウチョウ,オサキ,徳島県,海部郡海陽町,尾崎
7750506,トクシマケン,カイフグンカイヨウチョウ,カクサカ,徳島県,海部郡海陽町,角坂
7750511,トクシマケン,カイフグンカイヨウチョウ,クオ,徳島県,海部郡海陽町,久尾
7750505,トクシマケン,カイフグンカイヨウチョウ,クグツケ,徳島県,海部郡海陽町,芥附
7750306,トクシマケン,カイフグンカイヨウチョウ,クシカワ,徳島県,海部郡海陽町,櫛川
7750502,トクシマケン,カイフグンカイヨウチョウ,クボ,徳島県,海部郡海陽町,久保
7750413,トクシマケン,カイフグンカイヨウチョウ,コウノ,徳島県,海部郡海陽町,神野
7750508,トクシマケン,カイフグンカイヨウチョウ,コダニ,徳島県,海部郡海陽町,小谷
7750509,トクシマケン,カイフグンカイヨウチョウ,シオフカ,徳島県,海部郡海陽町,塩深
7750513,トクシマケン,カイフグンカイヨウチョウ,シシクイウラ（タケガシマ）,徳島県,海部郡海陽町,宍喰浦（竹ケ島）
7750512,トクシマケン,カイフグンカイヨウチョウ,シシクイウラ（ナサ）,徳島県,海部郡海陽町,宍喰浦（那佐）
7750501,トクシマケン,カイフグンカイヨウチョウ,シシクイウラ（ソノタ）,徳島県,海部郡海陽町,宍喰浦（その他）
7750307,トクシマケン,カイフグンカイヨウチョウ,シバ,徳島県,海部郡海陽町,芝
7750202,トクシマケン,カイフグンカイヨウチョウ,シホウハラ,徳島県,海部郡海陽町,四方原
7750206,トクシマケン,カイフグンカイヨウチョウ,ズクダ,徳島県,海部郡海陽町,熟田
7750303,トクシマケン,カイフグンカイヨウチョウ,タカゾノ,徳島県,海部郡海陽町,高園
7750204,トクシマケン,カイフグンカイヨウチョウ,タラ,徳島県,海部郡海陽町,多良
7750309,トクシマケン,カイフグンカイヨウチョウ,トミダ,徳島県,海部郡海陽町,富田
7750301,トクシマケン,カイフグンカイヨウチョウ,トモウラ,徳島県,海部郡海陽町,鞆浦
7750305,トクシマケン,カイフグンカイヨウチョウ,ナカヤマ,徳島県,海部郡海陽町,中山
7750304,トクシマケン,カイフグンカイヨウチョウ,ノエ,徳島県,海部郡海陽町,野江
7750503,トクシマケン,カイフグンカイヨウチョウ,ヒビハラ,徳島県,海部郡海陽町,日比原
7750411,トクシマケン,カイフグンカイヨウチョウ,ヒライ,徳島県,海部郡海陽町,平井
7750507,トクシマケン,カイフグンカイヨウチョウ,ヒロオカ,徳島県,海部郡海陽町,広岡
7750510,トクシマケン,カイフグンカイヨウチョウ,フナツ,徳島県,海部郡海陽町,船津
7750308,トクシマケン,カイフグンカイヨウチョウ,ヨシダ,徳島県,海部郡海陽町,吉田
7750205,トクシマケン,カイフグンカイヨウチョウ,ヨシノ,徳島県,海部郡海陽町,吉野
7750414,トクシマケン,カイフグンカイヨウチョウ,ワカマツ,徳島県,海部郡海陽町,若松
7710200,トクシマケン,イタノグンマツシゲチョウ,イカニケイサイガナイバアイ,徳島県,板野郡松茂町,以下に掲載がない場合
7710219,トクシマケン,イタノグンマツシゲチョウ,ササギノ,徳島県,板野郡松茂町,笹木野
7710218,トクシマケン,イタノグンマツシゲチョウ,スミヨシ,徳島県,板野郡松茂町,住吉
7710215,トクシマケン,イタノグンマツシゲチョウ,トヨオカ,徳島県,板野郡松茂町,豊岡
7710217,トクシマケン,イタノグンマツシゲチョウ,トヨナカ,徳島県,板野郡松茂町,豊中
7710213,トクシマケン,イタノグンマツシゲチョウ,トヨヒサ,徳島県,板野郡松茂町,豊久
7710212,トクシマケン,イタノグンマツシゲチョウ,ナカギライ,徳島県,板野郡松茂町,中喜来
7710211,トクシマケン,イタノグンマツシゲチョウ,ナガギシ,徳島県,板野郡松茂町,長岸
7710216,トクシマケン,イタノグンマツシゲチョウ,ナガハラ,徳島県,板野郡松茂町,長原
7710220,トクシマケン,イタノグンマツシゲチョウ,ヒロシマ,徳島県,板野郡松茂町,広島
7710214,トクシマケン,イタノグンマツシゲチョウ,ミツホ,徳島県,板野郡松茂町,満穂
7710200,トクシマケン,イタノグンキタジマチョウ,イカニケイサイガナイバアイ,徳島県,板野郡北島町,以下に掲載がない場合
7710205,トクシマケン,イタノグンキタジマチョウ,エジリ,徳島県,板野郡北島町,江尻
7710201,トクシマケン,イタノグンキタジマチョウ,キタムラ,徳島県,板野郡北島町,北村
7710207,トクシマケン,イタノグンキタジマチョウ,シンキライ,徳島県,板野郡北島町,新喜来
7710204,トクシマケン,イタノグンキタジマチョウ,タイノハマ,徳島県,板野郡北島町,鯛浜
7710206,トクシマケン,イタノグンキタジマチョウ,タカボウ,徳島県,板野郡北島町,高房
7710202,トクシマケン,イタノグンキタジマチョウ,タロウハチズ,徳島県,板野郡北島町,太郎八須
7710203,トクシマケン,イタノグンキタジマチョウ,ナカムラ,徳島県,板野郡北島町,中村
7711200,トクシマケン,イタノグンアイズミチョウ,イカニケイサイガナイバアイ,徳島県,板野郡藍住町,以下に掲載がない場合
7711202,トクシマケン,イタノグンアイズミチョウ,オクノ（イノクマ）,徳島県,板野郡藍住町,奥野（猪熊）
7711202,トクシマケン,イタノグンアイズミチョウ,オクノ（ヒガシナカズ）,徳島県,板野郡藍住町,奥野（東中須）
7711202,トクシマケン,イタノグンアイズミチョウ,オクノ（マエガワ）,徳島県,板野郡藍住町,奥野（前川）
7711203,トクシマケン,イタノグンアイズミチョウ,オクノ（ヤカミマエ）,徳島県,板野郡藍住町,奥野（矢上前）
7711202,トクシマケン,イタノグンアイズミチョウ,オクノ（ワダ）,徳島県,板野郡藍住町,奥野（和田）
7711201,トクシマケン,イタノグンアイズミチョウ,オクノ（ソノタ）,徳島県,板野郡藍住町,奥野（その他）
7711240,トクシマケン,イタノグンアイズミチョウ,オトゼ,徳島県,板野郡藍住町,乙瀬
7711262,トクシマケン,イタノグンアイズミチョウ,カサギ（ナカノ）,徳島県,板野郡藍住町,笠木（中野）
7711261,トクシマケン,イタノグンアイズミチョウ,カサギ（ヒガシノ）,徳島県,板野郡藍住町,笠木（東野）
7711262,トクシマケン,イタノグンアイズミチョウ,カサギ（ニシノ）,徳島県,板野郡藍住町,笠木（西野）
7711260,トクシマケン,イタノグンアイズミチョウ,カサギ（ソノタ）,徳島県,板野郡藍住町,笠木（その他）
7711271,トクシマケン,イタノグンアイズミチョウ,ショウズイ（コウジマ）,徳島県,板野郡藍住町,勝瑞（幸島）
7711273,トクシマケン,イタノグンアイズミチョウ,ショウズイ（ショウキチ）,徳島県,板野郡藍住町,勝瑞（正喜地）
7711272,トクシマケン,イタノグンアイズミチョウ,ショウズイ（セイチョウ）,徳島県,板野郡藍住町,勝瑞（成長）
7711273,トクシマケン,イタノグンアイズミチョウ,ショウズイ（ヒガシカツチ）,徳島県,板野郡藍住町,勝瑞（東勝地）
7711270,トクシマケン,イタノグンアイズミチョウ,ショウズイ（ソノタ）,徳島県,板野郡藍住町,勝瑞（その他）
7711267,トクシマケン,イタノグンアイズミチョウ,スミヨシ（イヌイ）,徳島県,板野郡藍住町,住吉（乾）
7711267,トクシマケン,イタノグンアイズミチョウ,スミヨシ（エバタ）,徳島県,板野郡藍住町,住吉（江端）
7711265,トクシマケン,イタノグンアイズミチョウ,スミヨシ（サカフジ）,徳島県,板野郡藍住町,住吉（逆藤）
7711265,トクシマケン,イタノグンアイズミチョウ,スミヨシ（ジンゾウ）,徳島県,板野郡藍住町,住吉（神蔵）
7711265,トクシマケン,イタノグンアイズミチョウ,スミヨシ（チドリガハマ）,徳島県,板野郡藍住町,住吉（千鳥ケ浜）
7711266,トクシマケン,イタノグンアイズミチョウ,スミヨシ（フジノキ）,徳島県,板野郡藍住町,住吉（藤ノ木）
7711266,トクシマケン,イタノグンアイズミチョウ,スミヨシ（ワカミヤ）,徳島県,板野郡藍住町,住吉（若宮）
7711264,トクシマケン,イタノグンアイズミチョウ,スミヨシ（ソノタ）,徳島県,板野郡藍住町,住吉（その他）
7711212,トクシマケン,イタノグンアイズミチョウ,トクメイ（マエズヒガシ）,徳島県,板野郡藍住町,徳命（前須東）
7711212,トクシマケン,イタノグンアイズミチョウ,トクメイ（マエズニシ）,徳島県,板野郡藍住町,徳命（前須西）
7711211,トクシマケン,イタノグンアイズミチョウ,トクメイ（モトムラ）,徳島県,板野郡藍住町,徳命（元村）
7711211,トクシマケン,イタノグンアイズミチョウ,トクメイ（モトムラヒガシ）,徳島県,板野郡藍住町,徳命（元村東）
7711210,トクシマケン,イタノグンアイズミチョウ,トクメイ（ソノタ）,徳島県,板野郡藍住町,徳命（その他）
7711232,トクシマケン,イタノグンアイズミチョウ,トミヨシ（ジガミ）,徳島県,板野郡藍住町,富吉（地神）
7711231,トクシマケン,イタノグンアイズミチョウ,トミヨシ（スザキ）,徳島県,板野郡藍住町,富吉（須崎）
7711231,トクシマケン,イタノグンアイズミチョウ,トミヨシ（トミヨシ）,徳島県,板野郡藍住町,富吉（富吉）
7711231,トクシマケン,イタノグンアイズミチョウ,トミヨシ（トヨヨシ）,徳島県,板野郡藍住町,富吉（豊吉）
7711232,トクシマケン,イタノグンアイズミチョウ,トミヨシ（ホウミ）,徳島県,板野郡藍住町,富吉（穂実）
7711230,トクシマケン,イタノグンアイズミチョウ,トミヨシ（ソノタ）,徳島県,板野郡藍住町,富吉（その他）
7711224,トクシマケン,イタノグンアイズミチョウ,ヒガシナカトミ（オオツカホウジ）,徳島県,板野郡藍住町,東中富（大塚傍示）
7711222,トクシマケン,イタノグンアイズミチョウ,ヒガシナカトミ（キタホウジ）,徳島県,板野郡藍住町,東中富（北傍示）
7711224,トクシマケン,イタノグンアイズミチョウ,ヒガシナカトミ（ケイチョウ）,徳島県,板野郡藍住町,東中富（慶長）
7711223,トクシマケン,イタノグンアイズミチョウ,ヒガシナカトミ（シキジホウジ）,徳島県,板野郡藍住町,東中富（敷地傍示）
7711224,トクシマケン,イタノグンアイズミチョウ,ヒガシナカトミ（テイキョウ）,徳島県,板野郡藍住町,東中富（貞享）
7711223,トクシマケン,イタノグンアイズミチョウ,ヒガシナカトミ（テンノウホウジ）,徳島県,板野郡藍住町,東中富（天王傍示）
7711221,トクシマケン,イタノグンアイズミチョウ,ヒガシナカトミ（ナガエホウジ）,徳島県,板野郡藍住町,東中富（長江傍示）
7711224,トクシマケン,イタノグンアイズミチョウ,ヒガシナカトミ（ヒガシアンエイ）,徳島県,板野郡藍住町,東中富（東安永）
7711224,トクシマケン,イタノグンアイズミチョウ,ヒガシナカトミ（ニシアンエイ）,徳島県,板野郡藍住町,東中富（西安永）
7711224,トクシマケン,イタノグンアイズミチョウ,ヒガシナカトミ（ヤリバホウジ）,徳島県,板野郡藍住町,東中富（鑓場傍示）
7711220,トクシマケン,イタノグンアイズミチョウ,ヒガシナカトミ（ソノタ）,徳島県,板野郡藍住町,東中富（その他）
7711253,トクシマケン,イタノグンアイズミチョウ,ヤカミ（エノクチ）,徳島県,板野郡藍住町,矢上（江ノ口）
7711252,トクシマケン,イタノグンアイズミチョウ,ヤカミ（カスガ）,徳島県,板野郡藍住町,矢上（春日）
7711252,トクシマケン,イタノグンアイズミチョウ,ヤカミ（キタブン）,徳島県,板野郡藍住町,矢上（北分）
7711251,トクシマケン,イタノグンアイズミチョウ,ヤカミ（ニシ）,徳島県,板野郡藍住町,矢上（西）
7711251,トクシマケン,イタノグンアイズミチョウ,ヤカミ（ハラ）,徳島県,板野郡藍住町,矢上（原）
7711253,トクシマケン,イタノグンアイズミチョウ,ヤカミ（ヤストウ）,徳島県,板野郡藍住町,矢上（安任）
7711250,トクシマケン,イタノグンアイズミチョウ,ヤカミ（ソノタ）,徳島県,板野郡藍住町,矢上（その他）
7790100,トクシマケン,イタノグンイタノチョウ,イカニケイサイガナイバアイ,徳島県,板野郡板野町,以下に掲載がない場合
7790108,トクシマケン,イタノグンイタノチョウ,イヌブシ,徳島県,板野郡板野町,犬伏
7790101,トクシマケン,イタノグンイタノチョウ,オオサカ,徳島県,板野郡板野町,大坂
7790106,トクシマケン,イタノグンイタノチョウ,オオテラ（オカノミヤ）,徳島県,板野郡板野町,大寺（岡ノ宮）
7790105,トクシマケン,イタノグンイタノチョウ,オオテラ（ソノタ）,徳島県,板野郡板野町,大寺（その他）
7790103,トクシマケン,イタノグンイタノチョウ,カワバタ（シンデン）,徳島県,板野郡板野町,川端（新田）
7790102,トクシマケン,イタノグンイタノチョウ,カワバタ（ソノタ）,徳島県,板野郡板野町,川端（その他）
7790113,トクシマケン,イタノグンイタノチョウ,クロダニ,徳島県,板野郡板野町,黒谷
7790118,トクシマケン,イタノグンイタノチョウ,シモノショウ,徳島県,板野郡板野町,下庄
7790116,トクシマケン,イタノグンイタノチョウ,トウノソ,徳島県,板野郡板野町,唐園
7790117,トクシマケン,イタノグンイタノチョウ,ナカクボ,徳島県,板野郡板野町,中久保
7790111,トクシマケン,イタノグンイタノチョウ,ナトウ,徳島県,板野郡板野町,那東
7790119,トクシマケン,イタノグンイタノチョウ,ニシナカトミ,徳島県,板野郡板野町,西中富
7790104,トクシマケン,イタノグンイタノチョウ,フキタ,徳島県,板野郡板野町,吹田
7790107,トクシマケン,イタノグンイタノチョウ,フルシロ,徳島県,板野郡板野町,古城
7790112,トクシマケン,イタノグンイタノチョウ,マツダニ,徳島県,板野郡板野町,松谷
7790115,トクシマケン,イタノグンイタノチョウ,ヤタケ,徳島県,板野郡板野町,矢武
7790114,トクシマケン,イタノグンイタノチョウ,ラカン,徳島県,板野郡板野町,羅漢
7711300,トクシマケン,イタノグンカミイタチョウ,イカニケイサイガナイバアイ,徳島県,板野郡上板町,以下に掲載がない場合
7711310,トクシマケン,イタノグンカミイタチョウ,イズミダニ,徳島県,板野郡上板町,泉谷
7711301,トクシマケン,イタノグンカミイタチョウ,カジヤバラ,徳島県,板野郡上板町,鍛冶屋原
7711345,トクシマケン,イタノグンカミイタチョウ,カミロクジョウ,徳島県,板野郡上板町,上六條
7711320,トクシマケン,イタノグンカミイタチョウ,カンヤケ,徳島県,板野郡上板町,神宅
7711342,トクシマケン,イタノグンカミイタチョウ,サトウヅカ,徳島県,板野郡上板町,佐藤塚
7711343,トクシマケン,イタノグンカミイタチョウ,シイノモト,徳島県,板野郡上板町,椎本
7711302,トクシマケン,イタノグンカミイタチョウ,シチジョウ,徳島県,板野郡上板町,七條
7711344,トクシマケン,イタノグンカミイタチョウ,シモロクジョウ,徳島県,板野郡上板町,下六條
7711350,トクシマケン,イタノグンカミイタチョウ,セベ,徳島県,板野郡上板町,瀬部
7711341,トクシマケン,イタノグンカミイタチョウ,ダイジュウシンデン,徳島県,板野郡上板町,第十新田
7711346,トクシマケン,イタノグンカミイタチョウ,タカイソ,徳島県,板野郡上板町,高磯
7711347,トクシマケン,イタノグンカミイタチョウ,タカセ,徳島県,板野郡上板町,高瀬
7711330,トクシマケン,イタノグンカミイタチョウ,ニシブン,徳島県,板野郡上板町,西分
7711311,トクシマケン,イタノグンカミイタチョウ,ヒキノ,徳島県,板野郡上板町,引野
7794100,トクシマケン,ミマグンツルギチョウ,イカニケイサイガナイバアイ,徳島県,美馬郡つるぎ町,以下に掲載がない場合
7794302,トクシマケン,ミマグンツルギチョウ,イチウ（アカマツ、テラジ）,徳島県,美馬郡つるぎ町,一宇（赤松、寺地）
7794305,トクシマケン,ミマグンツルギチョウ,イチウ（イズリハ、ウスキ、ウルシビウラ、オオヤウチ、シロイ、タイラ、ミョウダニ）,徳島県,美馬郡つるぎ町,一宇（出羽、臼木、漆日浦、大屋内、白井、平、明谷）
7794301,トクシマケン,ミマグンツルギチョウ,イチウ（イチウ、カゲ、カシジ、キリウ、タチノモト）,徳島県,美馬郡つるぎ町,一宇（一宇、蔭、樫地、剪宇、太刀之本）
7794304,トクシマケン,ミマグンツルギチョウ,イチウ（イラハラ、オオノ、クドウジュウ、コヤス、ヒサヤブ）,徳島県,美馬郡つるぎ町,一宇（伊良原、大野、九藤中、子安、久藪）
7794306,トクシマケン,ミマグンツルギチョウ,イチウ（ウルシノセ、カワチ、クワダイラ、ツヅロ、ヒライ、ヒロサワ、ホウショウ）,徳島県,美馬郡つるぎ町,一宇（漆野瀬、河内、桑平、葛籠、平井、廣澤、法正）
7794307,トクシマケン,ミマグンツルギチョウ,イチウ（オオザコ、オクオオノ、カワマタ、サネヒラ、ナカノ）,徳島県,美馬郡つるぎ町,一宇（大佐古、奥大野、川又、實平、中野）
7794303,トクシマケン,ミマグンツルギチョウ,イチウ（オオヨコ、キジヤ、キリコシ、トイエ、ナカヨコ）,徳島県,美馬郡つるぎ町,一宇（大横、木地屋、切越、十家、中横）
7794101,トクシマケン,ミマグンツルギチョウ,サダミツ（ウマダシ、オオスカ、ナカスカ、ニシウラ、ヒガシウラ、マチ、ミヤシタ）,徳島県,美馬郡つるぎ町,貞光（馬出、大須賀、中須賀、西浦、東浦、町、宮下）
7794105,トクシマケン,ミマグンツルギチョウ,サダミツ（ウラヤマ、オトベ、カイゼ、タケヤシキ、ナガタニ、ニシマルイ、ヒキチ、ヤケグマ）,徳島県,美馬郡つるぎ町,貞光（浦山、乙部、皆瀬、竹屋敷、長谷、西丸井、引地、宅熊）
7794103,トクシマケン,ミマグンツルギチョウ,サダミツ（エノワキ、オカ、セセラギ、ミヤウチ）,徳島県,美馬郡つるぎ町,貞光（江ノ脇、岡、せせらぎ、宮内）
7794106,トクシマケン,ミマグンツルギチョウ,サダミツ（オオクボ、カイゼカワムカイ、スツコタニミナミ、スツコタニキタ、タニムカイ、ナカヤマ、ニシタニ、シラムラ）,徳島県,美馬郡つるぎ町,貞光（大久保、皆瀬川向、捨子谷南、捨子谷北、谷向、中山、西谷、白村）
7794104,トクシマケン,ミマグンツルギチョウ,サダミツ（オオタニシ、オオタヒガシ、オオタヒガシヤマ、コバセ、コヤマキタ、シバウチ、シバヤマ、ソウチ、ソウヤマ）,徳島県,美馬郡つるぎ町,貞光（太田西、太田東、太田東山、小長谷、小山北、柴内、柴山、僧地、僧山）
7794108,トクシマケン,ミマグンツルギチョウ,サダミツ（カワミ、カワミツ、カワミニシ、ナガセ、ヒウラカワムカイ、ヒガシマルイ、ミキドチ、モリノモト）,徳島県,美馬郡つるぎ町,貞光（川見、川見津、川見西、長瀬、日浦川向、東丸井、三木枋、森ノ本）
7794109,トクシマケン,ミマグンツルギチョウ,サダミツ（キラ、コヤ、サルカイ、ナルタニ、ヒウラ、ミヤダイラ、ヨコノ）,徳島県,美馬郡つるぎ町,貞光（吉良、木屋、猿飼、成谷、日浦、宮平、横野）
7794107,トクシマケン,ミマグンツルギチョウ,サダミツ（ケカミチウエ、ケカミチシタ、タイラノ、ナガキ、ナガキカゲ、ヒロタニ、ヒロタニカゲ、ヒロタニヒガシ）,徳島県,美馬郡つるぎ町,貞光（家賀道上、家賀道下、平野、長木、長木影、広谷、広谷影、広谷東）
7794102,トクシマケン,ミマグンツルギチョウ,サダミツ（ダイボウ、ツジ、ニシヤマ、ノグチ、ヒライシ、ベッショ、マエダ）,徳島県,美馬郡つるぎ町,貞光（大坊、辻、西山、野口、平石、別所、前田）
7794404,トクシマケン,ミマグンツルギチョウ,ハンダ（アオノ、オリサカ、コイノ、コウセ、サカネ、シモウジリ、シモタケ、ジョウレン、ヒガオ）,徳島県,美馬郡つるぎ町,半田（青野、折坂、小井野、高清、坂根、下尾尻、下竹、上蓮、日谷尾）
7794402,トクシマケン,ミマグンツルギチョウ,ハンダ（ウワカゲ、カゲミョウ、タイ、ヒウラ）,徳島県,美馬郡つるぎ町,半田（上蔭、蔭名、田井、日浦）
7794401,トクシマケン,ミマグンツルギチョウ,ハンダ（オウサカ、オノ、テンノウ、ナカヤブ、マツバエ）,徳島県,美馬郡つるぎ町,半田（逢坂、小野、天皇、中藪、松生）
7794406,トクシマケン,ミマグンツルギチョウ,ハンダ（カシオ、カミヤ、コダニ、サコオド、シモギライ）,徳島県,美馬郡つるぎ町,半田（樫尾、紙屋、小谷、佐古戸、下喜来）
7794405,トクシマケン,ミマグンツルギチョウ,ハンダ（カツラギ、カミギライ、ナカグマ、ナガノ、ヒガイノ）,徳島県,美馬郡つるぎ町,半田（葛城、上喜来、中熊、長野、日開野）
7794403,トクシマケン,ミマグンツルギチョウ,ハンダ（キノウチ、キョウト、サルカイ、シロイシ、ニシクボ、ヒガシクボ、ヒラライシ）,徳島県,美馬郡つるぎ町,半田（木ノ内、京都、猿飼、白石、西久保、東久保、平良石）
7794407,トクシマケン,ミマグンツルギチョウ,ハンダ（ヒガシケタ）,徳島県,美馬郡つるぎ町,半田（東毛田）
7794700,トクシマケン,ミヨシグンヒガシミヨシチョウ,イカニケイサイガナイバアイ,徳島県,三好郡東みよし町,以下に掲載がない場合
7712502,トクシマケン,ミヨシグンヒガシミヨシチョウ,アシロ,徳島県,三好郡東みよし町,足代
7794701,トクシマケン,ミヨシグンヒガシミヨシチョウ,カモ,徳島県,三好郡東みよし町,加茂
7794707,トクシマケン,ミヨシグンヒガシミヨシチョウ,ケタ（オオト）,徳島県,三好郡東みよし町,毛田（大藤）
7794706,トクシマケン,ミヨシグンヒガシミヨシチョウ,ケタ（クロハゼ）,徳島県,三好郡東みよし町,毛田（黒長谷）
7794705,トクシマケン,ミヨシグンヒガシミヨシチョウ,ケタ（ソノタ）,徳島県,三好郡東みよし町,毛田（その他）
7794704,トクシマケン,ミヨシグンヒガシミヨシチョウ,ナカショウ（オクムラ）,徳島県,三好郡東みよし町,中庄（奥村）
7794703,トクシマケン,ミヨシグンヒガシミヨシチョウ,ナカショウ（ソノタ）,徳島県,三好郡東みよし町,中庄（その他）
7794702,トクシマケン,ミヨシグンヒガシミヨシチョウ,ニシショウ,徳島県,三好郡東みよし町,西庄
7712503,トクシマケン,ミヨシグンヒガシミヨシチョウ,ヒガシヤマ,徳島県,三好郡東みよし町,東山
7712501,トクシマケン,ミヨシグンヒガシミヨシチョウ,ヒルマ,徳島県,三好郡東みよし町,昼間
