3210000,トチギケン,ウツノミヤシ,イカニケイサイガナイバアイ,栃木県,宇都宮市,以下に掲載がない場合
3291113,トチギケン,ウツノミヤシ,アイノサワチョウ,栃木県,宇都宮市,相野沢町
3200845,トチギケン,ウツノミヤシ,アケボノチョウ,栃木県,宇都宮市,明保野町
3200818,トチギケン,ウツノミヤシ,アサヒ,栃木県,宇都宮市,旭
3210404,トチギケン,ウツノミヤシ,アシヌマチョウ,栃木県,宇都宮市,芦沼町
3210347,トチギケン,ウツノミヤシ,イイダマチ,栃木県,宇都宮市,飯田町
3212101,トチギケン,ウツノミヤシ,イイヤママチ,栃木県,宇都宮市,飯山町
3200801,トチギケン,ウツノミヤシ,イケガミチョウ,栃木県,宇都宮市,池上町
3210912,トチギケン,ウツノミヤシ,イシイマチ,栃木県,宇都宮市,石井町
3212103,トチギケン,ウツノミヤシ,イシナダマチ,栃木県,宇都宮市,石那田町
3210952,トチギケン,ウツノミヤシ,イズミガオカ,栃木県,宇都宮市,泉が丘
3200034,トチギケン,ウツノミヤシ,イズミチョウ,栃木県,宇都宮市,泉町
3213221,トチギケン,ウツノミヤシ,イタドマチ,栃木県,宇都宮市,板戸町
3200821,トチギケン,ウツノミヤシ,イチジョウ,栃木県,宇都宮市,一条
3200047,トチギケン,ウツノミヤシ,イチノサワ,栃木県,宇都宮市,一の沢
3200049,トチギケン,ウツノミヤシ,イチノサワマチ,栃木県,宇都宮市,一ノ沢町
3200812,トチギケン,ウツノミヤシ,イチバンチョウ,栃木県,宇都宮市,一番町
3210966,トチギケン,ウツノミヤシ,イマイズミ,栃木県,宇都宮市,今泉
3210961,トチギケン,ウツノミヤシ,イマイズミシンマチ,栃木県,宇都宮市,今泉新町
3210962,トチギケン,ウツノミヤシ,イマイズミチョウ,栃木県,宇都宮市,今泉町
3210402,トチギケン,ウツノミヤシ,イマザトチョウ,栃木県,宇都宮市,今里町
3210166,トチギケン,ウツノミヤシ,イマミヤ,栃木県,宇都宮市,今宮
3210973,トチギケン,ウツノミヤシ,イワゾマチ,栃木県,宇都宮市,岩曽町
3212117,トチギケン,ウツノミヤシ,イワハラマチ,栃木県,宇都宮市,岩原町
3210976,トチギケン,ウツノミヤシ,イワモトチョウ,栃木県,宇都宮市,岩本町
3210118,トチギケン,ウツノミヤシ,インターパーク,栃木県,宇都宮市,インターパーク
3210981,トチギケン,ウツノミヤシ,ウエノマチ,栃木県,宇都宮市,上野町
3210405,トチギケン,ウツノミヤシ,ウワダチョウ,栃木県,宇都宮市,上田町
3210964,トチギケン,ウツノミヤシ,エキマエドオリ,栃木県,宇都宮市,駅前通り
3210107,トチギケン,ウツノミヤシ,エソジマ,栃木県,宇都宮市,江曽島
3210101,トチギケン,ウツノミヤシ,エソジマホンチョウ,栃木県,宇都宮市,江曽島本町
3210102,トチギケン,ウツノミヤシ,エソジママチ,栃木県,宇都宮市,江曽島町
3200802,トチギケン,ウツノミヤシ,エノマチ,栃木県,宇都宮市,江野町
3212111,トチギケン,ウツノミヤシ,オオアミマチ,栃木県,宇都宮市,大網町
3200014,トチギケン,ウツノミヤシ,オオゾ,栃木県,宇都宮市,大曽
3210161,トチギケン,ウツノミヤシ,オオツカチョウ,栃木県,宇都宮市,大塚町
3200811,トチギケン,ウツノミヤシ,オオドオリ,栃木県,宇都宮市,大通り
3210345,トチギケン,ウツノミヤシ,オオヤマチ,栃木県,宇都宮市,大谷町
3200823,トチギケン,ウツノミヤシ,オクラマチ,栃木県,宇都宮市,御蔵町
3200036,トチギケン,ウツノミヤシ,オバタ,栃木県,宇都宮市,小幡
3210971,トチギケン,ウツノミヤシ,カイドウマチ,栃木県,宇都宮市,海道町
3210108,トチギケン,ウツノミヤシ,カスガチョウ,栃木県,宇都宮市,春日町
3210406,トチギケン,ウツノミヤシ,カネダチョウ,栃木県,宇都宮市,金田町
3291117,トチギケン,ウツノミヤシ,カノウヤチョウ,栃木県,宇都宮市,叶谷町
3200013,トチギケン,ウツノミヤシ,カミオオゾマチ,栃木県,宇都宮市,上大曽町
3291106,トチギケン,ウツノミヤシ,カミオオツカチョウ,栃木県,宇都宮市,上大塚町
3200855,トチギケン,ウツノミヤシ,カミカケマチ,栃木県,宇都宮市,上欠町
3212115,トチギケン,ウツノミヤシ,カミカナイマチ,栃木県,宇都宮市,上金井町
3210913,トチギケン,ウツノミヤシ,カミクワジママチ,栃木県,宇都宮市,上桑島町
3212104,トチギケン,ウツノミヤシ,カミコイケマチ,栃木県,宇都宮市,上小池町
3210401,トチギケン,ウツノミヤシ,カミコグラチョウ,栃木県,宇都宮市,上小倉町
3213233,トチギケン,ウツノミヤシ,カミコモリヤマチ,栃木県,宇都宮市,上籠谷町
3291112,トチギケン,ウツノミヤシ,カミタワラチョウ,栃木県,宇都宮市,上田原町
3200058,トチギケン,ウツノミヤシ,カミトマツリ,栃木県,宇都宮市,上戸祭
3200051,トチギケン,ウツノミヤシ,カミトマツリチョウ,栃木県,宇都宮市,上戸祭町
3210115,トチギケン,ウツノミヤシ,カミミタチョウ,栃木県,宇都宮市,上御田町
3212112,トチギケン,ウツノミヤシ,カミヨコクラマチ,栃木県,宇都宮市,上横倉町
3210106,トチギケン,ウツノミヤシ,カミヨコタマチ,栃木県,宇都宮市,上横田町
3213224,トチギケン,ウツノミヤシ,カリヌママチ,栃木県,宇都宮市,刈沼町
3210111,トチギケン,ウツノミヤシ,カワダマチ,栃木県,宇都宮市,川田町
3210977,トチギケン,ウツノミヤシ,カワマタチョウ,栃木県,宇都宮市,川俣町
3210965,トチギケン,ウツノミヤシ,カワムコウチョウ,栃木県,宇都宮市,川向町
3200822,トチギケン,ウツノミヤシ,カワラマチ,栃木県,宇都宮市,河原町
3200002,トチギケン,ウツノミヤシ,カワラヤチョウ,栃木県,宇都宮市,瓦谷町
3210412,トチギケン,ウツノミヤシ,カンパクチョウ,栃木県,宇都宮市,関白町
3200844,トチギケン,ウツノミヤシ,キクスイチョウ,栃木県,宇都宮市,菊水町
3200048,トチギケン,ウツノミヤシ,キタイチノサワマチ,栃木県,宇都宮市,北一の沢町
3210153,トチギケン,ウツノミヤシ,キタワカマツハラ,栃木県,宇都宮市,北若松原
3200842,トチギケン,ウツノミヤシ,キョウマチ,栃木県,宇都宮市,京町
3200037,トチギケン,ウツノミヤシ,キヨスミ,栃木県,宇都宮市,清住
3213231,トチギケン,ウツノミヤシ,キヨハラコウギョウダンチ,栃木県,宇都宮市,清原工業団地
3213223,トチギケン,ウツノミヤシ,キヨハラダイ,栃木県,宇都宮市,清原台
3213234,トチギケン,ウツノミヤシ,クワジママチ,栃木県,宇都宮市,桑島町
3210951,トチギケン,ウツノミヤシ,コエド,栃木県,宇都宮市,越戸
3210951,トチギケン,ウツノミヤシ,コエドマチ,栃木県,宇都宮市,越戸町
3210341,トチギケン,ウツノミヤシ,コガシマチ,栃木県,宇都宮市,古賀志町
3210135,トチギケン,ウツノミヤシ,ゴダイ,栃木県,宇都宮市,五代
3213235,トチギケン,ウツノミヤシ,コテヤママチ,栃木県,宇都宮市,鐺山町
3200066,トチギケン,ウツノミヤシ,コマニュウ,栃木県,宇都宮市,駒生
3200065,トチギケン,ウツノミヤシ,コマニュウマチ,栃木県,宇都宮市,駒生町
3200042,トチギケン,ウツノミヤシ,ザイモクチョウ,栃木県,宇都宮市,材木町
3200848,トチギケン,ウツノミヤシ,サイワイチョウ,栃木県,宇都宮市,幸町
3200024,トチギケン,ウツノミヤシ,サカエチョウ,栃木県,宇都宮市,栄町
3291111,トチギケン,ウツノミヤシ,サカヅラチョウ,栃木県,宇都宮市,逆面町
3200854,トチギケン,ウツノミヤシ,サギノヤマチ,栃木県,宇都宮市,鷺の谷町
3200043,トチギケン,ウツノミヤシ,サクラ,栃木県,宇都宮市,桜
3291101,トチギケン,ウツノミヤシ,サゲハシチョウ,栃木県,宇都宮市,下ケ橋町
3210141,トチギケン,ウツノミヤシ,サツキ,栃木県,宇都宮市,さつき
3210922,トチギケン,ウツノミヤシ,サルヤママチ,栃木県,宇都宮市,さるやま町
3200814,トチギケン,ウツノミヤシ,サンバンチョウ,栃木県,宇都宮市,三番町
3212102,トチギケン,ウツノミヤシ,シノイマチ,栃木県,宇都宮市,篠井町
3210346,トチギケン,ウツノミヤシ,シモアラハリマチ,栃木県,宇都宮市,下荒針町
3291104,トチギケン,ウツノミヤシ,シモオカモトチョウ,栃木県,宇都宮市,下岡本町
3200853,トチギケン,ウツノミヤシ,シモカケマチ,栃木県,宇都宮市,下欠町
3212114,トチギケン,ウツノミヤシ,シモカナイマチ,栃木県,宇都宮市,下金井町
3210972,トチギケン,ウツノミヤシ,シモカワマタマチ,栃木県,宇都宮市,下川俣町
3200824,トチギケン,ウツノミヤシ,シモガワラ,栃木県,宇都宮市,下河原
3200825,トチギケン,ウツノミヤシ,シモガワラマチ,栃木県,宇都宮市,下河原町
3210914,トチギケン,ウツノミヤシ,シモクワジママチ,栃木県,宇都宮市,下桑島町
3210924,トチギケン,ウツノミヤシ,シモグリ,栃木県,宇都宮市,下栗
3210923,トチギケン,ウツノミヤシ,シモグリマチ,栃木県,宇都宮市,下栗町
3212105,トチギケン,ウツノミヤシ,シモコイケマチ,栃木県,宇都宮市,下小池町
3210403,トチギケン,ウツノミヤシ,シモコグラチョウ,栃木県,宇都宮市,下小倉町
3210122,トチギケン,ウツノミヤシ,シモソリマチチョウ,栃木県,宇都宮市,下反町町
3291115,トチギケン,ウツノミヤシ,シモタワラチョウ,栃木県,宇都宮市,下田原町
3200852,トチギケン,ウツノミヤシ,シモトカミチョウ,栃木県,宇都宮市,下砥上町
3200055,トチギケン,ウツノミヤシ,シモトマツリ,栃木県,宇都宮市,下戸祭
3210903,トチギケン,ウツノミヤシ,シモヒライデマチ,栃木県,宇都宮市,下平出町
3212113,トチギケン,ウツノミヤシ,シモヨコクラマチ,栃木県,宇都宮市,下横倉町
3210124,トチギケン,ウツノミヤシ,シモヨコタチョウ,栃木県,宇都宮市,下横田町
3210945,トチギケン,ウツノミヤシ,シュクゴウ,栃木県,宇都宮市,宿郷
3210935,トチギケン,ウツノミヤシ,ジョウトウ,栃木県,宇都宮市,城東
3210117,トチギケン,ウツノミヤシ,ジョウナン,栃木県,宇都宮市,城南
3210413,トチギケン,ウツノミヤシ,ショウフウダイ,栃木県,宇都宮市,松風台
3200032,トチギケン,ウツノミヤシ,ショウワ,栃木県,宇都宮市,昭和
3291102,トチギケン,ウツノミヤシ,シラサワチョウ,栃木県,宇都宮市,白沢町
3210133,トチギケン,ウツノミヤシ,シントミチョウ,栃木県,宇都宮市,新富町
3200831,トチギケン,ウツノミヤシ,シンマチ,栃木県,宇都宮市,新町
3210144,トチギケン,ウツノミヤシ,スエヒロ,栃木県,宇都宮市,末広
3210132,トチギケン,ウツノミヤシ,スズメノミヤ,栃木県,宇都宮市,雀の宮
3210121,トチギケン,ウツノミヤシ,スズメノミヤチョウ,栃木県,宇都宮市,雀宮町
3210113,トチギケン,ウツノミヤシ,スナタマチ,栃木県,宇都宮市,砂田町
3200864,トチギケン,ウツノミヤシ,スミヨシチョウ,栃木県,宇都宮市,住吉町
3210975,トチギケン,ウツノミヤシ,セキボリチョウ,栃木県,宇都宮市,関堀町
3200022,トチギケン,ウツノミヤシ,センナミマチ,栃木県,宇都宮市,千波町
3200867,トチギケン,ウツノミヤシ,ダイカン,栃木県,宇都宮市,大寛
3210104,トチギケン,ウツノミヤシ,ダイシンデン,栃木県,宇都宮市,台新田
3210103,トチギケン,ウツノミヤシ,ダイシンデンマチ,栃木県,宇都宮市,台新田町
3210134,トチギケン,ウツノミヤシ,タカサゴチョウ,栃木県,宇都宮市,高砂町
3210416,トチギケン,ウツノミヤシ,タカマツチョウ,栃木県,宇都宮市,高松町
3291114,トチギケン,ウツノミヤシ,タカライチョウ,栃木県,宇都宮市,宝井町
3200061,トチギケン,ウツノミヤシ,タカラギチョウ,栃木県,宇都宮市,宝木町
3200075,トチギケン,ウツノミヤシ,タカラギホンチョウ,栃木県,宇都宮市,宝木本町
3200846,トチギケン,ウツノミヤシ,タキノハラ,栃木県,宇都宮市,滝の原
3200847,トチギケン,ウツノミヤシ,タキヤチョウ,栃木県,宇都宮市,滝谷町
3213236,トチギケン,ウツノミヤシ,タケシタマチ,栃木県,宇都宮市,竹下町
3210974,トチギケン,ウツノミヤシ,タケバヤシマチ,栃木県,宇都宮市,竹林町
3210343,トチギケン,ウツノミヤシ,タゲマチ,栃木県,宇都宮市,田下町
3210344,トチギケン,ウツノミヤシ,タノマチ,栃木県,宇都宮市,田野町
3200806,トチギケン,ウツノミヤシ,チュウオウ,栃木県,宇都宮市,中央
3200805,トチギケン,ウツノミヤシ,チュウオウホンチョウ,栃木県,宇都宮市,中央本町
3200857,トチギケン,ウツノミヤシ,ツルタ,栃木県,宇都宮市,鶴田
3200851,トチギケン,ウツノミヤシ,ツルタマチ,栃木県,宇都宮市,鶴田町
3200816,トチギケン,ウツノミヤシ,テンジン,栃木県,宇都宮市,天神
3200035,トチギケン,ウツノミヤシ,デンマチョウ,栃木県,宇都宮市,伝馬町
3213237,トチギケン,ウツノミヤシ,ドウジョウジュクマチ,栃木県,宇都宮市,道場宿町
3210123,トチギケン,ウツノミヤシ,トウヤチョウ,栃木県,宇都宮市,東谷町
3200856,トチギケン,ウツノミヤシ,トカミチョウ,栃木県,宇都宮市,砥上町
3212116,トチギケン,ウツノミヤシ,トクジラマチ,栃木県,宇都宮市,徳次郎町
3200056,トチギケン,ウツノミヤシ,トマツリ,栃木県,宇都宮市,戸祭
3200017,トチギケン,ウツノミヤシ,トマツリダイ,栃木県,宇都宮市,戸祭台
3200053,トチギケン,ウツノミヤシ,トマツリチョウ,栃木県,宇都宮市,戸祭町
3200031,トチギケン,ウツノミヤシ,トマツリモトチョウ,栃木県,宇都宮市,戸祭元町
3200003,トチギケン,ウツノミヤシ,トヨサトダイ,栃木県,宇都宮市,豊郷台
3210911,トチギケン,ウツノミヤシ,トンヤマチ,栃木県,宇都宮市,問屋町
3200045,トチギケン,ウツノミヤシ,ナカイチノサワマチ,栃木県,宇都宮市,中一の沢町
3210968,トチギケン,ウツノミヤシ,ナカイマイズミ,栃木県,宇都宮市,中今泉
3200004,トチギケン,ウツノミヤシ,ナガオカチョウ,栃木県,宇都宮市,長岡町
3291105,トチギケン,ウツノミヤシ,ナカオカモトチョウ,栃木県,宇都宮市,中岡本町
3200815,トチギケン,ウツノミヤシ,ナカガワラマチ,栃木県,宇都宮市,中河原町
3210906,トチギケン,ウツノミヤシ,ナカクボ,栃木県,宇都宮市,中久保
3210414,トチギケン,ウツノミヤシ,ナカザトチョウ,栃木県,宇都宮市,中里町
3210114,トチギケン,ウツノミヤシ,ナカジマチョウ,栃木県,宇都宮市,中島町
3200057,トチギケン,ウツノミヤシ,ナカトマツリ,栃木県,宇都宮市,中戸祭
3200052,トチギケン,ウツノミヤシ,ナカトマツリチョウ,栃木県,宇都宮市,中戸祭町
3200023,トチギケン,ウツノミヤシ,ナカマチ,栃木県,宇都宮市,仲町
3291107,トチギケン,ウツノミヤシ,ナガミネチョウ,栃木県,宇都宮市,長峰町
3200861,トチギケン,ウツノミヤシ,ニシ,栃木県,宇都宮市,西
3200046,トチギケン,ウツノミヤシ,ニシイチノサワマチ,栃木県,宇都宮市,西一の沢町
3210917,トチギケン,ウツノミヤシ,ニシオサカベマチ,栃木県,宇都宮市,西刑部町
3210152,トチギケン,ウツノミヤシ,ニシカワタ,栃木県,宇都宮市,西川田
3210154,トチギケン,ウツノミヤシ,ニシカワタヒガシマチ,栃木県,宇都宮市,西川田東町
3210158,トチギケン,ウツノミヤシ,ニシカワタホンチョウ,栃木県,宇都宮市,西川田本町
3210151,トチギケン,ウツノミヤシ,ニシカワタマチ,栃木県,宇都宮市,西川田町
3210155,トチギケン,ウツノミヤシ,ニシカワタミナミ,栃木県,宇都宮市,西川田南
3210967,トチギケン,ウツノミヤシ,ニシキ,栃木県,宇都宮市,錦
3200866,トチギケン,ウツノミヤシ,ニシダイカン,栃木県,宇都宮市,西大寛
3200064,トチギケン,ウツノミヤシ,ニシノミヤ,栃木県,宇都宮市,西の宮
3200862,トチギケン,ウツノミヤシ,ニシハラ,栃木県,宇都宮市,西原
3200826,トチギケン,ウツノミヤシ,ニシハラチョウ,栃木県,宇都宮市,西原町
3212118,トチギケン,ウツノミヤシ,ニッサトマチ,栃木県,宇都宮市,新里町
3200813,トチギケン,ウツノミヤシ,ニバンチョウ,栃木県,宇都宮市,二番町
3213222,トチギケン,ウツノミヤシ,ノゴヤマチ,栃木県,宇都宮市,野高谷町
3200071,トチギケン,ウツノミヤシ,ノザワマチ,栃木県,宇都宮市,野沢町
3210127,トチギケン,ウツノミヤシ,ハギュウダチョウ,栃木県,宇都宮市,羽牛田町
3200015,トチギケン,ウツノミヤシ,ハチマンダイ,栃木県,宇都宮市,八幡台
3200843,トチギケン,ウツノミヤシ,ハナゾノチョウ,栃木県,宇都宮市,花園町
3200827,トチギケン,ウツノミヤシ,ハナブサ,栃木県,宇都宮市,花房
3200828,トチギケン,ウツノミヤシ,ハナブサホンチョウ,栃木県,宇都宮市,花房本町
3200027,トチギケン,ウツノミヤシ,ハナワダ,栃木県,宇都宮市,塙田
3200026,トチギケン,ウツノミヤシ,ババドオリ,栃木県,宇都宮市,馬場通り
3210137,トチギケン,ウツノミヤシ,ハリガヤ,栃木県,宇都宮市,針ケ谷
3210147,トチギケン,ウツノミヤシ,ハリガヤチョウ,栃木県,宇都宮市,針ケ谷町
3210941,トチギケン,ウツノミヤシ,ヒガシイマイズミ,栃木県,宇都宮市,東今泉
3210167,トチギケン,ウツノミヤシ,ヒガシウラマチ,栃木県,宇都宮市,東浦町
3291103,トチギケン,ウツノミヤシ,ヒガシオカモトチョウ,栃木県,宇都宮市,東岡本町
3210915,トチギケン,ウツノミヤシ,ヒガシオサカベマチ,栃木県,宇都宮市,東刑部町
3210916,トチギケン,ウツノミヤシ,ヒガシキノシロマチ,栃木県,宇都宮市,東木代町
3210953,トチギケン,ウツノミヤシ,ヒガシシュクゴウ,栃木県,宇都宮市,東宿郷
3200062,トチギケン,ウツノミヤシ,ヒガシタカラギチョウ,栃木県,宇都宮市,東宝木町
3200054,トチギケン,ウツノミヤシ,ヒガシトマツリ,栃木県,宇都宮市,東戸祭
3200021,トチギケン,ウツノミヤシ,ヒガシハナワダ,栃木県,宇都宮市,東塙田
3210168,トチギケン,ウツノミヤシ,ヒガシハラマチ,栃木県,宇都宮市,東原町
3210985,トチギケン,ウツノミヤシ,ヒガシマチ,栃木県,宇都宮市,東町
3210946,トチギケン,ウツノミヤシ,ヒガシミネ,栃木県,宇都宮市,東峰
3210944,トチギケン,ウツノミヤシ,ヒガシミネマチ,栃木県,宇都宮市,東峰町
3210925,トチギケン,ウツノミヤシ,ヒガシヤナゼ,栃木県,宇都宮市,東簗瀬
3210116,トチギケン,ウツノミヤシ,ヒガシヨコタマチ,栃木県,宇都宮市,東横田町
3200832,トチギケン,ウツノミヤシ,ヒノデ,栃木県,宇都宮市,日の出
3213232,トチギケン,ウツノミヤシ,ヒムロマチ,栃木県,宇都宮市,氷室町
3210138,トチギケン,ウツノミヤシ,ヒョウゴツカ,栃木県,宇都宮市,兵庫塚
3210156,トチギケン,ウツノミヤシ,ヒョウゴツカマチ,栃木県,宇都宮市,兵庫塚町
3210905,トチギケン,ウツノミヤシ,ヒライデコウギョウダンチ,栃木県,宇都宮市,平出工業団地
3210901,トチギケン,ウツノミヤシ,ヒライデマチ,栃木県,宇都宮市,平出町
3210918,トチギケン,ウツノミヤシ,ヒラツカマチ,栃木県,宇都宮市,平塚町
3210936,トチギケン,ウツノミヤシ,ヒラマツ,栃木県,宇都宮市,平松
3210931,トチギケン,ウツノミヤシ,ヒラマツチョウ,栃木県,宇都宮市,平松町
3210932,トチギケン,ウツノミヤシ,ヒラマツホンチョウ,栃木県,宇都宮市,平松本町
3210342,トチギケン,ウツノミヤシ,フクオカマチ,栃木県,宇都宮市,福岡町
3200011,トチギケン,ウツノミヤシ,フジミガオカ,栃木県,宇都宮市,富士見が丘
3210146,トチギケン,ウツノミヤシ,フジミチョウ,栃木県,宇都宮市,富士見町
3200804,トチギケン,ウツノミヤシ,フタアラマチ,栃木県,宇都宮市,二荒町
3210164,トチギケン,ウツノミヤシ,フタバ,栃木県,宇都宮市,双葉
3200833,トチギケン,ウツノミヤシ,フドウマエ,栃木県,宇都宮市,不動前
3210417,トチギケン,ウツノミヤシ,フユムロチョウ,栃木県,宇都宮市,冬室町
3291108,トチギケン,ウツノミヤシ,フルタチョウ,栃木県,宇都宮市,古田町
3200038,トチギケン,ウツノミヤシ,ホシガオカ,栃木県,宇都宮市,星が丘
3200073,トチギケン,ウツノミヤシ,ホソヤ,栃木県,宇都宮市,細谷
3200074,トチギケン,ウツノミヤシ,ホソヤチョウ,栃木県,宇都宮市,細谷町
3200033,トチギケン,ウツノミヤシ,ホンチョウ,栃木県,宇都宮市,本町
3200817,トチギケン,ウツノミヤシ,ホンマルチョウ,栃木県,宇都宮市,本丸町
3210157,トチギケン,ウツノミヤシ,マクタマチ,栃木県,宇都宮市,幕田町
3200803,トチギケン,ウツノミヤシ,マゲシチョウ,栃木県,宇都宮市,曲師町
3200807,トチギケン,ウツノミヤシ,マツガミネ,栃木県,宇都宮市,松が峰
3210407,トチギケン,ウツノミヤシ,マツダシンデンチョウ,栃木県,宇都宮市,松田新田町
3200041,トチギケン,ウツノミヤシ,マツバラ,栃木県,宇都宮市,松原
3213225,トチギケン,ウツノミヤシ,マミアナマチ,栃木県,宇都宮市,満美穴町
3200863,トチギケン,ウツノミヤシ,ミサオチョウ,栃木県,宇都宮市,操町
3210921,トチギケン,ウツノミヤシ,ミズホ,栃木県,宇都宮市,瑞穂
3210125,トチギケン,ウツノミヤシ,ミタナガシマチョウ,栃木県,宇都宮市,御田長島町
3210165,トチギケン,ウツノミヤシ,ミドリ,栃木県,宇都宮市,緑
3210136,トチギケン,ウツノミヤシ,ミドリノマチ,栃木県,宇都宮市,みどり野町
3200044,トチギケン,ウツノミヤシ,ミナミイチノサワマチ,栃木県,宇都宮市,南一の沢町
3210963,トチギケン,ウツノミヤシ,ミナミオオドオリ,栃木県,宇都宮市,南大通り
3210143,トチギケン,ウツノミヤシ,ミナミタカサゴチョウ,栃木県,宇都宮市,南高砂町
3210142,トチギケン,ウツノミヤシ,ミナミマチ,栃木県,宇都宮市,南町
3210942,トチギケン,ウツノミヤシ,ミネ,栃木県,宇都宮市,峰
3210943,トチギケン,ウツノミヤシ,ミネマチ,栃木県,宇都宮市,峰町
3200808,トチギケン,ウツノミヤシ,ミヤゾノチョウ,栃木県,宇都宮市,宮園町
3210131,トチギケン,ウツノミヤシ,ミヤノウチ,栃木県,宇都宮市,宮の内
3200835,トチギケン,ウツノミヤシ,ミヤハラ,栃木県,宇都宮市,宮原
3200025,トチギケン,ウツノミヤシ,ミヤマチ,栃木県,宇都宮市,宮町
3210969,トチギケン,ウツノミヤシ,ミヤミライ,栃木県,宇都宮市,宮みらい
3210163,トチギケン,ウツノミヤシ,ミヤモトチョウ,栃木県,宇都宮市,宮本町
3210411,トチギケン,ウツノミヤシ,ミヤヤマダチョウ,栃木県,宇都宮市,宮山田町
3210982,トチギケン,ウツノミヤシ,ミユキガハラマチ,栃木県,宇都宮市,御幸ケ原町
3210984,トチギケン,ウツノミヤシ,ミユキチョウ,栃木県,宇都宮市,御幸町
3210983,トチギケン,ウツノミヤシ,ミユキホンチョウ,栃木県,宇都宮市,御幸本町
3200865,トチギケン,ウツノミヤシ,ムツミチョウ,栃木県,宇都宮市,睦町
3210415,トチギケン,ウツノミヤシ,メンノウチチョウ,栃木県,宇都宮市,免ノ内町
3210954,トチギケン,ウツノミヤシ,モトイマイズミ,栃木県,宇都宮市,元今泉
3210145,トチギケン,ウツノミヤシ,モバラ,栃木県,宇都宮市,茂原
3210126,トチギケン,ウツノミヤシ,モバラチョウ,栃木県,宇都宮市,茂原町
3210112,トチギケン,ウツノミヤシ,ヤイタマチ,栃木県,宇都宮市,屋板町
3210169,トチギケン,ウツノミヤシ,ヤチヨ,栃木県,宇都宮市,八千代
3210902,トチギケン,ウツノミヤシ,ヤナギタマチ,栃木県,宇都宮市,柳田町
3210934,トチギケン,ウツノミヤシ,ヤナゼ,栃木県,宇都宮市,簗瀬
3210933,トチギケン,ウツノミヤシ,ヤナゼマチ,栃木県,宇都宮市,簗瀬町
3210162,トチギケン,ウツノミヤシ,ヤマト（１、２チョウメ）,栃木県,宇都宮市,大和（１、２丁目）
3200836,トチギケン,ウツノミヤシ,ヤマト（３チョウメ）,栃木県,宇都宮市,大和（３丁目）
3200012,トチギケン,ウツノミヤシ,ヤマモト,栃木県,宇都宮市,山本
3200016,トチギケン,ウツノミヤシ,ヤマモトマチ,栃木県,宇都宮市,山本町
3200837,トチギケン,ウツノミヤシ,ヤヨイ,栃木県,宇都宮市,弥生
3213226,トチギケン,ウツノミヤシ,ユイノモリ,栃木県,宇都宮市,ゆいの杜
3200063,トチギケン,ウツノミヤシ,ヨウサイチョウ,栃木県,宇都宮市,陽西町
3210904,トチギケン,ウツノミヤシ,ヨウトウ,栃木県,宇都宮市,陽東
3200834,トチギケン,ウツノミヤシ,ヨウナン,栃木県,宇都宮市,陽南
3210105,トチギケン,ウツノミヤシ,ヨコタシンマチ,栃木県,宇都宮市,横田新町
3200005,トチギケン,ウツノミヤシ,ヨコヤマ,栃木県,宇都宮市,横山
3200001,トチギケン,ウツノミヤシ,ヨコヤマチョウ,栃木県,宇都宮市,横山町
3200838,トチギケン,ウツノミヤシ,ヨシノ,栃木県,宇都宮市,吉野
3291116,トチギケン,ウツノミヤシ,リュウブクチョウ,栃木県,宇都宮市,立伏町
3200841,トチギケン,ウツノミヤシ,ロクドウマチ,栃木県,宇都宮市,六道町
3200072,トチギケン,ウツノミヤシ,ワカクサ,栃木県,宇都宮市,若草
3210139,トチギケン,ウツノミヤシ,ワカマツハラ,栃木県,宇都宮市,若松原
3260000,トチギケン,アシカガシ,イカニケイサイガナイバアイ,栃木県,足利市,以下に掲載がない場合
3260052,トチギケン,アシカガシ,アイオイチョウ,栃木県,足利市,相生町
3260062,トチギケン,アシカガシ,アカマツダイ,栃木県,足利市,赤松台
3260328,トチギケン,アシカガシ,アガタチョウ,栃木県,足利市,県町
3260823,トチギケン,アシカガシ,アサクラチョウ,栃木県,足利市,朝倉町
3260802,トチギケン,アシカガシ,アサヒチョウ,栃木県,足利市,旭町
3260832,トチギケン,アシカガシ,アラカネチョウ,栃木県,足利市,荒金町
3260834,トチギケン,アシカガシ,アラジュクチョウ,栃木県,足利市,新宿町
3260103,トチギケン,アシカガシ,アワノヤチョウ,栃木県,足利市,粟谷町
3260803,トチギケン,アシカガシ,イエトミチョウ,栃木県,足利市,家富町
3260014,トチギケン,アシカガシ,イカルギチョウ,栃木県,足利市,鵤木町
3260811,トチギケン,アシカガシ,イグサチョウ,栃木県,足利市,井草町
3260053,トチギケン,アシカガシ,イセチョウ,栃木県,足利市,伊勢町
3260054,トチギケン,アシカガシ,イセミナミチョウ,栃木県,足利市,伊勢南町
3260102,トチギケン,アシカガシ,イタクラチョウ,栃木県,足利市,板倉町
3294212,トチギケン,アシカガシ,イナオカチョウ,栃木県,足利市,稲岡町
3260842,トチギケン,アシカガシ,イマフクチョウ,栃木県,足利市,今福町
3260046,トチギケン,アシカガシ,イワイチョウ,栃木県,足利市,岩井町
3260055,トチギケン,アシカガシ,エイラクチョウ,栃木県,足利市,永楽町
3260067,トチギケン,アシカガシ,エガワチョウ,栃木県,足利市,江川町
3260841,トチギケン,アシカガシ,オオイワチョウ,栃木県,足利市,大岩町
3260012,トチギケン,アシカガシ,オオクボチョウ,栃木県,足利市,大久保町
3260005,トチギケン,アシカガシ,オオツキチョウ,栃木県,足利市,大月町
3260011,トチギケン,アシカガシ,オオヌマタチョウ,栃木県,足利市,大沼田町
3260051,トチギケン,アシカガシ,オオハシチョウ,栃木県,足利市,大橋町
3260845,トチギケン,アシカガシ,オオマエチョウ,栃木県,足利市,大前町
3294215,トチギケン,アシカガシ,オクドチョウ,栃木県,足利市,奥戸町
3260326,トチギケン,アシカガシ,オゾネチョウ,栃木県,足利市,小曽根町
3260141,トチギケン,アシカガシ,オマタチョウ,栃木県,足利市,小俣町
3260142,トチギケン,アシカガシ,オマタミナミチョウ,栃木県,足利市,小俣南町
3260006,トチギケン,アシカガシ,カカボチョウ,栃木県,足利市,利保町
3260844,トチギケン,アシカガシ,カシマチョウ,栃木県,足利市,鹿島町
3260004,トチギケン,アシカガシ,カバサキチョウ,栃木県,足利市,樺崎町
3260335,トチギケン,アシカガシ,カミシブタレチョウ,栃木県,足利市,上渋垂町
3260826,トチギケン,アシカガシ,カリヤドチョウ,栃木県,足利市,借宿町
3260013,トチギケン,アシカガシ,カワサキチョウ,栃木県,足利市,川崎町
3260324,トチギケン,アシカガシ,クボタチョウ,栃木県,足利市,久保田町
3260016,トチギケン,アシカガシ,ケノシンマチ,栃木県,足利市,毛野新町
3260025,トチギケン,アシカガシ,コトブキチョウ,栃木県,足利市,寿町
3294217,トチギケン,アシカガシ,コマバチョウ,栃木県,足利市,駒場町
3260815,トチギケン,アシカガシ,サカエチョウ,栃木県,足利市,栄町
3260835,トチギケン,アシカガシ,サトヤバチョウ,栃木県,足利市,里矢場町
3260023,トチギケン,アシカガシ,サルタチョウ,栃木県,足利市,猿田町
3260337,トチギケン,アシカガシ,シマダチョウ,栃木県,足利市,島田町
3260334,トチギケン,アシカガシ,シモシブタレチョウ,栃木県,足利市,下渋垂町
3260813,トチギケン,アシカガシ,ショウヘイチョウ,栃木県,足利市,昌平町
3260063,トチギケン,アシカガシ,シンヤマチョウ,栃木県,足利市,新山町
3260031,トチギケン,アシカガシ,スエヒロチョウ,栃木県,足利市,末広町
3260044,トチギケン,アシカガシ,スケド,栃木県,足利市,助戸
3260048,トチギケン,アシカガシ,スケドオオハシチョウ,栃木県,足利市,助戸大橋町
3260041,トチギケン,アシカガシ,スケドシンヤマチョウ,栃木県,足利市,助戸新山町
3260043,トチギケン,アシカガシ,スケドナカチョウ,栃木県,足利市,助戸仲町
3260042,トチギケン,アシカガシ,スケドヒガシヤマチョウ,栃木県,足利市,助戸東山町
3260007,トチギケン,アシカガシ,スゲタチョウ,栃木県,足利市,菅田町
3260807,トチギケン,アシカガシ,タイショウチョウ,栃木県,足利市,大正町
3260056,トチギケン,アシカガシ,ダイチョウ,栃木県,足利市,大町
3260812,トチギケン,アシカガシ,ダイモンドオリ,栃木県,足利市,大門通
3260325,トチギケン,アシカガシ,タカマツチョウ,栃木県,足利市,高松町
3260061,トチギケン,アシカガシ,タジマチョウ,栃木県,足利市,田島町
3294214,トチギケン,アシカガシ,タダキチョウ,栃木県,足利市,多田木町
3260066,トチギケン,アシカガシ,タドコロチョウ,栃木県,足利市,田所町
3260822,トチギケン,アシカガシ,タナカチョウ,栃木県,足利市,田中町
3260045,トチギケン,アシカガシ,チトセチョウ,栃木県,足利市,千歳町
3260068,トチギケン,アシカガシ,ツキヤチョウ,栃木県,足利市,月谷町
3260022,トチギケン,アシカガシ,ツネミチョウ,栃木県,足利市,常見町
3294213,トチギケン,アシカガシ,テラオカチョウ,栃木県,足利市,寺岡町
3260814,トチギケン,アシカガシ,トオリ,栃木県,足利市,通
3260026,トチギケン,アシカガシ,トキワチョウ,栃木県,足利市,常盤町
3260805,トチギケン,アシカガシ,トモエチョウ,栃木県,足利市,巴町
3260333,トチギケン,アシカガシ,トンヤチョウ,栃木県,足利市,問屋町
3260825,トチギケン,アシカガシ,ナカガワチョウ,栃木県,足利市,中川町
3260001,トチギケン,アシカガシ,ナグサカミチョウ,栃木県,足利市,名草上町
3260002,トチギケン,アシカガシ,ナグサナカチョウ,栃木県,足利市,名草中町
3260003,トチギケン,アシカガシ,ナグサシモチョウ,栃木県,足利市,名草下町
3260837,トチギケン,アシカガシ,ニシアライチョウ,栃木県,足利市,西新井町
3260047,トチギケン,アシカガシ,ニシキチョウ,栃木県,足利市,錦町
3260065,トチギケン,アシカガシ,ニシサワラゴチョウ,栃木県,足利市,西砂原後町
3260817,トチギケン,アシカガシ,ニシノミヤチョウ,栃木県,足利市,西宮町
3294211,トチギケン,アシカガシ,ニシバチョウ,栃木県,足利市,西場町
3260322,トチギケン,アシカガシ,ノダチョウ,栃木県,足利市,野田町
3260327,トチギケン,アシカガシ,ハカリチョウ,栃木県,足利市,羽刈町
3294216,トチギケン,アシカガシ,ハサマチョウ,栃木県,足利市,迫間町
3260143,トチギケン,アシカガシ,ハジカチョウ,栃木県,足利市,葉鹿町
3260144,トチギケン,アシカガシ,ハジカミナミチョウ,栃木県,足利市,葉鹿南町
3260033,トチギケン,アシカガシ,ハナゾノチョウ,栃木県,足利市,花園町
3260064,トチギケン,アシカガシ,ヒガシサワラゴチョウ,栃木県,足利市,東砂原後町
3260034,トチギケン,アシカガシ,ヒサマツチョウ,栃木県,足利市,久松町
3260338,トチギケン,アシカガシ,フクイチョウ,栃木県,足利市,福居町
3260332,トチギケン,アシカガシ,フクトミシンチョウ,栃木県,足利市,福富新町
3260331,トチギケン,アシカガシ,フクトミチョウ,栃木県,足利市,福富町
3260037,トチギケン,アシカガシ,フジミチョウ,栃木県,足利市,富士見町
3260833,トチギケン,アシカガシ,フジモトチョウ,栃木県,足利市,藤本町
3260831,トチギケン,アシカガシ,ホリゴメチョウ,栃木県,足利市,堀込町
3260808,トチギケン,アシカガシ,ホンジョウ,栃木県,足利市,本城
3260032,トチギケン,アシカガシ,マサゴチョウ,栃木県,足利市,真砂町
3260101,トチギケン,アシカガシ,マツダチョウ,栃木県,足利市,松田町
3260057,トチギケン,アシカガシ,マルヤマチョウ,栃木県,足利市,丸山町
3260323,トチギケン,アシカガシ,ミズホノチョウ,栃木県,足利市,瑞穂野町
3260816,トチギケン,アシカガシ,ミドリチョウ,栃木県,足利市,緑町
3260836,トチギケン,アシカガシ,ミナミオオマチ,栃木県,足利市,南大町
3260821,トチギケン,アシカガシ,ミナミチョウ,栃木県,足利市,南町
3260027,トチギケン,アシカガシ,ミヤキタチョウ,栃木県,足利市,宮北町
3260058,トチギケン,アシカガシ,モトガクチョウ,栃木県,足利市,元学町
3260336,トチギケン,アシカガシ,モモガシラチョウ,栃木県,足利市,百頭町
3260015,トチギケン,アシカガシ,ヤツクヌギチョウ,栃木県,足利市,八椚町
3260806,トチギケン,アシカガシ,ヤナギワラチョウ,栃木県,足利市,柳原町
3260321,トチギケン,アシカガシ,ヤナダチョウ,栃木県,足利市,梁田町
3260021,トチギケン,アシカガシ,ヤマガワチョウ,栃木県,足利市,山川町
3260846,トチギケン,アシカガシ,ヤマシタチョウ,栃木県,足利市,山下町
3260036,トチギケン,アシカガシ,ヤヨイチョウ,栃木県,足利市,弥生町
3260824,トチギケン,アシカガシ,ヤワタチョウ,栃木県,足利市,八幡町
3260801,トチギケン,アシカガシ,ユウラクチョウ,栃木県,足利市,有楽町
3260804,トチギケン,アシカガシ,ユキワチョウ,栃木県,足利市,雪輪町
3260035,トチギケン,アシカガシ,ヨシチョウ,栃木県,足利市,芳町
3260843,トチギケン,アシカガシ,ヨベチョウ,栃木県,足利市,五十部町
3260024,トチギケン,アシカガシ,ワカクサチョウ,栃木県,足利市,若草町
3280000,トチギケン,トチギシ,イカニケイサイガナイバアイ,栃木県,栃木市,以下に掲載がない場合
3280035,トチギケン,トチギシ,アサヒチョウ,栃木県,栃木市,旭町
3280131,トチギケン,トチギシ,アズサマチ,栃木県,栃木市,梓町
3280061,トチギケン,トチギシ,アライマチ,栃木県,栃木市,新井町
3280062,トチギケン,トチギシ,イズミガワマチ,栃木県,栃木市,泉川町
3280014,トチギケン,トチギシ,イズミチョウ,栃木県,栃木市,泉町
3280206,トチギケン,トチギシ,イズルマチ,栃木県,栃木市,出流町
3280027,トチギケン,トチギシ,イマイズミマチ,栃木県,栃木市,今泉町
3280016,トチギケン,トチギシ,イリフネチョウ,栃木県,栃木市,入舟町
3280052,トチギケン,トチギシ,イワイチョウ,栃木県,栃木市,祝町
3280063,トチギケン,トチギシ,イワデマチ,栃木県,栃木市,岩出町
3294302,トチギケン,トチギシ,イワフネマチイカバタ,栃木県,栃木市,岩舟町五十畑
3294303,トチギケン,トチギシ,イワフネマチイズミ,栃木県,栃木市,岩舟町和泉
3294314,トチギケン,トチギシ,イワフネマチオノデラ,栃木県,栃木市,岩舟町小野寺
3294313,トチギケン,トチギシ,イワフネマチカミオカ,栃木県,栃木市,岩舟町上岡
3294307,トチギケン,トチギシ,イワフネマチシズカ,栃木県,栃木市,岩舟町静
3294305,トチギケン,トチギシ,イワフネマチシズコ,栃木県,栃木市,岩舟町静戸
3294304,トチギケン,トチギシ,イワフネマチシズワ,栃木県,栃木市,岩舟町静和
3294312,トチギケン,トチギシ,イワフネマチシモオカ,栃木県,栃木市,岩舟町下岡
3294308,トチギケン,トチギシ,イワフネマチシモツバラ,栃木県,栃木市,岩舟町下津原
3294309,トチギケン,トチギシ,イワフネマチタタミオカ,栃木県,栃木市,岩舟町畳岡
3294316,トチギケン,トチギシ,イワフネマチニッサト,栃木県,栃木市,岩舟町新里
3294311,トチギケン,トチギシ,イワフネマチフルエ,栃木県,栃木市,岩舟町古江
3294306,トチギケン,トチギシ,イワフネマチマガノシマ,栃木県,栃木市,岩舟町曲ケ島
3294315,トチギケン,トチギシ,イワフネマチミヤ,栃木県,栃木市,岩舟町三谷
3294301,トチギケン,トチギシ,イワフネマチワシノス,栃木県,栃木市,岩舟町鷲巣
3280204,トチギケン,トチギシ,ウメザワマチ,栃木県,栃木市,梅沢町
3280202,トチギケン,トチギシ,オオクボマチ,栃木県,栃木市,大久保町
3280007,トチギケン,トチギシ,オオツカマチ,栃木県,栃木市,大塚町
3294425,トチギケン,トチギシ,オオヒラマチアライ,栃木県,栃木市,大平町新
3294401,トチギケン,トチギシ,オオヒラマチウシク,栃木県,栃木市,大平町牛久
3294422,トチギケン,トチギシ,オオヒラマチエノモト,栃木県,栃木市,大平町榎本
3294413,トチギケン,トチギシ,オオヒラマチカミタカシマ,栃木県,栃木市,大平町上高島
3294407,トチギケン,トチギシ,オオヒラマチカワツレ,栃木県,栃木市,大平町川連
3294412,トチギケン,トチギシ,オオヒラマチキタタケイ,栃木県,栃木市,大平町北武井
3294403,トチギケン,トチギシ,オオヒラマチクライ,栃木県,栃木市,大平町蔵井
3294414,トチギケン,トチギシ,オオヒラマチシモタカシマ,栃木県,栃木市,大平町下高島
3294406,トチギケン,トチギシ,オオヒラマチシモミナガワ,栃木県,栃木市,大平町下皆川
3294404,トチギケン,トチギシ,オオヒラマチトミダ,栃木県,栃木市,大平町富田
3294402,トチギケン,トチギシ,オオヒラマチドヨ,栃木県,栃木市,大平町土与
3294421,トチギケン,トチギシ,オオヒラマチニシノダ,栃木県,栃木市,大平町西野田
3294423,トチギケン,トチギシ,オオヒラマチニシミズシロ,栃木県,栃木市,大平町西水代
3294405,トチギケン,トチギシ,オオヒラマチニシヤマダ,栃木県,栃木市,大平町西山田
3294424,トチギケン,トチギシ,オオヒラマチハクチュウ,栃木県,栃木市,大平町伯仲
3294415,トチギケン,トチギシ,オオヒラマチマユミ,栃木県,栃木市,大平町真弓
3294411,トチギケン,トチギシ,オオヒラマチヨコボリ,栃木県,栃木市,大平町横堀
3280068,トチギケン,トチギシ,オオミナガワマチ,栃木県,栃木市,大皆川町
3280011,トチギケン,トチギシ,オオミヤマチ,栃木県,栃木市,大宮町
3280133,トチギケン,トチギシ,オオモリマチ,栃木県,栃木市,大森町
3280065,トチギケン,トチギシ,オノグチマチ,栃木県,栃木市,小野口町
3280072,トチギケン,トチギシ,カウエモンチョウ,栃木県,栃木市,嘉右衛門町
3280066,トチギケン,トチギシ,カシワグラマチ,栃木県,栃木市,柏倉町
3280053,トチギケン,トチギシ,カタヤナギチョウ,栃木県,栃木市,片柳町
3280041,トチギケン,トチギシ,カワイチョウ,栃木県,栃木市,河合町
3280123,トチギケン,トチギシ,カワラダマチ,栃木県,栃木市,川原田町
3280032,トチギケン,トチギシ,カンダチョウ,栃木県,栃木市,神田町
3280122,トチギケン,トチギシ,キノジマチ,栃木県,栃木市,木野地町
3280021,トチギケン,トチギシ,クボタマチ,栃木県,栃木市,久保田町
3280006,トチギケン,トチギシ,コウマチ,栃木県,栃木市,国府町
3280023,トチギケン,トチギシ,コウヤマチ,栃木県,栃木市,高谷町
3280073,トチギケン,トチギシ,コヒラチョウ,栃木県,栃木市,小平町
3280043,トチギケン,トチギシ,サカイチョウ,栃木県,栃木市,境町
3280064,トチギケン,トチギシ,シトリマチ,栃木県,栃木市,志鳥町
3280033,トチギケン,トチギシ,ジョウナイチョウ,栃木県,栃木市,城内町
3280013,トチギケン,トチギシ,ショウワチョウ,栃木県,栃木市,昭和町
3280203,トチギケン,トチギシ,シリウチマチ,栃木県,栃木市,尻内町
3280002,トチギケン,トチギシ,ソウジャマチ,栃木県,栃木市,惣社町
3280074,トチギケン,トチギシ,ソノベチョウ,栃木県,栃木市,薗部町
3280003,トチギケン,トチギシ,ダイコウジマチ,栃木県,栃木市,大光寺町
3280071,トチギケン,トチギシ,ダイチョウ,栃木県,栃木市,大町
3280004,トチギケン,トチギシ,タムラマチ,栃木県,栃木市,田村町
3280135,トチギケン,トチギシ,チヅカマチ,栃木県,栃木市,千塚町
3280111,トチギケン,トチギシ,ツガマチイエナカ,栃木県,栃木市,都賀町家中
3280105,トチギケン,トチギシ,ツガマチウスクボ,栃木県,栃木市,都賀町臼久保
3280101,トチギケン,トチギシ,ツガマチオオガキ,栃木県,栃木市,都賀町大柿
3280106,トチギケン,トチギシ,ツガマチオオハシ,栃木県,栃木市,都賀町大橋
3280113,トチギケン,トチギシ,ツガマチカッセンバ,栃木県,栃木市,都賀町合戦場
3280104,トチギケン,トチギシ,ツガマチキ,栃木県,栃木市,都賀町木
3280102,トチギケン,トチギシ,ツガマチトミハリ,栃木県,栃木市,都賀町富張
3280103,トチギケン,トチギシ,ツガマチハラジュク,栃木県,栃木市,都賀町原宿
3280112,トチギケン,トチギシ,ツガマチヒラカワ,栃木県,栃木市,都賀町平川
3280107,トチギケン,トチギシ,ツガマチフカサワ,栃木県,栃木市,都賀町深沢
3280114,トチギケン,トチギシ,ツガマチマスヅカ,栃木県,栃木市,都賀町升塚
3280132,トチギケン,トチギシ,ナカガタマチ,栃木県,栃木市,仲方町
3280025,トチギケン,トチギシ,ナカシアゲマチ,栃木県,栃木市,仲仕上町
3280205,トチギケン,トチギシ,ナベヤママチ,栃木県,栃木市,鍋山町
3220602,トチギケン,トチギシ,ニシカタマチカナイ,栃木県,栃木市,西方町金井
3220601,トチギケン,トチギシ,ニシカタマチカナサキ,栃木県,栃木市,西方町金崎
3220603,トチギケン,トチギシ,ニシカタマチホンゴウ,栃木県,栃木市,西方町本郷
3220606,トチギケン,トチギシ,ニシカタマチホンジョウ,栃木県,栃木市,西方町本城
3220605,トチギケン,トチギシ,ニシカタマチマナゴ,栃木県,栃木市,西方町真名子
3220604,トチギケン,トチギシ,ニシカタマチモト,栃木県,栃木市,西方町元
3280017,トチギケン,トチギシ,ニシキチョウ,栃木県,栃木市,錦町
3280042,トチギケン,トチギシ,ヌマワダチョウ,栃木県,栃木市,沼和田町
3280124,トチギケン,トチギシ,ノナカマチ,栃木県,栃木市,野中町
3280075,トチギケン,トチギシ,ハコノモリマチ,栃木県,栃木市,箱森町
3280024,トチギケン,トチギシ,ヒノクチマチ,栃木県,栃木市,樋ノ口町
3280031,トチギケン,トチギシ,ヒノデチョウ,栃木県,栃木市,日ノ出町
3280054,トチギケン,トチギシ,ヒライチョウ,栃木県,栃木市,平井町
3280012,トチギケン,トチギシ,ヒラヤナギマチ,栃木県,栃木市,平柳町
3280125,トチギケン,トチギシ,フキアゲマチ,栃木県,栃木市,吹上町
3231102,トチギケン,トチギシ,フジオカマチアカマ,栃木県,栃木市,藤岡町赤麻
3290316,トチギケン,トチギシ,フジオカマチイシカワ,栃木県,栃木市,藤岡町石川
3231103,トチギケン,トチギシ,フジオカマチウチノ,栃木県,栃木市,藤岡町内野
3231108,トチギケン,トチギシ,フジオカマチオオタ,栃木県,栃木市,藤岡町太田
3231107,トチギケン,トチギシ,フジオカマチオオダワ,栃木県,栃木市,藤岡町大田和
3231101,トチギケン,トチギシ,フジオカマチオオマエ,栃木県,栃木市,藤岡町大前
3231105,トチギケン,トチギシ,フジオカマチコウ,栃木県,栃木市,藤岡町甲
3491221,トチギケン,トチギシ,フジオカマチシタミヤ,栃木県,栃木市,藤岡町下宮
3290317,トチギケン,トチギシ,フジオカマチタテワキ,栃木県,栃木市,藤岡町帯刀
3231106,トチギケン,トチギシ,フジオカマチツガ,栃木県,栃木市,藤岡町都賀
3290311,トチギケン,トチギシ,フジオカマチトミヨシ,栃木県,栃木市,藤岡町富吉
3290319,トチギケン,トチギシ,フジオカマチナカネ,栃木県,栃木市,藤岡町中根
3290318,トチギケン,トチギシ,フジオカマチニシマエハラ,栃木県,栃木市,藤岡町西前原
3290314,トチギケン,トチギシ,フジオカマチニッパ,栃木県,栃木市,藤岡町新波
3290312,トチギケン,トチギシ,フジオカマチヒルヌマ,栃木県,栃木市,藤岡町蛭沼
3231104,トチギケン,トチギシ,フジオカマチフジオカ,栃木県,栃木市,藤岡町藤岡
3290315,トチギケン,トチギシ,フジオカマチヘヤ,栃木県,栃木市,藤岡町部屋
3290313,トチギケン,トチギシ,フジオカマチミドリカワ,栃木県,栃木市,藤岡町緑川
3280026,トチギケン,トチギシ,フジタマチ,栃木県,栃木市,藤田町
3280044,トチギケン,トチギシ,フジミチョウ,栃木県,栃木市,富士見町
3280201,トチギケン,トチギシ,ホシノマチ,栃木県,栃木市,星野町
3280121,トチギケン,トチギシ,ホソボリマチ,栃木県,栃木市,細堀町
3280034,トチギケン,トチギシ,ホンチョウ,栃木県,栃木市,本町
3280067,トチギケン,トチギシ,ミナガワジョウナイマチ,栃木県,栃木市,皆川城内町
3280045,トチギケン,トチギシ,ミナトチョウ,栃木県,栃木市,湊町
3280022,トチギケン,トチギシ,ミヤタマチ,栃木県,栃木市,宮田町
3280134,トチギケン,トチギシ,ミヤマチ,栃木県,栃木市,宮町
3280036,トチギケン,トチギシ,ムロマチ,栃木県,栃木市,室町
3280051,トチギケン,トチギシ,ヤナギバシチョウ,栃木県,栃木市,柳橋町
3280001,トチギケン,トチギシ,ヤナギハラマチ,栃木県,栃木市,柳原町
3280037,トチギケン,トチギシ,ヤマトチョウ,栃木県,栃木市,倭町
3280005,トチギケン,トチギシ,ヨリイマチ,栃木県,栃木市,寄居町
3280015,トチギケン,トチギシ,ヨロズチョウ,栃木県,栃木市,万町
3270000,トチギケン,サノシ,イカニケイサイガナイバアイ,栃木県,佐野市,以下に掲載がない場合
3270023,トチギケン,サノシ,アイオイチョウ,栃木県,佐野市,相生町
3270511,トチギケン,サノシ,アイサワチョウ,栃木県,佐野市,会沢町
3270004,トチギケン,サノシ,アカサカチョウ,栃木県,佐野市,赤坂町
3270104,トチギケン,サノシ,アカミチョウ,栃木県,佐野市,赤見町
3270517,トチギケン,サノシ,アキヤマチョウ,栃木県,佐野市,秋山町
3270525,トチギケン,サノシ,アクトチョウ,栃木県,佐野市,あくと町
3270831,トチギケン,サノシ,アサヌマチョウ,栃木県,佐野市,浅沼町
3270011,トチギケン,サノシ,アサヒチョウ,栃木県,佐野市,朝日町
3270815,トチギケン,サノシ,アブツカチョウ,栃木県,佐野市,鐙塚町
3270825,トチギケン,サノシ,イイタチョウ,栃木県,佐野市,飯田町
3270021,トチギケン,サノシ,イガチョウ,栃木県,佐野市,伊賀町
3270103,トチギケン,サノシ,イシヅカチョウ,栃木県,佐野市,石塚町
3270102,トチギケン,サノシ,イズルハラチョウ,栃木県,佐野市,出流原町
3270817,トチギケン,サノシ,イセヤマチョウ,栃木県,佐野市,伊勢山町
3270806,トチギケン,サノシ,イヌブシカミチョウ,栃木県,佐野市,犬伏上町
3270805,トチギケン,サノシ,イヌブシナカチョウ,栃木県,佐野市,犬伏中町
3270804,トチギケン,サノシ,イヌブシシモチョウ,栃木県,佐野市,犬伏下町
3270803,トチギケン,サノシ,イヌブシシンマチ,栃木県,佐野市,犬伏新町
3270034,トチギケン,サノシ,イボウチチョウ,栃木県,佐野市,伊保内町
3270307,トチギケン,サノシ,イワザキチョウ,栃木県,佐野市,岩崎町
3270832,トチギケン,サノシ,ウエカミチョウ,栃木県,佐野市,植上町
3270835,トチギケン,サノシ,ウエシモチョウ,栃木県,佐野市,植下町
3270837,トチギケン,サノシ,ウエノチョウ,栃木県,佐野市,植野町
3270322,トチギケン,サノシ,ウメゾノチョウ,栃木県,佐野市,梅園町
3270012,トチギケン,サノシ,オオクラチョウ,栃木県,佐野市,大蔵町
3270807,トチギケン,サノシ,オオグリチョウ,栃木県,佐野市,大栗町
3270033,トチギケン,サノシ,オオゴヤチョウ,栃木県,佐野市,大古屋町
3270003,トチギケン,サノシ,オオハシチョウ,栃木県,佐野市,大橋町
3270316,トチギケン,サノシ,オミチョウ,栃木県,佐野市,小見町
3270515,トチギケン,サノシ,カキダイラチョウ,栃木県,佐野市,柿平町
3270523,トチギケン,サノシ,カタヤマチョウ,栃木県,佐野市,嘉多山町
3270015,トチギケン,サノシ,カナイカミチョウ,栃木県,佐野市,金井上町
3270007,トチギケン,サノシ,カナフキチョウ,栃木県,佐野市,金吹町
3270025,トチギケン,サノシ,カナヤシモチョウ,栃木県,佐野市,金屋下町
3270026,トチギケン,サノシ,カナヤナカチョウ,栃木県,佐野市,金屋仲町
3270032,トチギケン,サノシ,カネヅカチョウ,栃木県,佐野市,庚申塚町
3270006,トチギケン,サノシ,カミダイチョウ,栃木県,佐野市,上台町
3270042,トチギケン,サノシ,カミハネダチョウ,栃木県,佐野市,上羽田町
3270024,トチギケン,サノシ,カメイチョウ,栃木県,佐野市,亀井町
3270321,トチギケン,サノシ,カンマチョウ,栃木県,佐野市,閑馬町
3270827,トチギケン,サノシ,キタモロチョウ,栃木県,佐野市,北茂呂町
3270043,トチギケン,サノシ,キミタチョウ,栃木県,佐野市,君田町
3270507,トチギケン,サノシ,クズウニシ,栃木県,佐野市,葛生西
3270501,トチギケン,サノシ,クズウヒガシ,栃木県,佐野市,葛生東
3270845,トチギケン,サノシ,クボチョウ,栃木県,佐野市,久保町
3270813,トチギケン,サノシ,クロハカマチョウ,栃木県,佐野市,黒袴町
3270822,トチギケン,サノシ,コエナチョウ,栃木県,佐野市,越名町
3270001,トチギケン,サノシ,コナカチョウ,栃木県,佐野市,小中町
3270816,トチギケン,サノシ,サカエチョウ,栃木県,佐野市,栄町
3270301,トチギケン,サノシ,サクハラチョウ,栃木県,佐野市,作原町
3270005,トチギケン,サノシ,シチケンチョウ,栃木県,佐野市,七軒町
3270836,トチギケン,サノシ,ジチュウチョウ,栃木県,佐野市,寺中町
3270044,トチギケン,サノシ,シモハネダチョウ,栃木県,佐野市,下羽田町
3270325,トチギケン,サノシ,シモヒコマチョウ,栃木県,佐野市,下彦間町
3270302,トチギケン,サノシ,シライワチョウ,栃木県,佐野市,白岩町
3270314,トチギケン,サノシ,シンヨシミズチョウ,栃木県,佐野市,新吉水町
3270811,トチギケン,サノシ,セキガワチョウ,栃木県,佐野市,関川町
3280221,トチギケン,サノシ,センバチョウ（バンドウ、マツガサカ）,栃木県,佐野市,仙波町（坂東、松ケ坂）
3270514,トチギケン,サノシ,センバチョウ（ソノタ）,栃木県,佐野市,仙波町（その他）
3270016,トチギケン,サノシ,ダイシュクチョウ,栃木県,佐野市,大祝町
3270017,トチギケン,サノシ,ダイチョウ,栃木県,佐野市,大町
3270022,トチギケン,サノシ,タカサゴチョウ,栃木県,佐野市,高砂町
3270821,トチギケン,サノシ,タカハギチョウ,栃木県,佐野市,高萩町
3270045,トチギケン,サノシ,タカハシチョウ,栃木県,佐野市,高橋町
3270823,トチギケン,サノシ,タカヤマチョウ,栃木県,佐野市,高山町
3270031,トチギケン,サノシ,タジマチョウ,栃木県,佐野市,田島町
3270311,トチギケン,サノシ,タダチョウ,栃木県,佐野市,多田町
3270317,トチギケン,サノシ,タヌマチョウ,栃木県,佐野市,田沼町
3270841,トチギケン,サノシ,タノイリチョウ,栃木県,佐野市,田之入町
3270502,トチギケン,サノシ,ツイジチョウ,栃木県,佐野市,築地町
3270101,トチギケン,サノシ,テラクボチョウ,栃木県,佐野市,寺久保町
3270847,トチギケン,サノシ,テンジンチョウ,栃木県,佐野市,天神町
3270014,トチギケン,サノシ,テンミョウチョウ,栃木県,佐野市,天明町
3270312,トチギケン,サノシ,トチモトチョウ,栃木県,佐野市,栃本町
3270323,トチギケン,サノシ,トナラチョウ,栃木県,佐野市,戸奈良町
3270844,トチギケン,サノシ,トミオカチョウ,栃木県,佐野市,富岡町
3270306,トチギケン,サノシ,トムロチョウ,栃木県,佐野市,戸室町
3270512,トチギケン,サノシ,トヨシロチョウ,栃木県,佐野市,豊代町
3270524,トチギケン,サノシ,ナガサカチョウ,栃木県,佐野市,長坂町
3270504,トチギケン,サノシ,ナカチョウ,栃木県,佐野市,中町
3270002,トチギケン,サノシ,ナミキチョウ,栃木県,佐野市,並木町
3270842,トチギケン,サノシ,ナラブチチョウ,栃木県,佐野市,奈良渕町
3270814,トチギケン,サノシ,ニシウラチョウ,栃木県,佐野市,西浦町
3270802,トチギケン,サノシ,ニラガワチョウ,栃木県,佐野市,韮川町
3270303,トチギケン,サノシ,ハセバチョウ,栃木県,佐野市,長谷場町
3270508,トチギケン,サノシ,ハチノキチョウ,栃木県,佐野市,鉢木町
3270231,トチギケン,サノシ,ヒコマチョウ,栃木県,佐野市,飛駒町
3270801,トチギケン,サノシ,フジチョウ,栃木県,佐野市,富士町
3270503,トチギケン,サノシ,フジミチョウ,栃木県,佐野市,富士見町
3270305,トチギケン,サノシ,フナコシチョウ,栃木県,佐野市,船越町
3270035,トチギケン,サノシ,フナツガワチョウ,栃木県,佐野市,船津川町
3270843,トチギケン,サノシ,ホリゴメチョウ,栃木県,佐野市,堀米町
3270013,トチギケン,サノシ,ホンチョウ,栃木県,佐野市,本町
3270824,トチギケン,サノシ,マカドチョウ,栃木県,佐野市,馬門町
3270513,トチギケン,サノシ,マギチョウ,栃木県,佐野市,牧町
3270812,トチギケン,サノシ,マチヤチョウ,栃木県,佐野市,町谷町
3270304,トチギケン,サノシ,ミカグラチョウ,栃木県,佐野市,御神楽町
3270516,トチギケン,サノシ,ミズキチョウ,栃木県,佐野市,水木町
3270509,トチギケン,サノシ,ミヤシタチョウ,栃木県,佐野市,宮下町
3270046,トチギケン,サノシ,ムラカミチョウ,栃木県,佐野市,村上町
3270041,トチギケン,サノシ,メンドリチョウ,栃木県,佐野市,免鳥町
3270826,トチギケン,サノシ,モロヤマチョウ,栃木県,佐野市,茂呂山町
3270324,トチギケン,サノシ,ヤマガタチョウ,栃木県,佐野市,山形町
3270318,トチギケン,サノシ,ヤマコシチョウ,栃木県,佐野市,山越町
3270505,トチギケン,サノシ,ヤマスゲチョウ,栃木県,佐野市,山菅町
3270027,トチギケン,サノシ,ヤマトチョウ,栃木県,佐野市,大和町
3270315,トチギケン,サノシ,ヨシミズエキマエ,栃木県,佐野市,吉水駅前
3270313,トチギケン,サノシ,ヨシミズチョウ,栃木県,佐野市,吉水町
3270818,トチギケン,サノシ,ヨネヤマミナミチョウ,栃木県,佐野市,米山南町
3270028,トチギケン,サノシ,ヨロズチョウ,栃木県,佐野市,万町
3270846,トチギケン,サノシ,ワカマツチョウ,栃木県,佐野市,若松町
3270833,トチギケン,サノシ,ワカミヤカミチョウ,栃木県,佐野市,若宮上町
3270834,トチギケン,サノシ,ワカミヤシモチョウ,栃木県,佐野市,若宮下町
3220000,トチギケン,カヌマシ,イカニケイサイガナイバアイ,栃木県,鹿沼市,以下に掲載がない場合
3220058,トチギケン,カヌマシ,アサウチョウ,栃木県,鹿沼市,麻苧町
3220345,トチギケン,カヌマシ,アサヒガオカ,栃木県,鹿沼市,旭が丘
3220035,トチギケン,カヌマシ,アサヒチョウ,栃木県,鹿沼市,朝日町
3220022,トチギケン,カヌマシ,アズマチョウ,栃木県,鹿沼市,東町
3220342,トチギケン,カヌマシ,アブラデンマチ,栃木県,鹿沼市,油田町
3220018,トチギケン,カヌマシ,イケノモリ,栃木県,鹿沼市,池ノ森
3220055,トチギケン,カヌマシ,イシバシチョウ,栃木県,鹿沼市,石橋町
3220062,トチギケン,カヌマシ,イズミチョウ,栃木県,鹿沼市,泉町
3220536,トチギケン,カヌマシ,イソマチ,栃木県,鹿沼市,磯町
3211111,トチギケン,カヌマシ,イタガ,栃木県,鹿沼市,板荷
3220068,トチギケン,カヌマシ,イマミヤチョウ,栃木県,鹿沼市,今宮町
3220307,トチギケン,カヌマシ,イリアワノ,栃木県,鹿沼市,入粟野
3220021,トチギケン,カヌマシ,ウワノマチ,栃木県,鹿沼市,上野町
3220525,トチギケン,カヌマシ,オオワダマチ,栃木県,鹿沼市,大和田町
3220005,トチギケン,カヌマシ,オナリバシチョウ,栃木県,鹿沼市,御成橋町
3220027,トチギケン,カヌマシ,カイジママチ,栃木県,鹿沼市,貝島町
3220304,トチギケン,カヌマシ,カシワギ,栃木県,鹿沼市,柏木
3220252,トチギケン,カヌマシ,カゾノ,栃木県,鹿沼市,加園
3220015,トチギケン,カヌマシ,カミイシカワ,栃木県,鹿沼市,上石川
3220102,トチギケン,カヌマシ,カミオオクボ,栃木県,鹿沼市,上大久保
3220423,トチギケン,カヌマシ,カミカスオ,栃木県,鹿沼市,上粕尾
3220254,トチギケン,カヌマシ,カミクガ,栃木県,鹿沼市,上久我
3220065,トチギケン,カヌマシ,カミザイモクチョウ,栃木県,鹿沼市,上材木町
3220066,トチギケン,カヌマシ,カミタマチ,栃木県,鹿沼市,上田町
3220045,トチギケン,カヌマシ,カミドノマチ,栃木県,鹿沼市,上殿町
3280211,トチギケン,カヌマシ,カミナガノ,栃木県,鹿沼市,上永野
3220522,トチギケン,カヌマシ,カミナラブマチ,栃木県,鹿沼市,上奈良部町
3220346,トチギケン,カヌマシ,カミナンママチ,栃木県,鹿沼市,上南摩町
3220076,トチギケン,カヌマシ,カミヒナタ,栃木県,鹿沼市,上日向
3220534,トチギケン,カヌマシ,カメワダマチ,栃木県,鹿沼市,亀和田町
3220533,トチギケン,カヌマシ,キタアカヅカマチ,栃木県,鹿沼市,北赤塚町
3220301,トチギケン,カヌマシ,キタハンダ,栃木県,鹿沼市,北半田
3220052,トチギケン,カヌマシ,ギンザ,栃木県,鹿沼市,銀座
3220101,トチギケン,カヌマシ,クサギュウ,栃木県,鹿沼市,草久
3220305,トチギケン,カヌマシ,クチアワノ,栃木県,鹿沼市,口粟野
3220303,トチギケン,カヌマシ,クノ,栃木県,鹿沼市,久野
3220051,トチギケン,カヌマシ,クボチョウ,栃木県,鹿沼市,久保町
3220024,トチギケン,カヌマシ,コウボウダイ,栃木県,鹿沼市,晃望台
3220009,トチギケン,カヌマシ,コウヤ,栃木県,鹿沼市,高谷
3220008,トチギケン,カヌマシ,コガシマチ,栃木県,鹿沼市,古賀志町
3220023,トチギケン,カヌマシ,サイワイチョウ,栃木県,鹿沼市,幸町
3220028,トチギケン,カヌマシ,サカエチョウ,栃木県,鹿沼市,栄町
3220069,トチギケン,カヌマシ,サカタヤマ,栃木県,鹿沼市,坂田山
3220047,トチギケン,カヌマシ,サケノヤ,栃木県,鹿沼市,酒野谷
3220078,トチギケン,カヌマシ,ササハラダ,栃木県,鹿沼市,笹原田
3220014,トチギケン,カヌマシ,サツキチョウ,栃木県,鹿沼市,さつき町
3220343,トチギケン,カヌマシ,サメマチ,栃木県,鹿沼市,佐目町
3220041,トチギケン,カヌマシ,サンコウチョウ,栃木県,鹿沼市,三幸町
3220527,トチギケン,カヌマシ,シオヤママチ,栃木県,鹿沼市,塩山町
3220017,トチギケン,カヌマシ,シモイシカワ,栃木県,鹿沼市,下石川
3220103,トチギケン,カヌマシ,シモオオクボ,栃木県,鹿沼市,下大久保
3220421,トチギケン,カヌマシ,シモカスオ,栃木県,鹿沼市,下粕尾
3220253,トチギケン,カヌマシ,シモクガ,栃木県,鹿沼市,下久我
3220056,トチギケン,カヌマシ,シモザイモクチョウ,栃木県,鹿沼市,下材木町
3220256,トチギケン,カヌマシ,シモザワ,栃木県,鹿沼市,下沢
3220004,トチギケン,カヌマシ,シモタケシマチ,栃木県,鹿沼市,下武子町
3220036,トチギケン,カヌマシ,シモタマチ,栃木県,鹿沼市,下田町
3220079,トチギケン,カヌマシ,シモトオベ,栃木県,鹿沼市,下遠部
3280212,トチギケン,カヌマシ,シモナガノ,栃木県,鹿沼市,下永野
3220523,トチギケン,カヌマシ,シモナラブマチ,栃木県,鹿沼市,下奈良部町
3220341,トチギケン,カヌマシ,シモナンママチ,栃木県,鹿沼市,下南摩町
3220075,トチギケン,カヌマシ,シモヒナタ,栃木県,鹿沼市,下日向
3220054,トチギケン,カヌマシ,シモヨコマチ,栃木県,鹿沼市,下横町
3220011,トチギケン,カヌマシ,シラクワダ,栃木県,鹿沼市,白桑田
3220038,トチギケン,カヌマシ,スエヒロチョウ,栃木県,鹿沼市,末広町
3220061,トチギケン,カヌマシ,センジュマチ,栃木県,鹿沼市,千手町
3220002,トチギケン,カヌマシ,センド,栃木県,鹿沼市,千渡
3220007,トチギケン,カヌマシ,タケシ,栃木県,鹿沼市,武子
3220072,トチギケン,カヌマシ,タマダマチ,栃木県,鹿沼市,玉田町
3220057,トチギケン,カヌマシ,テラマチ,栃木県,鹿沼市,寺町
3220067,トチギケン,カヌマシ,テンジンチョウ,栃木県,鹿沼市,天神町
3220001,トチギケン,カヌマシ,トチクボ,栃木県,鹿沼市,栃窪
3220063,トチギケン,カヌマシ,トハリチョウ,栃木県,鹿沼市,戸張町
3220006,トチギケン,カヌマシ,トミオカ,栃木県,鹿沼市,富岡
3220044,トチギケン,カヌマシ,トリイドチョウ,栃木県,鹿沼市,鳥居跡町
3220306,トチギケン,カヌマシ,ナカアワノ,栃木県,鹿沼市,中粟野
3220422,トチギケン,カヌマシ,ナカカスオ,栃木県,鹿沼市,中粕尾
3220037,トチギケン,カヌマシ,ナカタマチ,栃木県,鹿沼市,中田町
3220053,トチギケン,カヌマシ,ナカマチ,栃木県,鹿沼市,仲町
3220528,トチギケン,カヌマシ,ナサハラマチ,栃木県,鹿沼市,奈佐原町
3220003,トチギケン,カヌマシ,ニガミドウマチ,栃木県,鹿沼市,仁神堂町
3220073,トチギケン,カヌマシ,ニシカヌママチ,栃木県,鹿沼市,西鹿沼町
3220344,トチギケン,カヌマシ,ニシザワマチ,栃木県,鹿沼市,西沢町
3220029,トチギケン,カヌマシ,ニシモロ,栃木県,鹿沼市,西茂呂
3220521,トチギケン,カヌマシ,ニッコウナラブマチ,栃木県,鹿沼市,日光奈良部町
3220526,トチギケン,カヌマシ,ニレギマチ,栃木県,鹿沼市,楡木町
3220535,トチギケン,カヌマシ,ノザワマチ,栃木県,鹿沼市,野沢町
3220251,トチギケン,カヌマシ,ノジリ,栃木県,鹿沼市,野尻
3220049,トチギケン,カヌマシ,ハナオカマチ,栃木県,鹿沼市,花岡町
3220039,トチギケン,カヌマシ,ヒガシスエヒロチョウ,栃木県,鹿沼市,東末広町
3220255,トチギケン,カヌマシ,ヒキダ,栃木県,鹿沼市,引田
3220074,トチギケン,カヌマシ,ヒヨシチョウ,栃木県,鹿沼市,日吉町
3220077,トチギケン,カヌマシ,フカイワ,栃木県,鹿沼市,深岩
3220013,トチギケン,カヌマシ,フカヅ,栃木県,鹿沼市,深津
3220302,トチギケン,カヌマシ,フカホド,栃木県,鹿沼市,深程
3220532,トチギケン,カヌマシ,フジエマチ,栃木県,鹿沼市,藤江町
3220034,トチギケン,カヌマシ,フチュウマチ,栃木県,鹿沼市,府中町
3220033,トチギケン,カヌマシ,フドコロチョウ,栃木県,鹿沼市,府所町
3220032,トチギケン,カヌマシ,フドコロホンチョウ,栃木県,鹿沼市,府所本町
3220064,トチギケン,カヌマシ,ブンカバシチョウ,栃木県,鹿沼市,文化橋町
3220042,トチギケン,カヌマシ,ホウライチョウ,栃木県,鹿沼市,蓬莱町
3220012,トチギケン,カヌマシ,マツバラ,栃木県,鹿沼市,松原
3220025,トチギケン,カヌマシ,ミドリチョウ,栃木県,鹿沼市,緑町
3220531,トチギケン,カヌマシ,ミナミウエノマチ,栃木県,鹿沼市,南上野町
3220524,トチギケン,カヌマシ,ミナミチョウ,栃木県,鹿沼市,みなみ町
3220071,トチギケン,カヌマシ,ミノ,栃木県,鹿沼市,見野
3220031,トチギケン,カヌマシ,ムツミチョウ,栃木県,鹿沼市,睦町
3220048,トチギケン,カヌマシ,ムライマチ,栃木県,鹿沼市,村井町
3220046,トチギケン,カヌマシ,モミヤママチ,栃木県,鹿沼市,樅山町
3220026,トチギケン,カヌマシ,モロ,栃木県,鹿沼市,茂呂
3220043,トチギケン,カヌマシ,ヨロズチョウ,栃木県,鹿沼市,万町
3220016,トチギケン,カヌマシ,リュウツウセンター,栃木県,鹿沼市,流通センター
3211200,トチギケン,ニッコウシ,イカニケイサイガナイバアイ,栃木県,日光市,以下に掲載がない場合
3211413,トチギケン,ニッコウシ,アイオイチョウ,栃木県,日光市,相生町
3212604,トチギケン,ニッコウシ,アカシタ,栃木県,日光市,赤下
3211511,トチギケン,ニッコウシ,アシオマチ,栃木県,日光市,足尾町
3211502,トチギケン,ニッコウシ,アシオマチアカクラ,栃木県,日光市,足尾町赤倉
3211524,トチギケン,ニッコウシ,アシオマチアカサワ,栃木県,日光市,足尾町赤沢
3211501,トチギケン,ニッコウシ,アシオマチアタゴシタ,栃木県,日光市,足尾町愛宕下
3211505,トチギケン,ニッコウシ,アシオマチウエノタイラ,栃木県,日光市,足尾町上の平
3211512,トチギケン,ニッコウシ,アシオマチカケミズ,栃木県,日光市,足尾町掛水
3211504,トチギケン,ニッコウシ,アシオマチカミマトウ,栃木県,日光市,足尾町上間藤
3211506,トチギケン,ニッコウシ,アシオマチシモマトウ,栃木県,日光市,足尾町下間藤
3211515,トチギケン,ニッコウシ,アシオマチスナハタ,栃木県,日光市,足尾町砂畑
3211514,トチギケン,ニッコウシ,アシオマチツウドウ,栃木県,日光市,足尾町通洞
3211521,トチギケン,ニッコウシ,アシオマチトオジモ,栃木県,日光市,足尾町遠下
3211522,トチギケン,ニッコウシ,アシオマチナカサイ,栃木県,日光市,足尾町中才
3211507,トチギケン,ニッコウシ,アシオマチナンキョウ,栃木県,日光市,足尾町南橋
3211503,トチギケン,ニッコウシ,アシオマチフカサワ,栃木県,日光市,足尾町深沢
3211508,トチギケン,ニッコウシ,アシオマチホンザン,栃木県,日光市,足尾町本山
3211523,トチギケン,ニッコウシ,アシオマチマツバラ,栃木県,日光市,足尾町松原
3211513,トチギケン,ニッコウシ,アシオマチムカイハラ,栃木県,日光市,足尾町向原
3212615,トチギケン,ニッコウシ,イカリ（ヒガシヤマ）,栃木県,日光市,五十里（東山）
3212806,トチギケン,ニッコウシ,イカリ（ソノタ）,栃木県,日光市,五十里（その他）
3211405,トチギケン,ニッコウシ,イシヤマチ,栃木県,日光市,石屋町
3211425,トチギケン,ニッコウシ,イズミ,栃木県,日光市,和泉
3211102,トチギケン,ニッコウシ,イタバシ,栃木県,日光市,板橋
3211411,トチギケン,ニッコウシ,イナリマチ,栃木県,日光市,稲荷町
3212344,トチギケン,ニッコウシ,イノクラ,栃木県,日光市,猪倉
3211261,トチギケン,ニッコウシ,イマイチ,栃木県,日光市,今市
3211272,トチギケン,ニッコウシ,イマイチホンチョウ,栃木県,日光市,今市本町
3211104,トチギケン,ニッコウシ,イワザキ,栃木県,日光市,岩崎
3212333,トチギケン,ニッコウシ,ウスイザワ,栃木県,日光市,薄井沢
3212411,トチギケン,ニッコウシ,オオクワマチ,栃木県,日光市,大桑町
3212341,トチギケン,ニッコウシ,オオサワマチ,栃木県,日光市,大沢町
3212332,トチギケン,ニッコウシ,オオムロ,栃木県,日光市,大室
3212402,トチギケン,ニッコウシ,オオワタリ,栃木県,日光市,大渡
3212336,トチギケン,ニッコウシ,オトロザワ,栃木県,日光市,荊沢
3212354,トチギケン,ニッコウシ,カタクラ,栃木県,日光市,嘉多蔵
3212715,トチギケン,ニッコウシ,カミクリヤマ,栃木県,日光市,上栗山
3211401,トチギケン,ニッコウシ,カミハツイシマチ,栃木県,日光市,上鉢石町
3212802,トチギケン,ニッコウシ,カミミヨリ,栃木県,日光市,上三依
3212524,トチギケン,ニッコウシ,カラクラ,栃木県,日光市,柄倉
3212611,トチギケン,ニッコウシ,カワジオンセンカワジ,栃木県,日光市,川治温泉川治
3212612,トチギケン,ニッコウシ,カワジオンセンタカハラ,栃木県,日光市,川治温泉高原
3212614,トチギケン,ニッコウシ,カワジオンセンタキ,栃木県,日光市,川治温泉滝
3212717,トチギケン,ニッコウシ,カワマタ,栃木県,日光市,川俣
3212401,トチギケン,ニッコウシ,カワムロ,栃木県,日光市,川室
3211273,トチギケン,ニッコウシ,キチサワ,栃木県,日光市,吉沢
3212522,トチギケン,ニッコウシ,キヌガワオンセンオオハラ,栃木県,日光市,鬼怒川温泉大原
3212526,トチギケン,ニッコウシ,キヌガワオンセンタキ,栃木県,日光市,鬼怒川温泉滝
3211444,トチギケン,ニッコウシ,キヨタキ,栃木県,日光市,清滝
3211441,トチギケン,ニッコウシ,キヨタキアラサワマチ,栃木県,日光市,清滝安良沢町
3211443,トチギケン,ニッコウシ,キヨタキサクラガオカマチ,栃木県,日光市,清滝桜ケ丘町
3211448,トチギケン,ニッコウシ,キヨタキシンホソオマチ,栃木県,日光市,清滝新細尾町
3211442,トチギケン,ニッコウシ,キヨタキタンゼマチ,栃木県,日光市,清滝丹勢町
3211446,トチギケン,ニッコウシ,キヨタキナカヤスドマチ,栃木県,日光市,清滝中安戸町
3211447,トチギケン,ニッコウシ,キヨタキワノシロマチ,栃木県,日光市,清滝和の代町
3212345,トチギケン,ニッコウシ,キワダシマ,栃木県,日光市,木和田島
3211436,トチギケン,ニッコウシ,クジラマチ,栃木県,日光市,久次良町
3212353,トチギケン,ニッコウシ,クツカケ,栃木県,日光市,沓掛
3212412,トチギケン,ニッコウシ,クラガサキ,栃木県,日光市,倉ケ崎
3212413,トチギケン,ニッコウシ,クラガサキシンデン,栃木県,日光市,倉ケ崎新田
3212421,トチギケン,ニッコウシ,クリバラ,栃木県,日光市,栗原
3212713,トチギケン,ニッコウシ,クロベ,栃木県,日光市,黒部
3211106,トチギケン,ニッコウシ,コグラ,栃木県,日光市,小倉
3211404,トチギケン,ニッコウシ,ゴコウマチ,栃木県,日光市,御幸町
3212525,トチギケン,ニッコウシ,コサゴエ,栃木県,日光市,小佐越
3211107,トチギケン,ニッコウシ,コシロ,栃木県,日光市,小代
3212352,トチギケン,ニッコウシ,コバヤシ,栃木県,日光市,小林
3212426,トチギケン,ニッコウシ,コビャク（ツツオキ）,栃木県,日光市,小百（筒置）
3212424,トチギケン,ニッコウシ,コビャク（トヤシタ）,栃木県,日光市,小百（鳥屋下）
3212425,トチギケン,ニッコウシ,コビャク（ナラハラ）,栃木県,日光市,小百（楢原）
3211265,トチギケン,ニッコウシ,コビャク（ソノタ）,栃木県,日光市,小百（その他）
3212427,トチギケン,ニッコウシ,サゲブ,栃木県,日光市,佐下部
3212355,トチギケン,ニッコウシ,サワマタ,栃木県,日光市,沢又
3211431,トチギケン,ニッコウシ,サンナイ,栃木県,日光市,山内
3212351,トチギケン,ニッコウシ,シオノムロマチ,栃木県,日光市,塩野室町
3211423,トチギケン,ニッコウシ,シチリ,栃木県,日光市,七里
3211276,トチギケン,ニッコウシ,シモノウチ,栃木県,日光市,下の内
3211403,トチギケン,ニッコウシ,シモハツイシマチ,栃木県,日光市,下鉢石町
3211263,トチギケン,ニッコウシ,セガワ,栃木県,日光市,瀬川
3211264,トチギケン,ニッコウシ,セノオ,栃木県,日光市,瀬尾
3212804,トチギケン,ニッコウシ,セリサワ,栃木県,日光市,芹沢
3212405,トチギケン,ニッコウシ,セリヌマ,栃木県,日光市,芹沼
3211277,トチギケン,ニッコウシ,センボンギ,栃木県,日光市,千本木
3212422,トチギケン,ニッコウシ,タカシバ,栃木県,日光市,高柴
3212523,トチギケン,ニッコウシ,タカトク,栃木県,日光市,高徳
3212616,トチギケン,ニッコウシ,タカハラ,栃木県,日光市,高原
3211356,トチギケン,ニッコウシ,タキガハラ,栃木県,日光市,滝ケ原
3211433,トチギケン,ニッコウシ,タクミチョウ,栃木県,日光市,匠町
3211449,トチギケン,ニッコウシ,タンゼ,栃木県,日光市,丹勢
3211266,トチギケン,ニッコウシ,チュウオウチョウ,栃木県,日光市,中央町
3211661,トチギケン,ニッコウシ,チュウグウシ,栃木県,日光市,中宮祠
3211103,トチギケン,ニッコウシ,チョウカ,栃木県,日光市,手岡
3211412,トチギケン,ニッコウシ,トウワチョウ,栃木県,日光市,東和町
3211421,トチギケン,ニッコウシ,トコロノ,栃木県,日光市,所野
3211274,トチギケン,ニッコウシ,ドサワ,栃木県,日光市,土沢
3212805,トチギケン,ニッコウシ,トッコザワ,栃木県,日光市,独鈷沢
3212404,トチギケン,ニッコウシ,トドロク,栃木県,日光市,轟
3212414,トチギケン,ニッコウシ,トヨダ,栃木県,日光市,豊田
3212714,トチギケン,ニッコウシ,ドロブ,栃木県,日光市,土呂部
3211354,トチギケン,ニッコウシ,ナカオコロガワ,栃木県,日光市,中小来川
3211108,トチギケン,ニッコウシ,ナガハタ,栃木県,日光市,長畑
3211402,トチギケン,ニッコウシ,ナカハツイシマチ,栃木県,日光市,中鉢石町
3212803,トチギケン,ニッコウシ,ナカミヨリ,栃木県,日光市,中三依
3211271,トチギケン,ニッコウシ,ナミキチョウ,栃木県,日光市,並木町
3211355,トチギケン,ニッコウシ,ニシオコロガワ,栃木県,日光市,西小来川
3212603,トチギケン,ニッコウシ,ニシカワ,栃木県,日光市,西川
3211415,トチギケン,ニッコウシ,ニッコウ,栃木県,日光市,日光
3212342,トチギケン,ニッコウシ,ネムロ,栃木県,日光市,根室
3212716,トチギケン,ニッコウシ,ノカド,栃木県,日光市,野門
3211424,トチギケン,ニッコウシ,ノグチ,栃木県,日光市,野口
3211435,トチギケン,ニッコウシ,ハナイシチョウ,栃木県,日光市,花石町
3212423,トチギケン,ニッコウシ,ハラジュク,栃木県,日光市,原宿
3212331,トチギケン,ニッコウシ,ハリガイ,栃木県,日光市,針貝
3211414,トチギケン,ニッコウシ,ハンガキメン,栃木県,日光市,萩垣面
3212712,トチギケン,ニッコウシ,ヒカゲ,栃木県,日光市,日蔭
3211351,トチギケン,ニッコウシ,ヒガシオコロガワ,栃木県,日光市,東小来川
3212602,トチギケン,ニッコウシ,ヒトツイシ,栃木県,日光市,一ツ石
3212711,トチギケン,ニッコウシ,ヒナタ,栃木県,日光市,日向
3211262,トチギケン,ニッコウシ,ヒラガサキ,栃木県,日光市,平ケ崎
3212613,トチギケン,ニッコウシ,フジハラ（１０４７−１２６８オヨビシモタイラ）,栃木県,日光市,藤原（１０４７〜１２６８及び下平）
3212521,トチギケン,ニッコウシ,フジハラ（ソノタ）,栃木県,日光市,藤原（その他）
3211105,トチギケン,ニッコウシ,フバサミマチ,栃木県,日光市,文挾町
3211422,トチギケン,ニッコウシ,ホウデン,栃木県,日光市,宝殿
3211445,トチギケン,ニッコウシ,ホソオマチ,栃木県,日光市,細尾町
3211434,トチギケン,ニッコウシ,ホンチョウ,栃木県,日光市,本町
3212403,トチギケン,ニッコウシ,マチヤ,栃木県,日光市,町谷
3211406,トチギケン,ニッコウシ,マツバラチョウ,栃木県,日光市,松原町
3212334,トチギケン,ニッコウシ,ミズナシ,栃木県,日光市,水無
3211353,トチギケン,ニッコウシ,ミナミオコロガワ,栃木県,日光市,南小来川
3211352,トチギケン,ニッコウシ,ミヤオコロガワ,栃木県,日光市,宮小来川
3211101,トチギケン,ニッコウシ,ミョウジン,栃木県,日光市,明神
3211275,トチギケン,ニッコウシ,ムロゼ,栃木県,日光市,室瀬
3212335,トチギケン,ニッコウシ,モリトモ,栃木県,日光市,森友
3211432,トチギケン,ニッコウシ,ヤスカワチョウ,栃木県,日光市,安川町
3212356,トチギケン,ニッコウシ,ヤノクチ,栃木県,日光市,矢野口
3212343,トチギケン,ニッコウシ,ヤマグチ,栃木県,日光市,山口
3211426,トチギケン,ニッコウシ,ヤマクボ,栃木県,日光市,山久保
3212601,トチギケン,ニッコウシ,ユニシカワ,栃木県,日光市,湯西川
3211662,トチギケン,ニッコウシ,ユモト,栃木県,日光市,湯元
3212801,トチギケン,ニッコウシ,ヨコカワ,栃木県,日光市,横川
3211407,トチギケン,ニッコウシ,ワカスギチョウ,栃木県,日光市,若杉町
3212718,トチギケン,ニッコウシ,ワカマ,栃木県,日光市,若間
3230000,トチギケン,オヤマシ,イカニケイサイガナイバアイ,栃木県,小山市,以下に掲載がない場合
3290211,トチギケン,オヤマシ,アカツキ,栃木県,小山市,暁
3290215,トチギケン,オヤマシ,アジト,栃木県,小山市,網戸
3230826,トチギケン,オヤマシ,アマガヤ,栃木県,小山市,雨ケ谷
3230824,トチギケン,オヤマシ,アマガヤシンデン,栃木県,小山市,雨ケ谷新田
3230831,トチギケン,オヤマシ,アマガヤチョウ,栃木県,小山市,雨ケ谷町
3230013,トチギケン,オヤマシ,アライ,栃木県,小山市,荒井
3230006,トチギケン,オヤマシ,アラカワ,栃木県,小山市,荒川
3290201,トチギケン,オヤマシ,アワノミヤ,栃木県,小山市,粟宮
3230017,トチギケン,オヤマシ,イイヅカ,栃木県,小山市,飯塚
3230054,トチギケン,オヤマシ,イオカ,栃木県,小山市,井岡
3230051,トチギケン,オヤマシ,イコマ,栃木県,小山市,生駒
3230045,トチギケン,オヤマシ,イシノウエ,栃木県,小山市,石ノ上
3230808,トチギケン,オヤマシ,イデイ,栃木県,小山市,出井
3230021,トチギケン,オヤマシ,イナバゴウ,栃木県,小山市,稲葉郷
3230811,トチギケン,オヤマシ,イヌヅカ,栃木県,小山市,犬塚
3230067,トチギケン,オヤマシ,イマザト,栃木県,小山市,今里
3290207,トチギケン,オヤマシ,ウツクシガオカ,栃木県,小山市,美しが丘
3230022,トチギケン,オヤマシ,エキヒガシドオリ,栃木県,小山市,駅東通り
3230822,トチギケン,オヤマシ,エキミナミチョウ,栃木県,小山市,駅南町
3230058,トチギケン,オヤマシ,オオカワシマ,栃木県,小山市,大川島
3230009,トチギケン,オヤマシ,オオモト,栃木県,小山市,大本
3290228,トチギケン,オヤマシ,オシキリ,栃木県,小山市,押切
3290214,トチギケン,オヤマシ,オトメ,栃木県,小山市,乙女
3230001,トチギケン,オヤマシ,オヤケ,栃木県,小山市,小宅
3230825,トチギケン,オヤマシ,オヤマ,栃木県,小山市,小山
3290229,トチギケン,オヤマシ,カガミ,栃木県,小山市,鏡
3230063,トチギケン,オヤマシ,カミイシヅカ,栃木県,小山市,上石塚
3230056,トチギケン,オヤマシ,カミイズミ,栃木県,小山市,上泉
3230066,トチギケン,オヤマシ,カミコウヅカ,栃木県,小山市,上国府塚
3290222,トチギケン,オヤマシ,カミナマイ,栃木県,小山市,上生井
3230069,トチギケン,オヤマシ,カミハツダ,栃木県,小山市,上初田
3230828,トチギケン,オヤマシ,カミヤマ,栃木県,小山市,神山
3230804,トチギケン,オヤマシ,カヤバシ,栃木県,小山市,萱橋
3230014,トチギケン,オヤマシ,キザワ,栃木県,小山市,喜沢
3230803,トチギケン,オヤマシ,キタイイダ,栃木県,小山市,北飯田
3290221,トチギケン,オヤマシ,キラ,栃木県,小山市,生良
3230002,トチギケン,オヤマシ,クロモト,栃木県,小山市,黒本
3230008,トチギケン,オヤマシ,コグスリ,栃木県,小山市,小薬
3230053,トチギケン,オヤマシ,コブクロ,栃木県,小山市,小袋
3290226,トチギケン,オヤマシ,サムカワ,栃木県,小山市,寒川
3230015,トチギケン,オヤマシ,サンバイカワギシ,栃木県,小山市,三拝川岸
3230043,トチギケン,オヤマシ,シオザワ,栃木県,小山市,塩沢
3230005,トチギケン,オヤマシ,シブイ,栃木県,小山市,渋井
3230004,トチギケン,オヤマシ,シマダ,栃木県,小山市,島田
3230064,トチギケン,オヤマシ,シモイシヅカ,栃木県,小山市,下石塚
3230055,トチギケン,オヤマシ,シモイズミ,栃木県,小山市,下泉
3230052,トチギケン,オヤマシ,シモカワラダ,栃木県,小山市,下河原田
3230065,トチギケン,オヤマシ,シモコウヅカ,栃木県,小山市,下国府塚
3290223,トチギケン,オヤマシ,シモナマイ,栃木県,小山市,下生井
3230068,トチギケン,オヤマシ,シモハツダ,栃木県,小山市,下初田
3230060,トチギケン,オヤマシ,ジョウサイ,栃木県,小山市,城西
3230807,トチギケン,オヤマシ,ジョウトウ,栃木県,小山市,城東
3230029,トチギケン,オヤマシ,ジョウホク,栃木県,小山市,城北
3290224,トチギケン,オヤマシ,シラトリ,栃木県,小山市,白鳥
3230025,トチギケン,オヤマシ,シロヤマチョウ,栃木県,小山市,城山町
3230033,トチギケン,オヤマシ,シンメイチョウ,栃木県,小山市,神明町
3290202,トチギケン,オヤマシ,センダヅカ,栃木県,小山市,千駄塚
3230061,トチギケン,オヤマシ,ソシマ,栃木県,小山市,卒島
3230041,トチギケン,オヤマシ,ダイギョウジ,栃木県,小山市,大行寺
3230154,トチギケン,オヤマシ,タカハシ,栃木県,小山市,高椅
3230151,トチギケン,オヤマシ,タガワ,栃木県,小山市,田川
3230815,トチギケン,オヤマシ,タケイ,栃木県,小山市,武井
3230062,トチギケン,オヤマシ,タツギ,栃木県,小山市,立木
3230814,トチギケン,オヤマシ,タマ,栃木県,小山市,田間
3230023,トチギケン,オヤマシ,チュウオウチョウ,栃木県,小山市,中央町
3230818,トチギケン,オヤマシ,ツカザキ,栃木県,小山市,塚崎
3230032,トチギケン,オヤマシ,テンジンチョウ,栃木県,小山市,天神町
3230042,トチギケン,オヤマシ,トジョウ,栃木県,小山市,外城
3230812,トチギケン,オヤマシ,ドトウ,栃木県,小山市,土塔
3230157,トチギケン,オヤマシ,ナカガワラ,栃木県,小山市,中河原
3230806,トチギケン,オヤマシ,ナカクキ,栃木県,小山市,中久喜
3290227,トチギケン,オヤマシ,ナカザト,栃木県,小山市,中里
3230156,トチギケン,オヤマシ,ナカジマ,栃木県,小山市,中島
3290216,トチギケン,オヤマシ,ナラノキ,栃木県,小山市,楢木
3290203,トチギケン,オヤマシ,ニシクロダ,栃木県,小山市,西黒田
3230820,トチギケン,オヤマシ,ニシジョウナン,栃木県,小山市,西城南
3230152,トチギケン,オヤマシ,ノブシマ,栃木県,小山市,延島
3230153,トチギケン,オヤマシ,ノブシマシンデン,栃木県,小山市,延島新田
3230046,トチギケン,オヤマシ,ハギシマ,栃木県,小山市,萩島
3290225,トチギケン,オヤマシ,ハサマダ,栃木県,小山市,迫間田
3230801,トチギケン,オヤマシ,ハチガタ,栃木県,小山市,鉢形
3230027,トチギケン,オヤマシ,ハナガキチョウ,栃木県,小山市,花垣町
3230012,トチギケン,オヤマシ,ハネカワ,栃木県,小山市,羽川
3290204,トチギケン,オヤマシ,ヒガシクロダ,栃木県,小山市,東黒田
3230003,トチギケン,オヤマシ,ヒガシシマダ,栃木県,小山市,東島田
3230829,トチギケン,オヤマシ,ヒガシジョウナン,栃木県,小山市,東城南
3230817,トチギケン,オヤマシ,ヒガシノダ,栃木県,小山市,東野田
3290206,トチギケン,オヤマシ,ヒガシママダ,栃木県,小山市,東間々田
3230802,トチギケン,オヤマシ,ヒガシヤマダ,栃木県,小山市,東山田
3230034,トチギケン,オヤマシ,ヒトトノヤ（チョウメ）,栃木県,小山市,神鳥谷（丁目）
3230827,トチギケン,オヤマシ,ヒトトノヤ（バンチ）,栃木県,小山市,神鳥谷（番地）
3290212,トチギケン,オヤマシ,ヒラワ,栃木県,小山市,平和
3230155,トチギケン,オヤマシ,フクラ,栃木県,小山市,福良
3230016,トチギケン,オヤマシ,フソウ,栃木県,小山市,扶桑
3230026,トチギケン,オヤマシ,ホンゴウチョウ,栃木県,小山市,本郷町
3230007,トチギケン,オヤマシ,マツヌマ,栃木県,小山市,松沼
3230044,トチギケン,オヤマシ,マナカ,栃木県,小山市,間中
3290205,トチギケン,オヤマシ,ママダ,栃木県,小山市,間々田
3230821,トチギケン,オヤマシ,ミツミネ,栃木県,小山市,三峯
3290213,トチギケン,オヤマシ,ミナミイイダ,栃木県,小山市,南飯田
3230816,トチギケン,オヤマシ,ミナミイズミ,栃木県,小山市,南和泉
3290217,トチギケン,オヤマシ,ミナミオトメ,栃木県,小山市,南乙女
3230057,トチギケン,オヤマシ,ミナミオバヤシ,栃木県,小山市,南小林
3230011,トチギケン,オヤマシ,ミナミハンダ,栃木県,小山市,南半田
3230024,トチギケン,オヤマシ,ミヤモトチョウ,栃木県,小山市,宮本町
3230805,トチギケン,オヤマシ,ムカイノ,栃木県,小山市,向野
3230823,トチギケン,オヤマシ,ムカイハラシンデン,栃木県,小山市,向原新田
3230158,トチギケン,オヤマシ,ヤナ,栃木県,小山市,梁
3230031,トチギケン,オヤマシ,ヤハタチョウ,栃木県,小山市,八幡町
3230813,トチギケン,オヤマシ,ヨコクラ,栃木県,小山市,横倉
3230819,トチギケン,オヤマシ,ヨコクラシンデン,栃木県,小山市,横倉新田
3230028,トチギケン,オヤマシ,ワカギチョウ,栃木県,小山市,若木町
3214300,トチギケン,モオカシ,イカニケイサイガナイバアイ,栃木県,真岡市,以下に掲載がない場合
3214531,トチギケン,モオカシ,アオタ,栃木県,真岡市,青田
3214312,トチギケン,モオカシ,アオヤ,栃木県,真岡市,青谷
3214401,トチギケン,モオカシ,アカバネ,栃木県,真岡市,赤羽
3214512,トチギケン,モオカシ,アベオカ,栃木県,真岡市,阿部岡
3214517,トチギケン,モオカシ,アベシナ,栃木県,真岡市,阿部品
3214305,トチギケン,モオカシ,アラマチ,栃木県,真岡市,荒町
3214405,トチギケン,モオカシ,イイガイ,栃木県,真岡市,飯貝
3214546,トチギケン,モオカシ,イサガハラ,栃木県,真岡市,砂ケ原
3214507,トチギケン,モオカシ,イシジマ,栃木県,真岡市,石島
3214342,トチギケン,モオカシ,イセサキ,栃木県,真岡市,伊勢崎
3214356,トチギケン,モオカシ,オオヌマ,栃木県,真岡市,大沼
3214506,トチギケン,モオカシ,オオネダ,栃木県,真岡市,大根田
3214332,トチギケン,モオカシ,オオヤシンマチ,栃木県,真岡市,大谷新町
3214338,トチギケン,モオカシ,オオヤダイマチ,栃木県,真岡市,大谷台町
3214333,トチギケン,モオカシ,オオヤホンマチ,栃木県,真岡市,大谷本町
3214508,トチギケン,モオカシ,オオワダ,栃木県,真岡市,大和田
3214505,トチギケン,モオカシ,オキ,栃木県,真岡市,沖
3214347,トチギケン,モオカシ,カクラ,栃木県,真岡市,加倉
3214353,トチギケン,モオカシ,カスダ,栃木県,真岡市,粕田
3214366,トチギケン,モオカシ,カツウリ,栃木県,真岡市,勝瓜
3214536,トチギケン,モオカシ,カミエヅラ,栃木県,真岡市,上江連
3214542,トチギケン,モオカシ,カミオオゾ,栃木県,真岡市,上大曽
3214411,トチギケン,モオカシ,カミオオダワ,栃木県,真岡市,上大田和
3214355,トチギケン,モオカシ,カミオオヌマ,栃木県,真岡市,上大沼
3214337,トチギケン,モオカシ,カミコウマギ,栃木県,真岡市,上高間木
3214416,トチギケン,モオカシ,カミサギノヤ,栃木県,真岡市,上鷺谷
3214541,トチギケン,モオカシ,カミヤガイ,栃木県,真岡市,上谷貝
3214363,トチギケン,モオカシ,カメヤマ,栃木県,真岡市,亀山
3214344,トチギケン,モオカシ,カヤツツミ,栃木県,真岡市,茅堤
3214367,トチギケン,モオカシ,キヌガオカ,栃木県,真岡市,鬼怒ケ丘
3214316,トチギケン,モオカシ,キミジマ,栃木県,真岡市,君島
3214406,トチギケン,モオカシ,キョウセン,栃木県,真岡市,京泉
3214521,トチギケン,モオカシ,クゲタ,栃木県,真岡市,久下田
3214522,トチギケン,モオカシ,クゲタニシ,栃木県,真岡市,久下田西
3214369,トチギケン,モオカシ,クマクラ,栃木県,真岡市,熊倉
3214362,トチギケン,モオカシ,クマクラチョウ,栃木県,真岡市,熊倉町
3214503,トチギケン,モオカシ,クワノガワ,栃木県,真岡市,桑ノ川
3214343,トチギケン,モオカシ,コバシ,栃木県,真岡市,小橋
3214321,トチギケン,モオカシ,コバヤシ,栃木県,真岡市,小林
3214535,トチギケン,モオカシ,コヤマ,栃木県,真岡市,古山
3214534,トチギケン,モオカシ,サカイ,栃木県,真岡市,境
3214523,トチギケン,モオカシ,サクラ,栃木県,真岡市,さくら
3214315,トチギケン,モオカシ,サヤド,栃木県,真岡市,道祖土
3214504,トチギケン,モオカシ,シカ,栃木県,真岡市,鹿
3214326,トチギケン,モオカシ,シマ,栃木県,真岡市,島
3214402,トチギケン,モオカシ,シミズ,栃木県,真岡市,清水
3214543,トチギケン,モオカシ,シモオオゾ,栃木県,真岡市,下大曽
3214413,トチギケン,モオカシ,シモオオダワ,栃木県,真岡市,下大田和
3214357,トチギケン,モオカシ,シモオオヌマ,栃木県,真岡市,下大沼
3214335,トチギケン,モオカシ,シモコウマギ,栃木県,真岡市,下高間木
3214415,トチギケン,モオカシ,シモコモリヤ,栃木県,真岡市,下籠谷
3214414,トチギケン,モオカシ,シモサギノヤ,栃木県,真岡市,下鷺谷
3214313,トチギケン,モオカシ,スガマ,栃木県,真岡市,須釜
3214515,トチギケン,モオカシ,ソリマチ,栃木県,真岡市,反町
3214545,トチギケン,モオカシ,ダイドウイズミ,栃木県,真岡市,大道泉
3214306,トチギケン,モオカシ,ダイマチ,栃木県,真岡市,台町
3214341,トチギケン,モオカシ,タカセチョウ,栃木県,真岡市,高勢町
3214511,トチギケン,モオカシ,タカダ,栃木県,真岡市,高田
3214404,トチギケン,モオカシ,タジマ,栃木県,真岡市,田島
3214325,トチギケン,モオカシ,タマチ,栃木県,真岡市,田町
3214302,トチギケン,モオカシ,ツルタ,栃木県,真岡市,鶴田
3214345,トチギケン,モオカシ,テラウチ,栃木県,真岡市,寺内
3214368,トチギケン,モオカシ,テラクボ,栃木県,真岡市,寺久保
3214354,トチギケン,モオカシ,テラブン,栃木県,真岡市,寺分
3214309,トチギケン,モオカシ,トウコウジ,栃木県,真岡市,東光寺
3214351,トチギケン,モオカシ,ナカ,栃木県,真岡市,中
3214308,トチギケン,モオカシ,ナカゴウ,栃木県,真岡市,中郷
3214532,トチギケン,モオカシ,ナガシマ,栃木県,真岡市,長島
3214364,トチギケン,モオカシ,ナガタ,栃木県,真岡市,長田
3214539,トチギケン,モオカシ,ナガヌマ,栃木県,真岡市,長沼
3214317,トチギケン,モオカシ,ナカハギ,栃木県,真岡市,中萩
3214361,トチギケン,モオカシ,ナミキチョウ,栃木県,真岡市,並木町
3214537,トチギケン,モオカシ,ニシオオジマ,栃木県,真岡市,西大島
3214336,トチギケン,モオカシ,ニシコウマギ,栃木県,真岡市,西高間木
3214307,トチギケン,モオカシ,ニシゴウ,栃木県,真岡市,西郷
3214301,トチギケン,モオカシ,ニシダイ,栃木県,真岡市,西田井
3214324,トチギケン,モオカシ,ニシヌマ,栃木県,真岡市,西沼
3214516,トチギケン,モオカシ,ネゴヤ,栃木県,真岡市,根小屋
3214311,トチギケン,モオカシ,ネモト,栃木県,真岡市,根本
3214331,トチギケン,モオカシ,ハクフガオカ,栃木県,真岡市,白布ケ丘
3214303,トチギケン,モオカシ,ハチジョウ,栃木県,真岡市,八條
3214403,トチギケン,モオカシ,ハラマチ,栃木県,真岡市,原町
3214322,トチギケン,モオカシ,ヒガシオオシマ,栃木県,真岡市,東大島
3214304,トチギケン,モオカシ,ヒガシゴウ,栃木県,真岡市,東郷
3214323,トチギケン,モオカシ,ヒガシヌマ,栃木県,真岡市,東沼
3214533,トチギケン,モオカシ,ホドシマ,栃木県,真岡市,程島
3214412,トチギケン,モオカシ,ホリウチ,栃木県,真岡市,堀内
3214544,トチギケン,モオカシ,ホリゴメ,栃木県,真岡市,堀込
3214346,トチギケン,モオカシ,マツヤマチョウ,栃木県,真岡市,松山町
3214514,トチギケン,モオカシ,ミトベ,栃木県,真岡市,水戸部
3214314,トチギケン,モオカシ,ミナミタカオカ,栃木県,真岡市,南高岡
3214513,トチギケン,モオカシ,ミヤ,栃木県,真岡市,三谷
3214502,トチギケン,モオカシ,モノイ,栃木県,真岡市,物井
3214547,トチギケン,モオカシ,ヤガイシンデン,栃木県,真岡市,谷貝新田
3214334,トチギケン,モオカシ,ヤギオカ,栃木県,真岡市,八木岡
3214365,トチギケン,モオカシ,ヤナギバヤシ,栃木県,真岡市,柳林
3214501,トチギケン,モオカシ,ヨコタ,栃木県,真岡市,横田
3214551,トチギケン,モオカシ,ワカタビ（５チョウブ）,栃木県,真岡市,若旅（五丁歩）
3214352,トチギケン,モオカシ,ワカタビ（ソノタ）,栃木県,真岡市,若旅（その他）
3214538,トチギケン,モオカシ,ワシノス,栃木県,真岡市,鷲巣
3240000,トチギケン,オオタワラシ,イカニケイサイガナイバアイ,栃木県,大田原市,以下に掲載がない場合
3240015,トチギケン,オオタワラシ,アカゼ,栃木県,大田原市,赤瀬
3240043,トチギケン,オオタワラシ,アサカ,栃木県,大田原市,浅香
3240061,トチギケン,オオタワラシ,アライ,栃木県,大田原市,荒井
3240413,トチギケン,オオタワラシ,アラジュク,栃木県,大田原市,新宿
3240006,トチギケン,オオタワラシ,イチノサワ,栃木県,大田原市,市野沢
3240064,トチギケン,オオタワラシ,イマイズミ,栃木県,大田原市,今泉
3240035,トチギケン,オオタワラシ,ウスバ,栃木県,大田原市,薄葉
3240022,トチギケン,オオタワラシ,ウダガワ,栃木県,大田原市,宇田川
3240213,トチギケン,オオタワラシ,ウンガンジ,栃木県,大田原市,雲岩寺
3240025,トチギケン,オオタワラシ,オオガミ,栃木県,大田原市,大神
3240204,トチギケン,オオタワラシ,オオクボ,栃木県,大田原市,大久保
3240242,トチギケン,オオタワラシ,オオマメダ,栃木県,大田原市,大豆田
3240236,トチギケン,オオタワラシ,オオワ,栃木県,大田原市,大輪
3240065,トチギケン,オオタワラシ,オカ,栃木県,大田原市,岡
3240027,トチギケン,オオタワラシ,オギノメ,栃木県,大田原市,荻野目
3240017,トチギケン,オオタワラシ,オクサワ,栃木県,大田原市,奥沢
3240001,トチギケン,オオタワラシ,オトレザワ,栃木県,大田原市,乙連沢
3240046,トチギケン,オオタワラシ,カジヤ,栃木県,大田原市,加治屋
3240223,トチギケン,オオタワラシ,カタタ,栃木県,大田原市,片田
3240414,トチギケン,オオタワラシ,カタフタ,栃木県,大田原市,片府田
3240013,トチギケン,オオタワラシ,カバタ,栃木県,大田原市,鹿畑
3240037,トチギケン,オオタワラシ,カミイシガミ,栃木県,大田原市,上石上
3240018,トチギケン,オオタワラシ,カミオクサワ,栃木県,大田原市,上奥沢
3240221,トチギケン,オオタワラシ,カメヒサ,栃木県,大田原市,亀久
3240214,トチギケン,オオタワラシ,カワカミ,栃木県,大田原市,川上
3240208,トチギケン,オオタワラシ,カワダ,栃木県,大田原市,川田
3240207,トチギケン,オオタワラシ,カワラ,栃木県,大田原市,河原
3240202,トチギケン,オオタワラシ,キザミ,栃木県,大田原市,木佐美
3240016,トチギケン,オオタワラシ,キタオオワグ,栃木県,大田原市,北大和久
3240011,トチギケン,オオタワラシ,キタカネマル,栃木県,大田原市,北金丸
3240224,トチギケン,オオタワラシ,キタタキ,栃木県,大田原市,北滝
3240231,トチギケン,オオタワラシ,キタノガミ,栃木県,大田原市,北野上
3240205,トチギケン,オオタワラシ,クノマタ,栃木県,大田原市,久野又
3240014,トチギケン,オオタワラシ,クラホネ,栃木県,大田原市,倉骨
3240233,トチギケン,オオタワラシ,クロバネタマチ,栃木県,大田原市,黒羽田町
3240241,トチギケン,オオタワラシ,クロバネムコウマチ,栃木県,大田原市,黒羽向町
3240003,トチギケン,オオタワラシ,コダキ,栃木県,大田原市,小滝
3240402,トチギケン,オオタワラシ,コブナト,栃木県,大田原市,小船渡
3240032,トチギケン,オオタワラシ,サクヤマ,栃木県,大田原市,佐久山
3240246,トチギケン,オオタワラシ,サブイ,栃木県,大田原市,寒井
3240404,トチギケン,オオタワラシ,サラド,栃木県,大田原市,佐良土
3240415,トチギケン,オオタワラシ,シナガワ,栃木県,大田原市,品川
3240036,トチギケン,オオタワラシ,シモイシガミ,栃木県,大田原市,下石上
3240052,トチギケン,オオタワラシ,シロヤマ,栃木県,大田原市,城山
3240055,トチギケン,オオタワラシ,シントミチョウ,栃木県,大田原市,新富町
3240042,トチギケン,オオタワラシ,スエヒロ,栃木県,大田原市,末広
3240211,トチギケン,オオタワラシ,スカガワ,栃木県,大田原市,須賀川
3240212,トチギケン,オオタワラシ,スサギ,栃木県,大田原市,須佐木
3240057,トチギケン,オオタワラシ,スミヨシチョウ,栃木県,大田原市,住吉町
3240401,トチギケン,オオタワラシ,セバハラ,栃木県,大田原市,狭原
3240026,トチギケン,オオタワラシ,タキオカ,栃木県,大田原市,滝岡
3240033,トチギケン,オオタワラシ,タキザワ,栃木県,大田原市,滝沢
3240044,トチギケン,オオタワラシ,チカソノ,栃木県,大田原市,親園
3240056,トチギケン,オオタワラシ,チュウオウ,栃木県,大田原市,中央
3240203,トチギケン,オオタワラシ,テラジュク,栃木県,大田原市,寺宿
3240066,トチギケン,オオタワラシ,トノウチ,栃木県,大田原市,戸野内
3240004,トチギケン,オオタワラシ,トミイケ,栃木県,大田原市,富池
3240062,トチギケン,オオタワラシ,ナカダワラ,栃木県,大田原市,中田原
3240206,トチギケン,オオタワラシ,ナカノウチ,栃木県,大田原市,中野内
3240405,トチギケン,オオタワラシ,ナカノハラ,栃木県,大田原市,中の原
3240215,トチギケン,オオタワラシ,ナンボウ,栃木県,大田原市,南方
3240005,トチギケン,オオタワラシ,ネリヌキ,栃木県,大田原市,練貫
3240038,トチギケン,オオタワラシ,ノザキ,栃木県,大田原市,野崎
3240244,トチギケン,オオタワラシ,ハチス,栃木県,大田原市,蜂巣
3240023,トチギケン,オオタワラシ,ハナゾノ,栃木県,大田原市,花園
3240002,トチギケン,オオタワラシ,ハンダ,栃木県,大田原市,羽田
3240245,トチギケン,オオタワラシ,ヒノキザワ,栃木県,大田原市,桧木沢
3240034,トチギケン,オオタワラシ,ヒラサワ,栃木県,大田原市,平沢
3240412,トチギケン,オオタワラシ,ヒルタ,栃木県,大田原市,蛭田
3240411,トチギケン,オオタワラシ,ヒルハタ,栃木県,大田原市,蛭畑
3240024,トチギケン,オオタワラシ,フクワラ,栃木県,大田原市,福原
3240031,トチギケン,オオタワラシ,フジサワ,栃木県,大田原市,藤沢
3240028,トチギケン,オオタワラシ,フジミ,栃木県,大田原市,富士見
3240235,トチギケン,オオタワラシ,ホリノウチ,栃木県,大田原市,堀之内
3240041,トチギケン,オオタワラシ,ホンチョウ,栃木県,大田原市,本町
3240234,トチギケン,オオタワラシ,マエタ,栃木県,大田原市,前田
3240063,トチギケン,オオタワラシ,マチジマ,栃木県,大田原市,町島
3240045,トチギケン,オオタワラシ,ミドリ,栃木県,大田原市,実取
3240012,トチギケン,オオタワラシ,ミナミカネマル,栃木県,大田原市,南金丸
3240047,トチギケン,オオタワラシ,ミハラ,栃木県,大田原市,美原
3240058,トチギケン,オオタワラシ,ムラサキヅカ,栃木県,大田原市,紫塚
3240053,トチギケン,オオタワラシ,モトマチ,栃木県,大田原市,元町
3240222,トチギケン,オオタワラシ,ヤグラ,栃木県,大田原市,矢倉
3240232,トチギケン,オオタワラシ,ヤシオ,栃木県,大田原市,八塩
3240051,トチギケン,オオタワラシ,ヤマノテ,栃木県,大田原市,山の手
3240403,トチギケン,オオタワラシ,ユヅカミ,栃木県,大田原市,湯津上
3240243,トチギケン,オオタワラシ,ヨゼ,栃木県,大田原市,余瀬
3240201,トチギケン,オオタワラシ,リョウゴウ,栃木県,大田原市,両郷
3240021,トチギケン,オオタワラシ,ワカクサ,栃木県,大田原市,若草
3240054,トチギケン,オオタワラシ,ワカマツチョウ,栃木県,大田原市,若松町
3292100,トチギケン,ヤイタシ,イカニケイサイガナイバアイ,栃木県,矢板市,以下に掲載がない場合
3292136,トチギケン,ヤイタシ,アズマチョウ,栃木県,矢板市,東町
3292121,トチギケン,ヤイタシ,アライ,栃木県,矢板市,荒井
3291572,トチギケン,ヤイタシ,アンザワ,栃木県,矢板市,安沢
3291576,トチギケン,ヤイタシ,イシゼキ,栃木県,矢板市,石関
3292504,トチギケン,ヤイタシ,イズミ,栃木県,矢板市,泉
3292161,トチギケン,ヤイタシ,オウギチョウ,栃木県,矢板市,扇町
3291575,トチギケン,ヤイタシ,オオツキ,栃木県,矢板市,大槻
3291574,トチギケン,ヤイタシ,オツハタ,栃木県,矢板市,乙畑
3292163,トチギケン,ヤイタシ,カシマチョウ,栃木県,矢板市,鹿島町
3291571,トチギケン,ヤイタシ,カタオカ,栃木県,矢板市,片岡
3292155,トチギケン,ヤイタシ,カタマタ,栃木県,矢板市,片俣
3292501,トチギケン,ヤイタシ,カミイサノ,栃木県,矢板市,上伊佐野
3292513,トチギケン,ヤイタシ,カミオオタ,栃木県,矢板市,上太田
3292123,トチギケン,ヤイタシ,カミチョウ,栃木県,矢板市,上町
3292144,トチギケン,ヤイタシ,カワサキソリマチ,栃木県,矢板市,川崎反町
3292142,トチギケン,ヤイタシ,キバタ,栃木県,矢板市,木幡
3292154,トチギケン,ヤイタシ,クラカケ,栃木県,矢板市,倉掛
3292151,トチギケン,ヤイタシ,コウオカ,栃木県,矢板市,幸岡
3291573,トチギケン,ヤイタシ,コエハタ,栃木県,矢板市,越畑
3291579,トチギケン,ヤイタシ,コブシダイ,栃木県,矢板市,こぶし台
3292143,トチギケン,ヤイタシ,サカイバヤシ,栃木県,矢板市,境林
3292132,トチギケン,ヤイタシ,サワ,栃木県,矢板市,沢
3292156,トチギケン,ヤイタシ,シオダ,栃木県,矢板市,塩田
3292502,トチギケン,ヤイタシ,シモイサノ,栃木県,矢板市,下伊佐野
3292124,トチギケン,ヤイタシ,シモオオタ,栃木県,矢板市,下太田
3292162,トチギケン,ヤイタシ,スエヒロチョウ,栃木県,矢板市,末広町
3292153,トチギケン,ヤイタシ,タカシオ,栃木県,矢板市,高塩
3292505,トチギケン,ヤイタシ,タツアシ,栃木県,矢板市,立足
3292152,トチギケン,ヤイタシ,タテノカワ,栃木県,矢板市,館ノ川
3292503,トチギケン,ヤイタシ,タノハラ,栃木県,矢板市,田野原
3291577,トチギケン,ヤイタシ,タマダ,栃木県,矢板市,玉田
3292131,トチギケン,ヤイタシ,ツチヤ,栃木県,矢板市,土屋
3292145,トチギケン,ヤイタシ,トミタ,栃木県,矢板市,富田
3292133,トチギケン,ヤイタシ,トヨダ,栃木県,矢板市,豊田
3292135,トチギケン,ヤイタシ,ナカ,栃木県,矢板市,中
3292514,トチギケン,ヤイタシ,ナガイ,栃木県,矢板市,長井
3292134,トチギケン,ヤイタシ,ナリタ,栃木県,矢板市,成田
3292141,トチギケン,ヤイタシ,ハヤカワチョウ,栃木県,矢板市,早川町
3292122,トチギケン,ヤイタシ,ハリウ,栃木県,矢板市,針生
3292512,トチギケン,ヤイタシ,ヒガシイズミ,栃木県,矢板市,東泉
3292506,トチギケン,ヤイタシ,ヒラノ,栃木県,矢板市,平野
3292164,トチギケン,ヤイタシ,ホンチョウ,栃木県,矢板市,本町
3292165,トチギケン,ヤイタシ,ヤイタ,栃木県,矢板市,矢板
3292511,トチギケン,ヤイタシ,ヤマダ,栃木県,矢板市,山田
3291578,トチギケン,ヤイタシ,ヤマナワシロ,栃木県,矢板市,山苗代
3250000,トチギケン,ナスシオバラシ,イカニケイサイガナイバアイ,栃木県,那須塩原市,以下に掲載がない場合
3250103,トチギケン,ナスシオバラシ,アオキ,栃木県,那須塩原市,青木
3292721,トチギケン,ナスシオバラシ,アズマチョウ,栃木県,那須塩原市,東町
3292725,トチギケン,ナスシオバラシ,アタゴチョウ,栃木県,那須塩原市,あたご町
3250073,トチギケン,ナスシオバラシ,アワチョウ,栃木県,那須塩原市,阿波町
3250021,トチギケン,ナスシオバラシ,アンドウチョウ,栃木県,那須塩原市,安藤町
3292763,トチギケン,ナスシオバラシ,イグチ,栃木県,那須塩原市,井口
3292711,トチギケン,ナスシオバラシ,イシバヤシ,栃木県,那須塩原市,石林
3250111,トチギケン,ナスシオバラシ,イタムロ,栃木県,那須塩原市,板室
3292732,トチギケン,ナスシオバラシ,イックチョウ,栃木県,那須塩原市,一区町
3292816,トチギケン,ナスシオバラシ,ウツノ,栃木県,那須塩原市,宇都野
3292726,トチギケン,ナスシオバラシ,オウギチョウ,栃木県,那須塩原市,扇町
3293153,トチギケン,ナスシオバラシ,オオハラマ,栃木県,那須塩原市,大原間
3293157,トチギケン,ナスシオバラシ,オオハラマニシ,栃木県,那須塩原市,大原間西
3292803,トチギケン,ナスシオバラシ,オソノサワ,栃木県,那須塩原市,遅野沢
3292804,トチギケン,ナスシオバラシ,オリド,栃木県,那須塩原市,折戸
3250075,トチギケン,ナスシオバラシ,カスガチョウ,栃木県,那須塩原市,春日町
3292812,トチギケン,ナスシオバラシ,カネザワ,栃木県,那須塩原市,金沢
3293121,トチギケン,ナスシオバラシ,カノサキ,栃木県,那須塩原市,鹿野崎
3250104,トチギケン,ナスシオバラシ,カノサキシンデン,栃木県,那須塩原市,鹿野崎新田
3292748,トチギケン,ナスシオバラシ,カミアカダ,栃木県,那須塩原市,上赤田
3250026,トチギケン,ナスシオバラシ,カミアツサキ,栃木県,那須塩原市,上厚崎
3293134,トチギケン,ナスシオバラシ,カミオオツカシンデン,栃木県,那須塩原市,上大塚新田
3292814,トチギケン,ナスシオバラシ,カミオオヌキ,栃木県,那須塩原市,上大貫
3293127,トチギケン,ナスシオバラシ,カミゴウヤ,栃木県,那須塩原市,上郷屋
3292923,トチギケン,ナスシオバラシ,カミシオバラ,栃木県,那須塩原市,上塩原
3293154,トチギケン,ナスシオバラシ,カミナカノ,栃木県,那須塩原市,上中野
3292805,トチギケン,ナスシオバラシ,カミヨコバヤシ,栃木県,那須塩原市,上横林
3250102,トチギケン,ナスシオバラシ,カメヤマ,栃木県,那須塩原市,亀山
3293131,トチギケン,ナスシオバラシ,カラスギ,栃木県,那須塩原市,唐杉
3293145,トチギケン,ナスシオバラシ,キソハタナカ,栃木県,那須塩原市,木曾畑中
3292741,トチギケン,ナスシオバラシ,キタアカダ,栃木県,那須塩原市,北赤田
3250039,トチギケン,ナスシオバラシ,キタサカエチョウ,栃木県,那須塩原市,北栄町
3292734,トチギケン,ナスシオバラシ,キタフタツムロ,栃木県,那須塩原市,北二つ室
3293132,トチギケン,ナスシオバラシ,キタヤロク,栃木県,那須塩原市,北弥六
3293151,トチギケン,ナスシオバラシ,キタワダ,栃木県,那須塩原市,北和田
3250027,トチギケン,ナスシオバラシ,キョウコンシャ,栃木県,那須塩原市,共墾社
3250067,トチギケン,ナスシオバラシ,キヨスミチョウ,栃木県,那須塩原市,清住町
3250116,トチギケン,ナスシオバラシ,キワタハタ,栃木県,那須塩原市,木綿畑
3293133,トチギケン,ナスシオバラシ,クツカケ,栃木県,那須塩原市,沓掛
3250017,トチギケン,ナスシオバラシ,クロイソ,栃木県,那須塩原市,黒磯
3250057,トチギケン,ナスシオバラシ,クロイソサイワイチョウ,栃木県,那須塩原市,黒磯幸町
3250012,トチギケン,ナスシオバラシ,コエボリ,栃木県,那須塩原市,越堀
3292753,トチギケン,ナスシオバラシ,ゴケンチョウ,栃木県,那須塩原市,五軒町
3250035,トチギケン,ナスシオバラシ,コユイ,栃木県,那須塩原市,小結
3250048,トチギケン,ナスシオバラシ,ザイモクチョウ,栃木県,那須塩原市,材木町
3250033,トチギケン,ナスシオバラシ,サキタマ,栃木県,那須塩原市,埼玉
3250042,トチギケン,ナスシオバラシ,サクラチョウ,栃木県,那須塩原市,桜町
3293155,トチギケン,ナスシオバラシ,ササヌマ,栃木県,那須塩原市,笹沼
3293142,トチギケン,ナスシオバラシ,サノ,栃木県,那須塩原市,佐野
3292745,トチギケン,ナスシオバラシ,サンクチョウ,栃木県,那須塩原市,三区町
3293143,トチギケン,ナスシオバラシ,サンボンギ,栃木県,那須塩原市,三本木
3293122,トチギケン,ナスシオバラシ,シオノサキ,栃木県,那須塩原市,塩野崎
3293123,トチギケン,ナスシオバラシ,シオノサキシンデン,栃木県,那須塩原市,塩野崎新田
3292921,トチギケン,ナスシオバラシ,シオバラ,栃木県,那須塩原市,塩原
3250118,トチギケン,ナスシオバラシ,シギウチ,栃木県,那須塩原市,鴫内
3293152,トチギケン,ナスシオバラシ,シマカタ,栃木県,那須塩原市,島方
3250025,トチギケン,ナスシオバラシ,シモアツサキ,栃木県,那須塩原市,下厚崎
3292815,トチギケン,ナスシオバラシ,シモオオヌキ,栃木県,那須塩原市,下大貫
3292811,トチギケン,ナスシオバラシ,シモタノ,栃木県,那須塩原市,下田野
3292712,トチギケン,ナスシオバラシ,シモナガタ,栃木県,那須塩原市,下永田
3293146,トチギケン,ナスシオバラシ,シモナカノ,栃木県,那須塩原市,下中野
3250054,トチギケン,ナスシオバラシ,シンアサヒ,栃木県,那須塩原市,新朝日
3292704,トチギケン,ナスシオバラシ,シンナン,栃木県,那須塩原市,新南
3250071,トチギケン,ナスシオバラシ,シンマチ,栃木県,那須塩原市,新町
3250066,トチギケン,ナスシオバラシ,シンミドリチョウ,栃木県,那須塩原市,新緑町
3250061,トチギケン,ナスシオバラシ,スエヒロチョウ,栃木県,那須塩原市,末広町
3250062,トチギケン,ナスシオバラシ,スミヨシチョウ,栃木県,那須塩原市,住吉町
3292701,トチギケン,ナスシオバラシ,セキネ,栃木県,那須塩原市,関根
3292801,トチギケン,ナスシオバラシ,セキヤ,栃木県,那須塩原市,関谷
3292747,トチギケン,ナスシオバラシ,センボンマツ,栃木県,那須塩原市,千本松
3250046,トチギケン,ナスシオバラシ,ダイコクチョウ,栃木県,那須塩原市,大黒町
3292813,トチギケン,ナスシオバラシ,タカアツ,栃木県,那須塩原市,高阿津
3250045,トチギケン,ナスシオバラシ,タカサゴチョウ,栃木県,那須塩原市,高砂町
3250107,トチギケン,ナスシオバラシ,タカバヤシ,栃木県,那須塩原市,高林
3292707,トチギケン,ナスシオバラシ,タカヤナギ,栃木県,那須塩原市,高柳
3292735,トチギケン,ナスシオバラシ,タユウヅカ,栃木県,那須塩原市,太夫塚
3250052,トチギケン,ナスシオバラシ,チュウオウチョウ,栃木県,那須塩原市,中央町
3292703,トチギケン,ナスシオバラシ,ツキヌキザワ,栃木県,那須塩原市,槻沢
3250011,トチギケン,ナスシオバラシ,テラゴ,栃木県,那須塩原市,寺子
3250016,トチギケン,ナスシオバラシ,トウエイ,栃木県,那須塩原市,東栄
3250106,トチギケン,ナスシオバラシ,ドウジマ,栃木県,那須塩原市,洞島
3250114,トチギケン,ナスシオバラシ,トダ,栃木県,那須塩原市,戸田
3250023,トチギケン,ナスシオバラシ,トヨウラ,栃木県,那須塩原市,豊浦
3250038,トチギケン,ナスシオバラシ,トヨウラキタマチ,栃木県,那須塩原市,豊浦北町
3250064,トチギケン,ナスシオバラシ,トヨウラチョウ,栃木県,那須塩原市,豊浦町
3250063,トチギケン,ナスシオバラシ,トヨウラナカマチ,栃木県,那須塩原市,豊浦中町
3250065,トチギケン,ナスシオバラシ,トヨウラミナミチョウ,栃木県,那須塩原市,豊浦南町
3250072,トチギケン,ナスシオバラシ,トヨスミチョウ,栃木県,那須塩原市,豊住町
3250036,トチギケン,ナスシオバラシ,トリノメ,栃木県,那須塩原市,鳥野目
3293126,トチギケン,ナスシオバラシ,ナカウチ,栃木県,那須塩原市,中内
3292924,トチギケン,ナスシオバラシ,ナカシオバラ,栃木県,那須塩原市,中塩原
3292727,トチギケン,ナスシオバラシ,ナガタチョウ,栃木県,那須塩原市,永田町
3250013,トチギケン,ナスシオバラシ,ナベカケ,栃木県,那須塩原市,鍋掛
3250031,トチギケン,ナスシオバラシ,ナミキチョウ,栃木県,那須塩原市,並木町
3292733,トチギケン,ナスシオバラシ,ニクチョウ,栃木県,那須塩原市,二区町
3292744,トチギケン,ナスシオバラシ,ニシアカダ,栃木県,那須塩原市,西赤田
3292722,トチギケン,ナスシオバラシ,ニシアサヒチョウ,栃木県,那須塩原市,西朝日町
3250101,トチギケン,ナスシオバラシ,ニシイワザキ,栃木県,那須塩原市,西岩崎
3292764,トチギケン,ナスシオバラシ,ニシオソザワ,栃木県,那須塩原市,西遅沢
3250058,トチギケン,ナスシオバラシ,ニシキチョウ,栃木県,那須塩原市,錦町
3292724,トチギケン,ナスシオバラシ,ニシサイワイチョウ,栃木県,那須塩原市,西幸町
3292728,トチギケン,ナスシオバラシ,ニシサカエチョウ,栃木県,那須塩原市,西栄町
3250076,トチギケン,ナスシオバラシ,ニシシンマチ,栃木県,那須塩原市,西新町
3292762,トチギケン,ナスシオバラシ,ニシトミヤマ,栃木県,那須塩原市,西富山
3292755,トチギケン,ナスシオバラシ,ニシハラチョウ,栃木県,那須塩原市,西原町
3292756,トチギケン,ナスシオバラシ,ニシミシマ,栃木県,那須塩原市,西三島
3292754,トチギケン,ナスシオバラシ,ニシヤマト,栃木県,那須塩原市,西大和
3292807,トチギケン,ナスシオバラシ,ニワトコ,栃木県,那須塩原市,接骨木
3293144,トチギケン,ナスシオバラシ,ヌマノタワ,栃木県,那須塩原市,沼野田和
3250014,トチギケン,ナスシオバラシ,ノマ,栃木県,那須塩原市,野間
3250043,トチギケン,ナスシオバラシ,ハシモトチョウ,栃木県,那須塩原市,橋本町
3293124,トチギケン,ナスシオバラシ,ハッタチ,栃木県,那須塩原市,波立
3250015,トチギケン,ナスシオバラシ,ハラマチ,栃木県,那須塩原市,原町
3292742,トチギケン,ナスシオバラシ,ヒガシアカダ,栃木県,那須塩原市,東赤田
3292761,トチギケン,ナスシオバラシ,ヒガシオソザワ,栃木県,那須塩原市,東遅沢
3293147,トチギケン,ナスシオバラシ,ヒガシコヤ,栃木県,那須塩原市,東小屋
3292702,トチギケン,ナスシオバラシ,ヒガシセキネ,栃木県,那須塩原市,東関根
3250022,トチギケン,ナスシオバラシ,ヒガシトヨウラ,栃木県,那須塩原市,東豊浦
3250034,トチギケン,ナスシオバラシ,ヒガシハラ,栃木県,那須塩原市,東原
3292751,トチギケン,ナスシオバラシ,ヒガシミシマ,栃木県,那須塩原市,東三島
3250041,トチギケン,ナスシオバラシ,ヒガシヤマトチョウ,栃木県,那須塩原市,東大和町
3292802,トチギケン,ナスシオバラシ,ヒキヌマ,栃木県,那須塩原市,蟇沼
3292731,トチギケン,ナスシオバラシ,フタツムロ,栃木県,那須塩原市,二つ室
3293156,トチギケン,ナスシオバラシ,ホウキョウ,栃木県,那須塩原市,方京
3250113,トチギケン,ナスシオバラシ,ホソダケ,栃木県,那須塩原市,細竹
3250053,トチギケン,ナスシオバラシ,ホンゴウチョウ,栃木県,那須塩原市,本郷町
3250056,トチギケン,ナスシオバラシ,ホンチョウ,栃木県,那須塩原市,本町
3293135,トチギケン,ナスシオバラシ,マエヤロク,栃木県,那須塩原市,前弥六
3293136,トチギケン,ナスシオバラシ,マエヤロクミナミチョウ,栃木県,那須塩原市,前弥六南町
3250074,トチギケン,ナスシオバラシ,マツウラチョウ,栃木県,那須塩原市,松浦町
3292752,トチギケン,ナスシオバラシ,ミシマ,栃木県,那須塩原市,三島
3292713,トチギケン,ナスシオバラシ,ミドリ,栃木県,那須塩原市,緑
3292743,トチギケン,ナスシオバラシ,ミナミアカダ,栃木県,那須塩原市,南赤田
3292705,トチギケン,ナスシオバラシ,ミナミゴウヤ,栃木県,那須塩原市,南郷屋
3292723,トチギケン,ナスシオバラシ,ミナミチョウ,栃木県,那須塩原市,南町
3250105,トチギケン,ナスシオバラシ,ミノワ,栃木県,那須塩原市,箕輪
3250037,トチギケン,ナスシオバラシ,ミハラチョウ,栃木県,那須塩原市,美原町
3250055,トチギケン,ナスシオバラシ,ミヤチョウ,栃木県,那須塩原市,宮町
3293125,トチギケン,ナスシオバラシ,ムクリヤ,栃木県,那須塩原市,無栗屋
3292706,トチギケン,ナスシオバラシ,ムツミ,栃木県,那須塩原市,睦
3250115,トチギケン,ナスシオバラシ,モムラ,栃木県,那須塩原市,百村
3250108,トチギケン,ナスシオバラシ,ヤツボ,栃木県,那須塩原市,箭坪
3293141,トチギケン,ナスシオバラシ,ヤマナカシンデン,栃木県,那須塩原市,山中新田
3250044,トチギケン,ナスシオバラシ,ヤヨイチョウ,栃木県,那須塩原市,弥生町
3250112,トチギケン,ナスシオバラシ,ユイ,栃木県,那須塩原市,油井
3250117,トチギケン,ナスシオバラシ,ユグウ,栃木県,那須塩原市,湯宮
3250051,トチギケン,ナスシオバラシ,ユタカチョウ,栃木県,那須塩原市,豊町
3292922,トチギケン,ナスシオバラシ,ユモトシオバラ,栃木県,那須塩原市,湯本塩原
3292806,トチギケン,ナスシオバラシ,ヨコバヤシ,栃木県,那須塩原市,横林
3292746,トチギケン,ナスシオバラシ,ヨンクチョウ,栃木県,那須塩原市,四区町
3250032,トチギケン,ナスシオバラシ,ワカクサチョウ,栃木県,那須塩原市,若草町
3250047,トチギケン,ナスシオバラシ,ワカバチョウ,栃木県,那須塩原市,若葉町
3250024,トチギケン,ナスシオバラシ,ワタナベ,栃木県,那須塩原市,渡辺
3291300,トチギケン,サクラシ,イカニケイサイガナイバアイ,栃木県,さくら市,以下に掲載がない場合
3291311,トチギケン,サクラシ,ウジイエ,栃木県,さくら市,氏家
3291315,トチギケン,サクラシ,ウジイエシンデン,栃木県,さくら市,氏家新田
3291323,トチギケン,サクラシ,ウノサト,栃木県,さくら市,卯の里
3291306,トチギケン,サクラシ,ウワノ,栃木県,さくら市,上野
3291415,トチギケン,サクラシ,オイレ,栃木県,さくら市,小入
3291325,トチギケン,サクラシ,オオナカ,栃木県,さくら市,大中
3291334,トチギケン,サクラシ,オシアゲ,栃木県,さくら市,押上
3291314,トチギケン,サクラシ,カキノキザワ,栃木県,さくら市,柿木沢
3291313,トチギケン,サクラシ,カキノキザワシンデン,栃木県,さくら市,柿木沢新田
3291304,トチギケン,サクラシ,カジガサワ,栃木県,さくら市,鍛冶ケ沢
3291413,トチギケン,サクラシ,カツラギ,栃木県,さくら市,葛城
3291405,トチギケン,サクラシ,カナエダ,栃木県,さくら市,金枝
3291404,トチギケン,サクラシ,カノコハタ,栃木県,さくら市,鹿子畑
3291332,トチギケン,サクラシ,カマスサカ,栃木県,さくら市,蒲須坂
3291316,トチギケン,サクラシ,カミアクツ,栃木県,さくら市,上阿久津
3291401,トチギケン,サクラシ,カミコウド,栃木県,さくら市,上河戸
3291322,トチギケン,サクラシ,キタクサガワ,栃木県,さくら市,北草川
3291412,トチギケン,サクラシ,キツレガワ,栃木県,さくら市,喜連川
3291317,トチギケン,サクラシ,キヌノサト,栃木県,さくら市,きぬの里
3291324,トチギケン,サクラシ,クサガワ,栃木県,さくら市,草川
3291416,トチギケン,サクラシ,サクラガオカ,栃木県,さくら市,桜ケ丘
3291312,トチギケン,サクラシ,サクラノ,栃木県,さくら市,櫻野
3291402,トチギケン,サクラシ,シモコウド,栃木県,さくら市,下河戸
3291414,トチギケン,サクラシ,ソウトメ,栃木県,さくら市,早乙女
3291327,トチギケン,サクラシ,トミノオカ,栃木県,さくら市,富野岡
3291333,トチギケン,サクラシ,ナガクボ,栃木県,さくら市,長久保
3291301,トチギケン,サクラシ,ハコノモリシンデン,栃木県,さくら市,箱森新田
3291305,トチギケン,サクラシ,ハサマダ,栃木県,さくら市,狹間田
3291321,トチギケン,サクラシ,ババ,栃木県,さくら市,馬場
3291417,トチギケン,サクラシ,フィオーレキツレガワ,栃木県,さくら市,フィオーレ喜連川
3291403,トチギケン,サクラシ,ホヅミ,栃木県,さくら市,穂積
3291331,トチギケン,サクラシ,マツシマ,栃木県,さくら市,松島
3291303,トチギケン,サクラシ,マツヤマ,栃木県,さくら市,松山
3291302,トチギケン,サクラシ,マツヤマシンデン,栃木県,さくら市,松山新田
3291406,トチギケン,サクラシ,ミナミワダ,栃木県,さくら市,南和田
3291326,トチギケン,サクラシ,ムコウガワラ,栃木県,さくら市,向河原
3291411,トチギケン,サクラシ,ワシジュク,栃木県,さくら市,鷲宿
3210600,トチギケン,ナスカラスヤマシ,イカニケイサイガナイバアイ,栃木県,那須烏山市,以下に掲載がない場合
3210624,トチギケン,ナスカラスヤマシ,アサヒ,栃木県,那須烏山市,旭
3210629,トチギケン,ナスカラスヤマシ,アタゴダイ,栃木県,那須烏山市,愛宕台
3210521,トチギケン,ナスカラスヤマシ,イワコ,栃木県,那須烏山市,岩子
3210527,トチギケン,ナスカラスヤマシ,ウイ,栃木県,那須烏山市,宇井
3210522,トチギケン,ナスカラスヤマシ,オオガネ,栃木県,那須烏山市,大金
3210613,トチギケン,ナスカラスヤマシ,オオギス,栃木県,那須烏山市,大木須
3210602,トチギケン,ナスカラスヤマシ,オオケ,栃木県,那須烏山市,大桶
3210516,トチギケン,ナスカラスヤマシ,オオサト,栃木県,那須烏山市,大里
3210612,トチギケン,ナスカラスヤマシ,オオサワ,栃木県,那須烏山市,大沢
3210528,トチギケン,ナスカラスヤマシ,オグラ,栃木県,那須烏山市,小倉
3210636,トチギケン,ナスカラスヤマシ,オチアイ,栃木県,那須烏山市,落合
3210623,トチギケン,ナスカラスヤマシ,オモテ,栃木県,那須烏山市,表
3210628,トチギケン,ナスカラスヤマシ,カナイ,栃木県,那須烏山市,金井
3210632,トチギケン,ナスカラスヤマシ,カナガ,栃木県,那須烏山市,神長
3210505,トチギケン,ナスカラスヤマシ,カミカワイ,栃木県,那須烏山市,上川井
3210617,トチギケン,ナスカラスヤマシ,カミザカイ,栃木県,那須烏山市,上境
3210611,トチギケン,ナスカラスヤマシ,キョウノ,栃木県,那須烏山市,興野
3210502,トチギケン,ナスカラスヤマシ,クマダ,栃木県,那須烏山市,熊田
3210534,トチギケン,ナスカラスヤマシ,コウノヤマ,栃木県,那須烏山市,鴻野山
3210511,トチギケン,ナスカラスヤマシ,コガワラ,栃木県,那須烏山市,小河原
3210614,トチギケン,ナスカラスヤマシ,コギス,栃木県,那須烏山市,小木須
3210535,トチギケン,ナスカラスヤマシ,コジロイ,栃木県,那須烏山市,小白井
3210513,トチギケン,ナスカラスヤマシ,コバナ,栃木県,那須烏山市,小塙
3210615,トチギケン,ナスカラスヤマシ,コハラザワ,栃木県,那須烏山市,小原沢
3210531,トチギケン,ナスカラスヤマシ,サンガ,栃木県,那須烏山市,三箇
3210501,トチギケン,ナスカラスヤマシ,シトリ,栃木県,那須烏山市,志鳥
3210504,トチギケン,ナスカラスヤマシ,シモカワイ,栃木県,那須烏山市,下川井
3210616,トチギケン,ナスカラスヤマシ,シモザカイ,栃木県,那須烏山市,下境
3210622,トチギケン,ナスカラスヤマシ,ジョウトウ,栃木県,那須烏山市,城東
3210601,トチギケン,ナスカラスヤマシ,シラク,栃木県,那須烏山市,白久
3210631,トチギケン,ナスカラスヤマシ,シロヤマ,栃木県,那須烏山市,城山
3210523,トチギケン,ナスカラスヤマシ,ソリハタ,栃木県,那須烏山市,曲畑
3210512,トチギケン,ナスカラスヤマシ,タカセ,栃木県,那須烏山市,高瀬
3210633,トチギケン,ナスカラスヤマシ,タキ,栃木県,那須烏山市,滝
3210605,トチギケン,ナスカラスヤマシ,タキタ,栃木県,那須烏山市,滝田
3210526,トチギケン,ナスカラスヤマシ,タノクラ,栃木県,那須烏山市,田野倉
3210621,トチギケン,ナスカラスヤマシ,チュウオウ,栃木県,那須烏山市,中央
3210503,トチギケン,ナスカラスヤマシ,ツキナミ,栃木県,那須烏山市,月次
3210517,トチギケン,ナスカラスヤマシ,トウバラ,栃木県,那須烏山市,東原
3210604,トチギケン,ナスカラスヤマシ,ナカヤマ,栃木県,那須烏山市,中山
3210634,トチギケン,ナスカラスヤマシ,ノガミ,栃木県,那須烏山市,野上
3210626,トチギケン,ナスカラスヤマシ,ハツネ,栃木県,那須烏山市,初音
3210525,トチギケン,ナスカラスヤマシ,フクオカ,栃木県,那須烏山市,福岡
3210532,トチギケン,ナスカラスヤマシ,フジタ,栃木県,那須烏山市,藤田
3210515,トチギケン,ナスカラスヤマシ,マガツタ,栃木県,那須烏山市,曲田
3210627,トチギケン,ナスカラスヤマシ,ミナミ,栃木県,那須烏山市,南
3210533,トチギケン,ナスカラスヤマシ,ミナミオオワグ,栃木県,那須烏山市,南大和久
3210625,トチギケン,ナスカラスヤマシ,ミヤバラ,栃木県,那須烏山市,宮原
3210635,トチギケン,ナスカラスヤマシ,ムカダ,栃木県,那須烏山市,向田
3210514,トチギケン,ナスカラスヤマシ,モリタ,栃木県,那須烏山市,森田
3210603,トチギケン,ナスカラスヤマシ,ヤアザミ,栃木県,那須烏山市,谷浅見
3210524,トチギケン,ナスカラスヤマシ,ヤカシロ,栃木県,那須烏山市,八ケ代
3210618,トチギケン,ナスカラスヤマシ,ヨコマクラ,栃木県,那須烏山市,横枕
3290400,トチギケン,シモツケシ,イカニケイサイガナイバアイ,栃木県,下野市,以下に掲載がない場合
3290511,トチギケン,シモツケシ,イシバシ,栃木県,下野市,石橋
3230111,トチギケン,シモツケシ,イソベ,栃木県,下野市,磯部
3290403,トチギケン,シモツケシ,イダイマエ,栃木県,下野市,医大前
3290413,トチギケン,シモツケシ,エキヒガシ,栃木県,下野市,駅東
3290519,トチギケン,シモツケシ,オオマツヤマ,栃木県,下野市,大松山
3230103,トチギケン,シモツケシ,カミカワシマ,栃木県,下野市,上川島
3290501,トチギケン,シモツケシ,カミコヤマ,栃木県,下野市,上古山
3290504,トチギケン,シモツケシ,カミダイ,栃木県,下野市,上台
3290517,トチギケン,シモツケシ,カミダイリョウ,栃木県,下野市,上大領
3230113,トチギケン,シモツケシ,カミツボヤマ,栃木県,下野市,上坪山
3230102,トチギケン,シモツケシ,カミヨシダ,栃木県,下野市,上吉田
3290411,トチギケン,シモツケシ,カラスガモリ,栃木県,下野市,烏ケ森
3290415,トチギケン,シモツケシ,カワナゴ,栃木県,下野市,川中子
3290434,トチギケン,シモツケシ,ギオン,栃木県,下野市,祇園
3230114,トチギケン,シモツケシ,キヌイタ,栃木県,下野市,絹板
3290414,トチギケン,シモツケシ,コガネイ,栃木県,下野市,小金井
3290417,トチギケン,シモツケシ,コクブンジ,栃木県,下野市,国分寺
3290402,トチギケン,シモツケシ,ササハラ,栃木県,下野市,笹原
3230101,トチギケン,シモツケシ,サンノウヤマ,栃木県,下野市,三王山
3290412,トチギケン,シモツケシ,シバ,栃木県,下野市,柴
3290512,トチギケン,シモツケシ,シモイシバシ,栃木県,下野市,下石橋
3290502,トチギケン,シモツケシ,シモコヤマ,栃木県,下野市,下古山
3290513,トチギケン,シモツケシ,シモダイリョウ,栃木県,下野市,下大領
3230115,トチギケン,シモツケシ,シモツボヤマ,栃木県,下野市,下坪山
3290503,トチギケン,シモツケシ,シモナガタ,栃木県,下野市,下長田
3290424,トチギケン,シモツケシ,シモフバサミ,栃木県,下野市,下文狹
3230106,トチギケン,シモツケシ,シモヨシダ,栃木県,下野市,下吉田
3290516,トチギケン,シモツケシ,ダイコウジ,栃木県,下野市,大光寺
3290425,トチギケン,シモツケシ,タナカ,栃木県,下野市,田中
3230104,トチギケン,シモツケシ,ナカカワシマ,栃木県,下野市,中川島
3290515,トチギケン,シモツケシ,ナカダイリョウ,栃木県,下野市,中大領
3290421,トチギケン,シモツケシ,ナリタ,栃木県,下野市,成田
3290432,トチギケン,シモツケシ,ニラガワ,栃木県,下野市,仁良川
3290506,トチギケン,シモツケシ,ハシモト,栃木県,下野市,橋本
3230116,トチギケン,シモツケシ,ハナダ,栃木県,下野市,花田
3290518,トチギケン,シモツケシ,ハナノキ,栃木県,下野市,花の木
3230112,トチギケン,シモツケシ,ヒガシネ,栃木県,下野市,東根
3290514,トチギケン,シモツケシ,ヒガシマエハラ,栃木県,下野市,東前原
3290507,トチギケン,シモツケシ,ブンキョウ,栃木県,下野市,文教
3230107,トチギケン,シモツケシ,ベットウガワラ,栃木県,下野市,別当河原
3290505,トチギケン,シモツケシ,ホソヤ,栃木県,下野市,細谷
3290422,トチギケン,シモツケシ,マチダ,栃木県,下野市,町田
3290433,トチギケン,シモツケシ,ミドリ,栃木県,下野市,緑
3290401,トチギケン,シモツケシ,ミノワ,栃木県,下野市,箕輪
3290418,トチギケン,シモツケシ,ムラサキ,栃木県,下野市,紫
3230105,トチギケン,シモツケシ,モトヨシダ,栃木県,下野市,本吉田
3290431,トチギケン,シモツケシ,ヤクシジ,栃木県,下野市,薬師寺
3290423,トチギケン,シモツケシ,ヤジツカ,栃木県,下野市,谷地賀
3290600,トチギケン,カワチグンカミノカワマチ,イカニケイサイガナイバアイ,栃木県,河内郡上三川町,以下に掲載がない場合
3290521,トチギケン,カワチグンカミノカワマチ,イシタ,栃木県,河内郡上三川町,石田
3290606,トチギケン,カワチグンカミノカワマチ,イソオカ,栃木県,河内郡上三川町,磯岡
3290525,トチギケン,カワチグンカミノカワマチ,オオヤマ,栃木県,河内郡上三川町,大山
3290617,トチギケン,カワチグンカミノカワマチ,カミカモウ,栃木県,河内郡上三川町,上蒲生
3290527,トチギケン,カワチグンカミノカワマチ,カミコウヌシ,栃木県,河内郡上三川町,上神主
3290604,トチギケン,カワチグンカミノカワマチ,カミゴウ,栃木県,河内郡上三川町,上郷
3290611,トチギケン,カワチグンカミノカワマチ,カミノカワ,栃木県,河内郡上三川町,上三川
3290601,トチギケン,カワチグンカミノカワマチ,カミフバサミ,栃木県,河内郡上三川町,上文挾
3290522,トチギケン,カワチグンカミノカワマチ,カワナゴ,栃木県,河内郡上三川町,川中子
3290614,トチギケン,カワチグンカミノカワマチ,ゴブイチ,栃木県,河内郡上三川町,五分一
3290613,トチギケン,カワチグンカミノカワマチ,サカウエ,栃木県,河内郡上三川町,坂上
3290526,トチギケン,カワチグンカミノカワマチ,サヤドウ,栃木県,河内郡上三川町,鞘堂
3290612,トチギケン,カワチグンカミノカワマチ,サンボンギ,栃木県,河内郡上三川町,三本木
3290616,トチギケン,カワチグンカミノカワマチ,シモカモウ,栃木県,河内郡上三川町,下蒲生
3290529,トチギケン,カワチグンカミノカワマチ,シモコウヌシ,栃木県,河内郡上三川町,下神主
3290618,トチギケン,カワチグンカミノカワマチ,シラサギ,栃木県,河内郡上三川町,しらさぎ
3290524,トチギケン,カワチグンカミノカワマチ,タコウ,栃木県,河内郡上三川町,多功
3290530,トチギケン,カワチグンカミノカワマチ,テンジンチョウ,栃木県,河内郡上三川町,天神町
3290608,トチギケン,カワチグンカミノカワマチ,ニシキノシロ,栃木県,河内郡上三川町,西木代
3290605,トチギケン,カワチグンカミノカワマチ,ニシタテヌマ,栃木県,河内郡上三川町,西蓼沼
3290607,トチギケン,カワチグンカミノカワマチ,ニシフザカシ,栃木県,河内郡上三川町,西汗
3290603,トチギケン,カワチグンカミノカワマチ,ヒガシタテヌマ,栃木県,河内郡上三川町,東蓼沼
3290602,トチギケン,カワチグンカミノカワマチ,ヒガシフザカシ,栃木県,河内郡上三川町,東汗
3290615,トチギケン,カワチグンカミノカワマチ,ミムラ,栃木県,河内郡上三川町,三村
3290523,トチギケン,カワチグンカミノカワマチ,ヤナ,栃木県,河内郡上三川町,梁
3290528,トチギケン,カワチグンカミノカワマチ,ユウキガオカ,栃木県,河内郡上三川町,ゆうきが丘
3214200,トチギケン,ハガグンマシコマチ,イカニケイサイガナイバアイ,栃木県,芳賀郡益子町,以下に掲載がない場合
3214102,トチギケン,ハガグンマシコマチ,アシヌマ,栃木県,芳賀郡益子町,芦沼
3214223,トチギケン,ハガグンマシコマチ,ウメガウチ,栃木県,芳賀郡益子町,梅ケ内
3214221,トチギケン,ハガグンマシコマチ,オオゴウド,栃木県,芳賀郡益子町,大郷戸
3214104,トチギケン,ハガグンマシコマチ,オオサワ,栃木県,芳賀郡益子町,大沢
3214103,トチギケン,ハガグンマシコマチ,オオヒラ,栃木県,芳賀郡益子町,大平
3214101,トチギケン,ハガグンマシコマチ,オヤケ,栃木県,芳賀郡益子町,小宅
3214212,トチギケン,ハガグンマシコマチ,カミオオバ,栃木県,芳賀郡益子町,上大羽
3214226,トチギケン,ハガグンマシコマチ,カミヤマ,栃木県,芳賀郡益子町,上山
3214105,トチギケン,ハガグンマシコマチ,キタナカ,栃木県,芳賀郡益子町,北中
3214222,トチギケン,ハガグンマシコマチ,コイズミ,栃木県,芳賀郡益子町,小泉
3214211,トチギケン,ハガグンマシコマチ,シモオオバ,栃木県,芳賀郡益子町,下大羽
3214218,トチギケン,ハガグンマシコマチ,ジョウナイザカ,栃木県,芳賀郡益子町,城内坂
3214225,トチギケン,ハガグンマシコマチ,ナガツツミ,栃木県,芳賀郡益子町,長堤
3214106,トチギケン,ハガグンマシコマチ,ナナイ,栃木県,芳賀郡益子町,七井
3214107,トチギケン,ハガグンマシコマチ,ナナイチュウオウ,栃木県,芳賀郡益子町,七井中央
3214215,トチギケン,ハガグンマシコマチ,ナバタメ,栃木県,芳賀郡益子町,生田目
3214216,トチギケン,ハガグンマシコマチ,ハナワ,栃木県,芳賀郡益子町,塙
3214227,トチギケン,ハガグンマシコマチ,ヒガシダイ,栃木県,芳賀郡益子町,東田井
3214214,トチギケン,ハガグンマシコマチ,マエザワ,栃木県,芳賀郡益子町,前沢
3214217,トチギケン,ハガグンマシコマチ,マシコ,栃木県,芳賀郡益子町,益子
3214224,トチギケン,ハガグンマシコマチ,モトヌマ,栃木県,芳賀郡益子町,本沼
3214213,トチギケン,ハガグンマシコマチ,ヤマモト,栃木県,芳賀郡益子町,山本
3213500,トチギケン,ハガグンモテギマチ,イカニケイサイガナイバアイ,栃木県,芳賀郡茂木町,以下に掲載がない場合
3213535,トチギケン,ハガグンモテギマチ,アイダ,栃木県,芳賀郡茂木町,鮎田
3213621,トチギケン,ハガグンモテギマチ,アマコ,栃木県,芳賀郡茂木町,天子
3213626,トチギケン,ハガグンモテギマチ,イイ,栃木県,芳賀郡茂木町,飯
3213702,トチギケン,ハガグンモテギマチ,イイノ,栃木県,芳賀郡茂木町,飯野
3213705,トチギケン,ハガグンモテギマチ,イリゴウ,栃木県,芳賀郡茂木町,入郷
3213541,トチギケン,ハガグンモテギマチ,ウゴウダ,栃木県,芳賀郡茂木町,烏生田
3213561,トチギケン,ハガグンモテギマチ,ウラゴウ,栃木県,芳賀郡茂木町,後郷
3213534,トチギケン,ハガグンモテギマチ,オウメ,栃木県,芳賀郡茂木町,青梅
3213554,トチギケン,ハガグンモテギマチ,オオセ,栃木県,芳賀郡茂木町,大瀬
3213553,トチギケン,ハガグンモテギマチ,オオバタケ,栃木県,芳賀郡茂木町,大畑
3213627,トチギケン,ハガグンモテギマチ,オヌキ,栃木県,芳賀郡茂木町,小貫
3213707,トチギケン,ハガグンモテギマチ,オブカ,栃木県,芳賀郡茂木町,小深
3213624,トチギケン,ハガグンモテギマチ,オヤマ,栃木県,芳賀郡茂木町,小山
3213536,トチギケン,ハガグンモテギマチ,カノイ,栃木県,芳賀郡茂木町,神井
3213543,トチギケン,ハガグンモテギマチ,カミウラゴウ,栃木県,芳賀郡茂木町,上後郷
3213546,トチギケン,ハガグンモテギマチ,カミスガマタ,栃木県,芳賀郡茂木町,上菅又
3213703,トチギケン,ハガグンモテギマチ,カワイ,栃木県,芳賀郡茂木町,河井
3213706,トチギケン,ハガグンモテギマチ,カワマタ,栃木県,芳賀郡茂木町,河又
3213622,トチギケン,ハガグンモテギマチ,キタタカオカ,栃木県,芳賀郡茂木町,北高岡
3213623,トチギケン,ハガグンモテギマチ,キバタ,栃木県,芳賀郡茂木町,木幡
3213557,トチギケン,ハガグンモテギマチ,クロダ,栃木県,芳賀郡茂木町,黒田
3213566,トチギケン,ハガグンモテギマチ,コイド,栃木県,芳賀郡茂木町,小井戸
3213544,トチギケン,ハガグンモテギマチ,サカノイ,栃木県,芳賀郡茂木町,坂井
3213542,トチギケン,ハガグンモテギマチ,サザラシ,栃木県,芳賀郡茂木町,九石
3213565,トチギケン,ハガグンモテギマチ,シオダ,栃木県,芳賀郡茂木町,塩田
3213545,トチギケン,ハガグンモテギマチ,シモスガマタ,栃木県,芳賀郡茂木町,下菅又
3213547,トチギケン,ハガグンモテギマチ,センボ,栃木県,芳賀郡茂木町,千本
3213552,トチギケン,ハガグンモテギマチ,タケワラ,栃木県,芳賀郡茂木町,竹原
3213555,トチギケン,ハガグンモテギマチ,トコロクサ,栃木県,芳賀郡茂木町,所草
3213551,トチギケン,ハガグンモテギマチ,ナマイ,栃木県,芳賀郡茂木町,生井
3213563,トチギケン,ハガグンモテギマチ,ハヤシ,栃木県,芳賀郡茂木町,林
3114411,トチギケン,ハガグンモテギマチ,ヒヤマ（ドウギバシ）,栃木県,芳賀郡茂木町,桧山（道木橋）
3213533,トチギケン,ハガグンモテギマチ,ヒヤマ（ソノタ）,栃木県,芳賀郡茂木町,桧山（その他）
3213628,トチギケン,ハガグンモテギマチ,フカサワ,栃木県,芳賀郡茂木町,深沢
3213625,トチギケン,ハガグンモテギマチ,フグテ,栃木県,芳賀郡茂木町,福手
3213562,トチギケン,ハガグンモテギマチ,マカド,栃木県,芳賀郡茂木町,馬門
3213704,トチギケン,ハガグンモテギマチ,マギノ,栃木県,芳賀郡茂木町,牧野
3213564,トチギケン,ハガグンモテギマチ,マシイ,栃木県,芳賀郡茂木町,増井
3213556,トチギケン,ハガグンモテギマチ,マチダ,栃木県,芳賀郡茂木町,町田
3213532,トチギケン,ハガグンモテギマチ,ミサカ,栃木県,芳賀郡茂木町,三坂
3213531,トチギケン,ハガグンモテギマチ,モテギ,栃木県,芳賀郡茂木町,茂木
3213701,トチギケン,ハガグンモテギマチ,ヤマウチ,栃木県,芳賀郡茂木町,山内
3213400,トチギケン,ハガグンイチカイマチ,イカニケイサイガナイバアイ,栃木県,芳賀郡市貝町,以下に掲載がない場合
3213426,トチギケン,ハガグンイチカイマチ,アカバネ,栃木県,芳賀郡市貝町,赤羽
3213422,トチギケン,ハガグンイチカイマチ,イシオロシ,栃木県,芳賀郡市貝町,石下
3213423,トチギケン,ハガグンイチカイマチ,イチハナ,栃木県,芳賀郡市貝町,市塙
3213405,トチギケン,ハガグンイチカイマチ,オオヤツ,栃木県,芳賀郡市貝町,大谷津
3213424,トチギケン,ハガグンイチカイマチ,カミネ,栃木県,芳賀郡市貝町,上根
3213411,トチギケン,ハガグンイチカイマチ,カリウタ,栃木県,芳賀郡市貝町,刈生田
3213421,トチギケン,ハガグンイチカイマチ,ササハラダ,栃木県,芳賀郡市貝町,笹原田
3213406,トチギケン,ハガグンイチカイマチ,シオダ,栃木県,芳賀郡市貝町,塩田
3213414,トチギケン,ハガグンイチカイマチ,シュウガイ,栃木県,芳賀郡市貝町,椎谷
3213415,トチギケン,ハガグンイチカイマチ,スギヤマ,栃木県,芳賀郡市貝町,杉山
3213401,トチギケン,ハガグンイチカイマチ,タケウチ,栃木県,芳賀郡市貝町,竹内
3213425,トチギケン,ハガグンイチカイマチ,タタラ,栃木県,芳賀郡市貝町,多田羅
3213412,トチギケン,ハガグンイチカイマチ,タノベ,栃木県,芳賀郡市貝町,田野辺
3213404,トチギケン,ハガグンイチカイマチ,ツヅキヤ,栃木県,芳賀郡市貝町,続谷
3213403,トチギケン,ハガグンイチカイマチ,ハブツ,栃木県,芳賀郡市貝町,羽仏
3213413,トチギケン,ハガグンイチカイマチ,フミヤ,栃木県,芳賀郡市貝町,文谷
3213402,トチギケン,ハガグンイチカイマチ,ミアゲ,栃木県,芳賀郡市貝町,見上
3213300,トチギケン,ハガグンハガマチ,イカニケイサイガナイバアイ,栃木県,芳賀郡芳賀町,以下に掲載がない場合
3213303,トチギケン,ハガグンハガマチ,イナゲタ,栃木県,芳賀郡芳賀町,稲毛田
3213314,トチギケン,ハガグンハガマチ,ウチゴシンデン,栃木県,芳賀郡芳賀町,打越新田
3213304,トチギケン,ハガグンハガマチ,ウバガイ,栃木県,芳賀郡芳賀町,祖母井
3213307,トチギケン,ハガグンハガマチ,ウバガイミナミ,栃木県,芳賀郡芳賀町,祖母井南
3213302,トチギケン,ハガグンハガマチ,カミイナゲタ,栃木県,芳賀郡芳賀町,上稲毛田
3213311,トチギケン,ハガグンハガマチ,カミノブ,栃木県,芳賀郡芳賀町,上延生
3213323,トチギケン,ハガグンハガマチ,キタナガシマ,栃木県,芳賀郡芳賀町,北長島
3213301,トチギケン,ハガグンハガマチ,キュウブ,栃木県,芳賀郡芳賀町,給部
3213321,トチギケン,ハガグンハガマチ,シモタカネザワ,栃木県,芳賀郡芳賀町,下高根沢
3213312,トチギケン,ハガグンハガマチ,シモノブ,栃木県,芳賀郡芳賀町,下延生
3213315,トチギケン,ハガグンハガマチ,ニシタカハシ,栃木県,芳賀郡芳賀町,西高橋
3213324,トチギケン,ハガグンハガマチ,ニシミズヌマ,栃木県,芳賀郡芳賀町,西水沼
3213325,トチギケン,ハガグンハガマチ,ハガダイ,栃木県,芳賀郡芳賀町,芳賀台
3213313,トチギケン,ハガグンハガマチ,ヒガシタカハシ,栃木県,芳賀郡芳賀町,東高橋
3213322,トチギケン,ハガグンハガマチ,ヒガシミズヌマ,栃木県,芳賀郡芳賀町,東水沼
3213305,トチギケン,ハガグンハガマチ,ホウシト,栃木県,芳賀郡芳賀町,芳志戸
3213306,トチギケン,ハガグンハガマチ,ヤツギ,栃木県,芳賀郡芳賀町,八ツ木
3213316,トチギケン,ハガグンハガマチ,ヨノウ,栃木県,芳賀郡芳賀町,与能
3210200,トチギケン,シモツガグンミブマチ,イカニケイサイガナイバアイ,栃木県,下都賀郡壬生町,以下に掲載がない場合
3210206,トチギケン,シモツガグンミブマチ,アケボノチョウ,栃木県,下都賀郡壬生町,あけぼの町
3210213,トチギケン,シモツガグンミブマチ,イズミチョウ,栃木県,下都賀郡壬生町,いずみ町
3210222,トチギケン,シモツガグンミブマチ,エキヒガシチョウ,栃木県,下都賀郡壬生町,駅東町
3210218,トチギケン,シモツガグンミブマチ,オチアイ,栃木県,下都賀郡壬生町,落合
3210202,トチギケン,シモツガグンミブマチ,オモチャノマチ,栃木県,下都賀郡壬生町,おもちゃのまち
3210224,トチギケン,シモツガグンミブマチ,オモテマチ,栃木県,下都賀郡壬生町,表町
3210236,トチギケン,シモツガグンミブマチ,カミイナバ,栃木県,下都賀郡壬生町,上稲葉
3210231,トチギケン,シモツガグンミブマチ,カミダ,栃木県,下都賀郡壬生町,上田
3210207,トチギケン,シモツガグンミブマチ,キタコバヤシ,栃木県,下都賀郡壬生町,北小林
3210211,トチギケン,シモツガグンミブマチ,クニヤ,栃木県,下都賀郡壬生町,国谷
3210212,トチギケン,シモツガグンミブマチ,コトブキチョウ,栃木県,下都賀郡壬生町,寿町
3210203,トチギケン,シモツガグンミブマチ,サイワイチョウ,栃木県,下都賀郡壬生町,幸町
3210217,トチギケン,シモツガグンミブマチ,シホウ,栃木県,下都賀郡壬生町,至宝
3210237,トチギケン,シモツガグンミブマチ,シモイナバ,栃木県,下都賀郡壬生町,下稲葉
3210233,トチギケン,シモツガグンミブマチ,スケガイ,栃木県,下都賀郡壬生町,助谷
3210228,トチギケン,シモツガグンミブマチ,ダイシチョウ,栃木県,下都賀郡壬生町,大師町
3210226,トチギケン,シモツガグンミブマチ,チュウオウチョウ,栃木県,下都賀郡壬生町,中央町
3210227,トチギケン,シモツガグンミブマチ,トオリマチ,栃木県,下都賀郡壬生町,通町
3210232,トチギケン,シモツガグンミブマチ,ナカイズミ,栃木県,下都賀郡壬生町,中泉
3210235,トチギケン,シモツガグンミブマチ,ナナツイシ,栃木県,下都賀郡壬生町,七ツ石
3210234,トチギケン,シモツガグンミブマチ,ハニュウダ,栃木県,下都賀郡壬生町,羽生田
3210219,トチギケン,シモツガグンミブマチ,フクワダ,栃木県,下都賀郡壬生町,福和田
3210221,トチギケン,シモツガグンミブマチ,フジイ,栃木県,下都賀郡壬生町,藤井
3210225,トチギケン,シモツガグンミブマチ,ホンマル,栃木県,下都賀郡壬生町,本丸
3210204,トチギケン,シモツガグンミブマチ,ミドリチョウ,栃木県,下都賀郡壬生町,緑町
3210214,トチギケン,シモツガグンミブマチ,ミブコウ,栃木県,下都賀郡壬生町,壬生甲
3210215,トチギケン,シモツガグンミブマチ,ミブオツ,栃木県,下都賀郡壬生町,壬生乙
3210216,トチギケン,シモツガグンミブマチ,ミブテイ,栃木県,下都賀郡壬生町,壬生丁
3210238,トチギケン,シモツガグンミブマチ,ミブハニュウダサンギョウダンチ,栃木県,下都賀郡壬生町,みぶ羽生田産業団地
3210223,トチギケン,シモツガグンミブマチ,モトマチ,栃木県,下都賀郡壬生町,元町
3210201,トチギケン,シモツガグンミブマチ,ヤスヅカ,栃木県,下都賀郡壬生町,安塚
3210205,トチギケン,シモツガグンミブマチ,ワカクサチョウ,栃木県,下都賀郡壬生町,若草町
3290100,トチギケン,シモツガグンノギマチ,イカニケイサイガナイバアイ,栃木県,下都賀郡野木町,以下に掲載がない場合
3290102,トチギケン,シモツガグンノギマチ,ウルウジマ,栃木県,下都賀郡野木町,潤島
3290105,トチギケン,シモツガグンノギマチ,カワダ,栃木県,下都賀郡野木町,川田
3290104,トチギケン,シモツガグンノギマチ,サガワノ,栃木県,下都賀郡野木町,佐川野
3290101,トチギケン,シモツガグンノギマチ,トモヌマ,栃木県,下都賀郡野木町,友沼
3290113,トチギケン,シモツガグンノギマチ,ナカヤ,栃木県,下都賀郡野木町,中谷
3290114,トチギケン,シモツガグンノギマチ,ノギ,栃木県,下都賀郡野木町,野木
3290115,トチギケン,シモツガグンノギマチ,ノワタ,栃木県,下都賀郡野木町,野渡
3290111,トチギケン,シモツガグンノギマチ,マルバヤシ,栃木県,下都賀郡野木町,丸林
3290112,トチギケン,シモツガグンノギマチ,ミナミアカツカ,栃木県,下都賀郡野木町,南赤塚
3290103,トチギケン,シモツガグンノギマチ,ワカバヤシ,栃木県,下都賀郡野木町,若林
3292200,トチギケン,シオヤグンシオヤマチ,イカニケイサイガナイバアイ,栃木県,塩谷郡塩谷町,以下に掲載がない場合
3292225,トチギケン,シオヤグンシオヤマチ,イイオカ,栃木県,塩谷郡塩谷町,飯岡
3292337,トチギケン,シオヤグンシオヤマチ,イズミ,栃木県,塩谷郡塩谷町,泉
3292339,トチギケン,シオヤグンシオヤマチ,ウワサワ,栃木県,塩谷郡塩谷町,上沢
3292335,トチギケン,シオヤグンシオヤマチ,ウワタイラ,栃木県,塩谷郡塩谷町,上平
3292334,トチギケン,シオヤグンシオヤマチ,オオクボ,栃木県,塩谷郡塩谷町,大久保
3292332,トチギケン,シオヤグンシオヤマチ,オオミヤ,栃木県,塩谷郡塩谷町,大宮
3292336,トチギケン,シオヤグンシオヤマチ,カザミ,栃木県,塩谷郡塩谷町,風見
3292338,トチギケン,シオヤグンシオヤマチ,カザミヤマダ,栃木県,塩谷郡塩谷町,風見山田
3292224,トチギケン,シオヤグンシオヤマチ,カナエダ,栃木県,塩谷郡塩谷町,金枝
3212501,トチギケン,シオヤグンシオヤマチ,カミテラシマ（１６５３、１６６１、１６７８、１６９４バンチ）,栃木県,塩谷郡塩谷町,上寺島（１６５３、１６６１、１６７８、１６９４番地）
3292216,トチギケン,シオヤグンシオヤマチ,カミテラシマ（ソノタ）,栃木県,塩谷郡塩谷町,上寺島（その他）
3292212,トチギケン,シオヤグンシオヤマチ,キザミ,栃木県,塩谷郡塩谷町,喜佐見
3292213,トチギケン,シオヤグンシオヤマチ,クマノキ,栃木県,塩谷郡塩谷町,熊ノ木
3292442,トチギケン,シオヤグンシオヤマチ,サヌキ,栃木県,塩谷郡塩谷町,佐貫
3292215,トチギケン,シオヤグンシオヤマチ,シモテラシマ,栃木県,塩谷郡塩谷町,下寺島
3292331,トチギケン,シオヤグンシオヤマチ,タドコロ,栃木県,塩谷郡塩谷町,田所
3292221,トチギケン,シオヤグンシオヤマチ,タマニュウ,栃木県,塩谷郡塩谷町,玉生
3292222,トチギケン,シオヤグンシオヤマチ,ドウシタ,栃木県,塩谷郡塩谷町,道下
3292211,トチギケン,シオヤグンシオヤマチ,トバシンデン,栃木県,塩谷郡塩谷町,鳥羽新田
3292223,トチギケン,シオヤグンシオヤマチ,ハラオギノメ,栃木県,塩谷郡塩谷町,原荻野目
3292214,トチギケン,シオヤグンシオヤマチ,ヒガシボウ,栃木県,塩谷郡塩谷町,東房
3292333,トチギケン,シオヤグンシオヤマチ,ヒジウチ,栃木県,塩谷郡塩谷町,肘内
3292441,トチギケン,シオヤグンシオヤマチ,フニュウ,栃木県,塩谷郡塩谷町,船生
3292226,トチギケン,シオヤグンシオヤマチ,ヨシバシンデン,栃木県,塩谷郡塩谷町,芦場新田
3291200,トチギケン,シオヤグンタカネザワマチ,イカニケイサイガナイバアイ,栃木県,塩谷郡高根沢町,以下に掲載がない場合
3291205,トチギケン,シオヤグンタカネザワマチ,イイムロ,栃木県,塩谷郡高根沢町,飯室
3291225,トチギケン,シオヤグンタカネザワマチ,イシズエ,栃木県,塩谷郡高根沢町,石末
3291217,トチギケン,シオヤグンタカネザワマチ,オオタ,栃木県,塩谷郡高根沢町,太田
3291226,トチギケン,シオヤグンタカネザワマチ,オオヤ,栃木県,塩谷郡高根沢町,大谷
3291201,トチギケン,シオヤグンタカネザワマチ,カキノキザワ,栃木県,塩谷郡高根沢町,柿木沢
3291235,トチギケン,シオヤグンタカネザワマチ,カミアクツ,栃木県,塩谷郡高根沢町,上阿久津
3291212,トチギケン,シオヤグンタカネザワマチ,カミカシワザキ,栃木県,塩谷郡高根沢町,上柏崎
3291224,トチギケン,シオヤグンタカネザワマチ,カミタカネザワ,栃木県,塩谷郡高根沢町,上高根沢
3291211,トチギケン,シオヤグンタカネザワマチ,カメナシ,栃木県,塩谷郡高根沢町,亀梨
3291215,トチギケン,シオヤグンタカネザワマチ,キュウブ,栃木県,塩谷郡高根沢町,給部
3291223,トチギケン,シオヤグンタカネザワマチ,クリガシマ,栃木県,塩谷郡高根沢町,栗ケ島
3291216,トチギケン,シオヤグンタカネザワマチ,クワクボ,栃木県,塩谷郡高根沢町,桑窪
3291232,トチギケン,シオヤグンタカネザワマチ,コウヨウダイ,栃木県,塩谷郡高根沢町,光陽台
3291213,トチギケン,シオヤグンタカネザワマチ,シモカシワザキ,栃木県,塩谷郡高根沢町,下柏崎
3291222,トチギケン,シオヤグンタカネザワマチ,テラワタド,栃木県,塩谷郡高根沢町,寺渡戸
3291234,トチギケン,シオヤグンタカネザワマチ,ナカアクツ,栃木県,塩谷郡高根沢町,中阿久津
3291214,トチギケン,シオヤグンタカネザワマチ,ナカカシワザキ,栃木県,塩谷郡高根沢町,中柏崎
3291221,トチギケン,シオヤグンタカネザワマチ,ニシゴウヤ,栃木県,塩谷郡高根沢町,西高谷
3291202,トチギケン,シオヤグンタカネザワマチ,ハサマタ,栃木県,塩谷郡高根沢町,狭間田
3291207,トチギケン,シオヤグンタカネザワマチ,ハナオカ,栃木県,塩谷郡高根沢町,花岡
3291206,トチギケン,シオヤグンタカネザワマチ,ヒラタ,栃木県,塩谷郡高根沢町,平田
3291203,トチギケン,シオヤグンタカネザワマチ,フスク,栃木県,塩谷郡高根沢町,伏久
3291204,トチギケン,シオヤグンタカネザワマチ,フバサミ,栃木県,塩谷郡高根沢町,文挾
3291233,トチギケン,シオヤグンタカネザワマチ,ホウシャクジ,栃木県,塩谷郡高根沢町,宝積寺
3291231,トチギケン,シオヤグンタカネザワマチ,ホウセキダイ,栃木県,塩谷郡高根沢町,宝石台
3293200,トチギケン,ナスグンナスマチ,イカニケイサイガナイバアイ,栃木県,那須郡那須町,以下に掲載がない場合
3293443,トチギケン,ナスグンナスマチ,アシノ,栃木県,那須郡那須町,芦野
3293432,トチギケン,ナスグンナスマチ,アズサ,栃木県,那須郡那須町,梓
3293436,トチギケン,ナスグンナスマチ,イオウノ,栃木県,那須郡那須町,伊王野
3293447,トチギケン,ナスグンナスマチ,イナザワ,栃木県,那須郡那須町,稲沢
3293221,トチギケン,ナスグンナスマチ,ウルシツカ,栃木県,那須郡那須町,漆塚
3293223,トチギケン,ナスグンナスマチ,オオシマ,栃木県,那須郡那須町,大島
3293431,トチギケン,ナスグンナスマチ,オオハタ,栃木県,那須郡那須町,大畑
3293433,トチギケン,ナスグンナスマチ,オオワス,栃木県,那須郡那須町,大和須
3250304,トチギケン,ナスグンナスマチ,タカクコウ（２８８８、４５９５、５２３５−６０１９、６０２１−６１１２、６１１４−６１４１、６３２８、６４３７、６４３８）,栃木県,那須郡那須町,高久甲（２８８８、４５９５、５２３５〜６０１９、６０２１〜６１１２、６１１４〜６１４１、６３２８、６４３７、６４３８）
3250001,トチギケン,ナスグンナスマチ,タカクコウ（ソノタ）,栃木県,那須郡那須町,高久甲（その他）
3250303,トチギケン,ナスグンナスマチ,タカクオツ,栃木県,那須郡那須町,高久乙
3250002,トチギケン,ナスグンナスマチ,タカクヘイ（ホヅミ、ヤマナシ）,栃木県,那須郡那須町,高久丙（穂積、山梨子）
3250302,トチギケン,ナスグンナスマチ,タカクヘイ（ソノタ）,栃木県,那須郡那須町,高久丙（その他）
3293444,トチギケン,ナスグンナスマチ,テラコ（７０−１８０バンチ）,栃木県,那須郡那須町,寺子（７０〜１８０番地）
3250003,トチギケン,ナスグンナスマチ,テラコオツ（７２０バンチ）,栃木県,那須郡那須町,寺子乙（７２０番地）
3293215,トチギケン,ナスグンナスマチ,テラコオツ（ソノタ）,栃木県,那須郡那須町,寺子乙（その他）
3293222,トチギケン,ナスグンナスマチ,テラコヘイ,栃木県,那須郡那須町,寺子丙
3293212,トチギケン,ナスグンナスマチ,トミオカ,栃木県,那須郡那須町,富岡
3293213,トチギケン,ナスグンナスマチ,トヨハラ,栃木県,那須郡那須町,豊原
3293211,トチギケン,ナスグンナスマチ,トヨハラコウ,栃木県,那須郡那須町,豊原甲
3293224,トチギケン,ナスグンナスマチ,トヨハラオツ,栃木県,那須郡那須町,豊原乙
3293225,トチギケン,ナスグンナスマチ,トヨハラヘイ,栃木県,那須郡那須町,豊原丙
3293446,トチギケン,ナスグンナスマチ,ヌマノイ,栃木県,那須郡那須町,沼野井
3293445,トチギケン,ナスグンナスマチ,ヒガシイワザキ,栃木県,那須郡那須町,東岩崎
3293437,トチギケン,ナスグンナスマチ,ミノザワ,栃木県,那須郡那須町,蓑沢
3293435,トチギケン,ナスグンナスマチ,ムツヤ,栃木県,那須郡那須町,睦家
3293434,トチギケン,ナスグンナスマチ,ヤナゼ,栃木県,那須郡那須町,梁瀬
3250301,トチギケン,ナスグンナスマチ,ユモト,栃木県,那須郡那須町,湯本
3293214,トチギケン,ナスグンナスマチ,ヨコオカ（１５６３、１６６０、１６７０、１７２８、１７３６、１７４８、１７６７−４バンチ）,栃木県,那須郡那須町,横岡（１５６３、１６６０、１６７０、１７２８、１７３６、１７４８、１７６７−４番地）
3293442,トチギケン,ナスグンナスマチ,ヨコオカ（ソノタ）,栃木県,那須郡那須町,横岡（その他）
3293441,トチギケン,ナスグンナスマチ,ヨリイ,栃木県,那須郡那須町,寄居
3240600,トチギケン,ナスグンナカガワマチ,イカニケイサイガナイバアイ,栃木県,那須郡那珂川町,以下に掲載がない場合
3240605,トチギケン,ナスグンナカガワマチ,オオウチ,栃木県,那須郡那珂川町,大内
3240606,トチギケン,ナスグンナカガワマチ,オオナチ,栃木県,那須郡那珂川町,大那地
3240601,トチギケン,ナスグンナカガワマチ,オオヤマダカミゴウ,栃木県,那須郡那珂川町,大山田上郷
3240602,トチギケン,ナスグンナカガワマチ,オオヤマダシモゴウ,栃木県,那須郡那珂川町,大山田下郷
3240501,トチギケン,ナスグンナカガワマチ,オガワ,栃木県,那須郡那珂川町,小川
3240503,トチギケン,ナスグンナカガワマチ,オンダ,栃木県,那須郡那珂川町,恩田
3240515,トチギケン,ナスグンナカガワマチ,カタヒラ,栃木県,那須郡那珂川町,片平
3240617,トチギケン,ナスグンナカガワマチ,キタムカダ,栃木県,那須郡那珂川町,北向田
3240504,トチギケン,ナスグンナカガワマチ,クズリ,栃木県,那須郡那珂川町,薬利
3240614,トチギケン,ナスグンナカガワマチ,クナセ,栃木県,那須郡那珂川町,久那瀬
3240611,トチギケン,ナスグンナカガワマチ,コイサゴ,栃木県,那須郡那珂川町,小砂
3240618,トチギケン,ナスグンナカガワマチ,コグチ,栃木県,那須郡那珂川町,小口
3240506,トチギケン,ナスグンナカガワマチ,ジョウホウジ,栃木県,那須郡那珂川町,浄法寺
3240513,トチギケン,ナスグンナカガワマチ,シラク,栃木県,那須郡那珂川町,白久
3240514,トチギケン,ナスグンナカガワマチ,タカオカ,栃木県,那須郡那珂川町,高岡
3240608,トチギケン,ナスグンナカガワマチ,タケブ,栃木県,那須郡那珂川町,健武
3240616,トチギケン,ナスグンナカガワマチ,トミヤマ,栃木県,那須郡那珂川町,富山
3240613,トチギケン,ナスグンナカガワマチ,バトウ,栃木県,那須郡那珂川町,馬頭
3240516,トチギケン,ナスグンナカガワマチ,ヒガシトダ,栃木県,那須郡那珂川町,東戸田
3240615,トチギケン,ナスグンナカガワマチ,マツノ,栃木県,那須郡那珂川町,松野
3240502,トチギケン,ナスグンナカガワマチ,ミワ,栃木県,那須郡那珂川町,三輪
3240604,トチギケン,ナスグンナカガワマチ,モリイズミ,栃木県,那須郡那珂川町,盛泉
3240603,トチギケン,ナスグンナカガワマチ,ヤカワ,栃木県,那須郡那珂川町,谷川
3240512,トチギケン,ナスグンナカガワマチ,ヤダ,栃木県,那須郡那珂川町,谷田
3240607,トチギケン,ナスグンナカガワマチ,ヤマタ,栃木県,那須郡那珂川町,矢又
3240505,トチギケン,ナスグンナカガワマチ,ヨシイ,栃木県,那須郡那珂川町,芳井
3240511,トチギケン,ナスグンナカガワマチ,ヨシダ,栃木県,那須郡那珂川町,吉田
3240612,トチギケン,ナスグンナカガワマチ,ワミ,栃木県,那須郡那珂川町,和見
