5200000,シガケン,オオツシ,イカニケイサイガナイバアイ,滋賀県,大津市,以下に掲載がない場合
5202101,シガケン,オオツシ,アオヤマ,滋賀県,大津市,青山
5200864,シガケン,オオツシ,アカオチョウ,滋賀県,大津市,赤尾町
5200003,シガケン,オオツシ,アカネチョウ,滋賀県,大津市,あかね町
5200822,シガケン,オオツシ,アキバダイ,滋賀県,大津市,秋葉台
5200533,シガケン,オオツシ,アサヒ,滋賀県,大津市,朝日
5200052,シガケン,オオツシ,アサヒガオカ,滋賀県,大津市,朝日が丘
5200114,シガケン,オオツシ,アノウ,滋賀県,大津市,穴太
5200513,シガケン,オオツシ,アラカワ,滋賀県,大津市,荒川
5200832,シガケン,オオツシ,アワヅチョウ,滋賀県,大津市,粟津町
5200356,シガケン,オオツシ,イカダチカミザイジチョウ,滋賀県,大津市,伊香立上在地町
5200352,シガケン,オオツシ,イカダチシモザイジチョウ,滋賀県,大津市,伊香立下在地町
5200362,シガケン,オオツシ,イカダチカミリュウゲチョウ,滋賀県,大津市,伊香立上龍華町
5200363,シガケン,オオツシ,イカダチシモリュウゲチョウ,滋賀県,大津市,伊香立下龍華町
5200351,シガケン,オオツシ,イカダチキタザイジチョウ,滋賀県,大津市,伊香立北在地町
5200361,シガケン,オオツシ,イカダチトチュウチョウ,滋賀県,大津市,伊香立途中町
5200355,シガケン,オオツシ,イカダチナマヅチョウ,滋賀県,大津市,伊香立生津町
5200354,シガケン,オオツシ,イカダチミナミショウチョウ,滋賀県,大津市,伊香立南庄町
5200353,シガケン,オオツシ,イカダチムカイザイジチョウ,滋賀県,大津市,伊香立向在地町
5200827,シガケン,オオツシ,イケノサト,滋賀県,大津市,池の里
5202272,シガケン,オオツシ,イシズエ,滋賀県,大津市,石居
5200805,シガケン,オオツシ,イシバ,滋賀県,大津市,石場
5200869,シガケン,オオツシ,イシヤマウチハタチョウ,滋賀県,大津市,石山内畑町
5200860,シガケン,オオツシ,イシヤマセンチョウ,滋賀県,大津市,石山千町
5200868,シガケン,オオツシ,イシヤマソトハタチョウ,滋賀県,大津市,石山外畑町
5200861,シガケン,オオツシ,イシヤマデラ,滋賀県,大津市,石山寺
5200866,シガケン,オオツシ,イシヤマテラベチョウ,滋賀県,大津市,石山寺辺町
5202153,シガケン,オオツシ,イチリヤマ,滋賀県,大津市,一里山
5202271,シガケン,オオツシ,イナヅ,滋賀県,大津市,稲津
5200065,シガケン,オオツシ,イナバダイ,滋賀県,大津市,稲葉台
5200241,シガケン,オオツシ,イマカタタ,滋賀県,大津市,今堅田
5200806,シガケン,オオツシ,ウチデハマ,滋賀県,大津市,打出浜
5200051,シガケン,オオツシ,ウメバヤシ,滋賀県,大津市,梅林
5202275,シガケン,オオツシ,エダ,滋賀県,大津市,枝
5200064,シガケン,オオツシ,オイワケチョウ,滋賀県,大津市,追分町
5200054,シガケン,オオツシ,オウサカ,滋賀県,大津市,逢坂
5200025,シガケン,オオツシ,オウジガオカ,滋賀県,大津市,皇子が丘
5202267,シガケン,オオツシ,オオイシオダワラ,滋賀県,大津市,大石小田原
5202267,シガケン,オオツシ,オオイシオダワラチョウ,滋賀県,大津市,大石小田原町
5202261,シガケン,オオツシ,オオイシソツカ,滋賀県,大津市,大石曽束
5202261,シガケン,オオツシ,オオイシソツカチョウ,滋賀県,大津市,大石曽束町
5202265,シガケン,オオツシ,オオイシトミカワ,滋賀県,大津市,大石富川
5202265,シガケン,オオツシ,オオイシトミカワチョウ,滋賀県,大津市,大石富川町
5202263,シガケン,オオツシ,オオイシナカ,滋賀県,大津市,大石中
5202264,シガケン,オオツシ,オオイシヒガシ,滋賀県,大津市,大石東
5202262,シガケン,オオツシ,オオイシヨド,滋賀県,大津市,大石淀
5202262,シガケン,オオツシ,オオイシヨドチョウ,滋賀県,大津市,大石淀町
5202266,シガケン,オオツシ,オオイシリュウモン,滋賀県,大津市,大石龍門
5202141,シガケン,オオツシ,オオエ,滋賀県,大津市,大江
5202144,シガケン,オオツシ,オオガヤ,滋賀県,大津市,大萱
5200247,シガケン,オオツシ,オオギ,滋賀県,大津市,仰木
5200245,シガケン,オオツシ,オオギチョウ,滋賀県,大津市,仰木町
5200246,シガケン,オオツシ,オオギノサト,滋賀県,大津市,仰木の里
5200248,シガケン,オオツシ,オオギノサトヒガシ,滋賀県,大津市,仰木の里東
5200062,シガケン,オオツシ,オオタニチョウ,滋賀県,大津市,大谷町
5202118,シガケン,オオツシ,オオドリイ,滋賀県,大津市,大鳥居
5200867,シガケン,オオツシ,オオヒラ,滋賀県,大津市,大平
5200101,シガケン,オオツシ,オゴト,滋賀県,大津市,雄琴
5200107,シガケン,オオツシ,オゴトキタ,滋賀県,大津市,雄琴北
5200053,シガケン,オオツシ,オトワダイ,滋賀県,大津市,音羽台
5200525,シガケン,オオツシ,オノ,滋賀県,大津市,小野
5200031,シガケン,オオツシ,オバナガワ,滋賀県,大津市,尾花川
5200036,シガケン,オオツシ,オンジョウジチョウ,滋賀県,大津市,園城寺町
5200012,シガケン,オオツシ,カガミガハマ,滋賀県,大津市,鏡が浜
5200055,シガケン,オオツシ,カスガチョウ,滋賀県,大津市,春日町
5200243,シガケン,オオツシ,カタタ,滋賀県,大津市,堅田
5200473,シガケン,オオツシ,カツラガワウメノキチョウ,滋賀県,大津市,葛川梅ノ木町
5200477,シガケン,オオツシ,カツラガワキドグチチョウ,滋賀県,大津市,葛川木戸口町
5200478,シガケン,オオツシ,カツラガワサカシタチョウ,滋賀県,大津市,葛川坂下町
5200476,シガケン,オオツシ,カツラガワナカムラチョウ,滋賀県,大津市,葛川中村町
5200472,シガケン,オオツシ,カツラガワヌクイチョウ,滋賀県,大津市,葛川貫井町
5200471,シガケン,オオツシ,カツラガワホソカワチョウ,滋賀県,大津市,葛川細川町
5200475,シガケン,オオツシ,カツラガワボウムラチョウ,滋賀県,大津市,葛川坊村町
5200474,シガケン,オオツシ,カツラガワマチイチョウ,滋賀県,大津市,葛川町居町
5202161,シガケン,オオツシ,カミタナカミキリュウチョウ,滋賀県,大津市,上田上桐生町
5202167,シガケン,オオツシ,カミタナカミシバハラチョウ,滋賀県,大津市,上田上芝原町
5202165,シガケン,オオツシ,カミタナカミシンメチョウ,滋賀県,大津市,上田上新免町
5202166,シガケン,オオツシ,カミタナカミドウチョウ,滋賀県,大津市,上田上堂町
5202164,シガケン,オオツシ,カミタナカミナカノチョウ,滋賀県,大津市,上田上中野町
5202163,シガケン,オオツシ,カミタナカミヒラノチョウ,滋賀県,大津市,上田上平野町
5202162,シガケン,オオツシ,カミタナカミマキチョウ,滋賀県,大津市,上田上牧町
5200061,シガケン,オオツシ,カミデヒラキマチ,滋賀県,大津市,神出開町
5202143,シガケン,オオツシ,カヤノウラ,滋賀県,大津市,萱野浦
5200106,シガケン,オオツシ,カラサキ,滋賀県,大津市,唐崎
5200851,シガケン,オオツシ,カラハシチョウ,滋賀県,大津市,唐橋町
5200013,シガケン,オオツシ,カンガク,滋賀県,大津市,勧学
5200032,シガケン,オオツシ,カンノンジ,滋賀県,大津市,観音寺
5200843,シガケン,オオツシ,キタオオジ,滋賀県,大津市,北大路
5200501,シガケン,オオツシ,キタコマツ,滋賀県,大津市,北小松
5200503,シガケン,オオツシ,キタヒラ,滋賀県,大津市,北比良
5200514,シガケン,オオツシ,キド,滋賀県,大津市,木戸
5200244,シガケン,オオツシ,キヌガワ,滋賀県,大津市,衣川
5200812,シガケン,オオツシ,キノシタチョウ,滋賀県,大津市,木下町
5200044,シガケン,オオツシ,キョウマチ,滋賀県,大津市,京町
5202111,シガケン,オオツシ,キリュウ,滋賀県,大津市,桐生
5202151,シガケン,オオツシ,クリバヤシチョウ,滋賀県,大津市,栗林町
5200527,シガケン,オオツシ,クリハラ,滋賀県,大津市,栗原
5202279,シガケン,オオツシ,クロヅ,滋賀県,大津市,黒津
5200224,シガケン,オオツシ,コウヨウチョウ,滋賀県,大津市,向陽町
5200844,シガケン,オオツシ,コクブ,滋賀県,大津市,国分
5200821,シガケン,オオツシ,コジョウガオカ,滋賀県,大津市,湖城が丘
5200532,シガケン,オオツシ,コセイ,滋賀県,大津市,湖青
5200035,シガケン,オオツシ,コゼキチョウ,滋賀県,大津市,小関町
5200834,シガケン,オオツシ,ゴテンハマ,滋賀県,大津市,御殿浜
5200103,シガケン,オオツシ,コノオカチョウ,滋賀県,大津市,木の岡町
5200037,シガケン,オオツシ,ゴリョウチョウ,滋賀県,大津市,御陵町
5200002,シガケン,オオツシ,サイガワ,滋賀県,大津市,際川
5200855,シガケン,オオツシ,サカエマチ,滋賀県,大津市,栄町
5200113,シガケン,オオツシ,サカモト,滋賀県,大津市,坂本
5200116,シガケン,オオツシ,サカモトホンマチ,滋賀県,大津市,坂本本町
5200816,シガケン,オオツシ,サガミチョウ,滋賀県,大津市,相模町
5200026,シガケン,オオツシ,サクラノチョウ,滋賀県,大津市,桜野町
5202276,シガケン,オオツシ,サト,滋賀県,大津市,里
5202131,シガケン,オオツシ,サンダイジ,滋賀県,大津市,三大寺
5200006,シガケン,オオツシ,シガサト,滋賀県,大津市,滋賀里
5202117,シガケン,オオツシ,シバハラ,滋賀県,大津市,芝原
5200042,シガケン,オオツシ,シマノセキ,滋賀県,大津市,島の関
5200105,シガケン,オオツシ,シモサカモト,滋賀県,大津市,下阪本
5202135,シガケン,オオツシ,ショウヨウ,滋賀県,大津市,松陽
5200817,シガケン,オオツシ,ショウワチョウ,滋賀県,大津市,昭和町
5200015,シガケン,オオツシ,ジングウチョウ,滋賀県,大津市,神宮町
5202115,シガケン,オオツシ,シンメン,滋賀県,大津市,新免
5202132,シガケン,オオツシ,ジンリョウ,滋賀県,大津市,神領
5200531,シガケン,オオツシ,スイメイ,滋賀県,大津市,水明
5200056,シガケン,オオツシ,スエヒロチョウ,滋賀県,大津市,末広町
5200836,シガケン,オオツシ,スギウラチョウ,滋賀県,大津市,杉浦町
5200225,シガケン,オオツシ,セイフウチョウ,滋賀県,大津市,清風町
5200833,シガケン,オオツシ,セイラン,滋賀県,大津市,晴嵐
5200227,シガケン,オオツシ,セイワチョウ,滋賀県,大津市,清和町
5202277,シガケン,オオツシ,セキノツ,滋賀県,大津市,関津
5200815,シガケン,オオツシ,ゼゼ,滋賀県,大津市,膳所
5200825,シガケン,オオツシ,ゼゼイケノウチチョウ,滋賀県,大津市,膳所池ノ内町
5200823,シガケン,オオツシ,ゼゼカミベッポチョウ,滋賀県,大津市,膳所上別保町
5200824,シガケン,オオツシ,ゼゼヒラオチョウ,滋賀県,大津市,膳所平尾町
5202134,シガケン,オオツシ,セタ,滋賀県,大津市,瀬田
5202123,シガケン,オオツシ,セタオオエチョウ,滋賀県,大津市,瀬田大江町
5202124,シガケン,オオツシ,セタジンリョウチョウ,滋賀県,大津市,瀬田神領町
5202121,シガケン,オオツシ,セタツキノワチョウ,滋賀県,大津市,瀬田月輪町
5202125,シガケン,オオツシ,セタハシモトチョウ,滋賀県,大津市,瀬田橋本町
5202122,シガケン,オオツシ,セタミナミオオガヤチョウ,滋賀県,大津市,瀬田南大萱町
5200028,シガケン,オオツシ,センゴクダイ,滋賀県,大津市,千石台
5200863,シガケン,オオツシ,センチョウ,滋賀県,大津市,千町
5200842,シガケン,オオツシ,ソノヤマ,滋賀県,大津市,園山
5202278,シガケン,オオツシ,タイシ,滋賀県,大津市,太子
5200512,シガケン,オオツシ,ダイモツ,滋賀県,大津市,大物
5200033,シガケン,オオツシ,ダイモンドオリ,滋賀県,大津市,大門通
5200005,シガケン,オオツシ,タカサゴチョウ,滋賀県,大津市,高砂町
5200803,シガケン,オオツシ,タツガオカ,滋賀県,大津市,竜が丘
5200852,シガケン,オオツシ,タナベチョウ,滋賀県,大津市,田辺町
5202142,シガケン,オオツシ,タマノウラ,滋賀県,大津市,玉野浦
5202145,シガケン,オオツシ,タイショウグン,滋賀県,大津市,大将軍
5200111,シガケン,オオツシ,チノ,滋賀県,大津市,千野
5200023,シガケン,オオツシ,チャガサキ,滋賀県,大津市,茶が崎
5200066,シガケン,オオツシ,チャドチョウ,滋賀県,大津市,茶戸町
5200043,シガケン,オオツシ,チュウオウ,滋賀県,大津市,中央
5202152,シガケン,オオツシ,ツキノワ,滋賀県,大津市,月輪
5200826,シガケン,オオツシ,ツルノサト,滋賀県,大津市,鶴の里
5202116,シガケン,オオツシ,ドウ,滋賀県,大津市,堂
5200854,シガケン,オオツシ,トリイガワチョウ,滋賀県,大津市,鳥居川町
5200837,シガケン,オオツシ,ナカショウ,滋賀県,大津市,中庄
5202114,シガケン,オオツシ,ナカノ,滋賀県,大津市,中野
5200046,シガケン,オオツシ,ナガラ,滋賀県,大津市,長等
5200865,シガケン,オオツシ,ナンゴウ,滋賀県,大津市,南郷
5200871,シガケン,オオツシ,ナンゴウカミヤマチョウ,滋賀県,大津市,南郷上山町
5200801,シガケン,オオツシ,ニオノハマ,滋賀県,大津市,におの浜
5200027,シガケン,オオツシ,ニシコオリ,滋賀県,大津市,錦織
5200818,シガケン,オオツシ,ニシノショウ,滋賀県,大津市,西の庄
5200021,シガケン,オオツシ,ニホンマツ,滋賀県,大津市,二本松
5200102,シガケン,オオツシ,ノウカ,滋賀県,大津市,苗鹿
5202133,シガケン,オオツシ,ノゴウハラ,滋賀県,大津市,野郷原
5202273,シガケン,オオツシ,ハグリ,滋賀県,大津市,羽栗
5200001,シガケン,オオツシ,ハスイケチョウ,滋賀県,大津市,蓮池町
5200515,シガケン,オオツシ,ハチヤド,滋賀県,大津市,八屋戸
5200222,シガケン,オオツシ,ハナゾノチョウ,滋賀県,大津市,花園町
5200047,シガケン,オオツシ,ハマオオツ,滋賀県,大津市,浜大津
5200041,シガケン,オオツシ,ハママチ,滋賀県,大津市,浜町
5200802,シガケン,オオツシ,バンバ,滋賀県,大津市,馬場
5200016,シガケン,オオツシ,ヒエイダイラ,滋賀県,大津市,比叡平
5200104,シガケン,オオツシ,ヒエイツジ,滋賀県,大津市,比叡辻
5200856,シガケン,オオツシ,ヒカリガオカチョウ,滋賀県,大津市,光が丘町
5200112,シガケン,オオツシ,ヒヨシダイ,滋賀県,大津市,日吉台
5200862,シガケン,オオツシ,ヒラツ,滋賀県,大津市,平津
5202113,シガケン,オオツシ,ヒラノ,滋賀県,大津市,平野
5200067,シガケン,オオツシ,フジオオクマチ,滋賀県,大津市,藤尾奥町
5200846,シガケン,オオツシ,フジミダイ,滋賀県,大津市,富士見台
5200045,シガケン,オオツシ,フダノツジ,滋賀県,大津市,札の辻
5200835,シガケン,オオツシ,ベツポ,滋賀県,大津市,別保
5200853,シガケン,オオツシ,ホタルダニ,滋賀県,大津市,螢谷
5200242,シガケン,オオツシ,ホンカタタ,滋賀県,大津市,本堅田
5200814,シガケン,オオツシ,ホンマルチョウ,滋賀県,大津市,本丸町
5202112,シガケン,オオツシ,マキ,滋賀県,大津市,牧
5202102,シガケン,オオツシ,マツガオカ,滋賀県,大津市,松が丘
5200831,シガケン,オオツシ,マツバラチョウ,滋賀県,大津市,松原町
5200807,シガケン,オオツシ,マツモト,滋賀県,大津市,松本
5200024,シガケン,オオツシ,マツヤマチョウ,滋賀県,大津市,松山町
5200232,シガケン,オオツシ,マノ,滋賀県,大津市,真野
5200234,シガケン,オオツシ,マノイエダチョウ,滋賀県,大津市,真野家田町
5200235,シガケン,オオツシ,マノオオノ,滋賀県,大津市,真野大野
5200236,シガケン,オオツシ,マノサガワチョウ,滋賀県,大津市,真野佐川町
5200233,シガケン,オオツシ,マノタニグチチョウ,滋賀県,大津市,真野谷口町
5200231,シガケン,オオツシ,マノフモン,滋賀県,大津市,真野普門
5200813,シガケン,オオツシ,マルノウチチョウ,滋賀県,大津市,丸の内町
5200034,シガケン,オオツシ,ミイデラチョウ,滋賀県,大津市,三井寺町
5200841,シガケン,オオツシ,ミサキチョウ,滋賀県,大津市,美崎町
5200004,シガケン,オオツシ,ミセ,滋賀県,大津市,見世
5200223,シガケン,オオツシ,ミソラチョウ,滋賀県,大津市,美空町
5200221,シガケン,オオツシ,ミドリチョウ,滋賀県,大津市,緑町
5200502,シガケン,オオツシ,ミナミコマツ,滋賀県,大津市,南小松
5200011,シガケン,オオツシ,ミナミシガ,滋賀県,大津市,南志賀
5200018,シガケン,オオツシ,ミナミシガチョウ,滋賀県,大津市,南滋賀町
5200511,シガケン,オオツシ,ミナミヒラ,滋賀県,大津市,南比良
5200516,シガケン,オオツシ,ミナミフナジ,滋賀県,大津市,南船路
5200057,シガケン,オオツシ,ミユキチョウ,滋賀県,大津市,御幸町
5200804,シガケン,オオツシ,モトミヤ,滋賀県,大津市,本宮
5202274,シガケン,オオツシ,モリ,滋賀県,大津市,森
5200022,シガケン,オオツシ,ヤナガサキ,滋賀県,大津市,柳が崎
5200014,シガケン,オオツシ,ヤナガワ,滋賀県,大津市,柳川
5200038,シガケン,オオツシ,ヤマガミチョウ,滋賀県,大津市,山上町
5200017,シガケン,オオツシ,ヤマナカチョウ,滋賀県,大津市,山中町
5200357,シガケン,オオツシ,ヤマユリノオカ,滋賀県,大津市,山百合の丘
5200115,シガケン,オオツシ,ヤヨイチョウ,滋賀県,大津市,弥生町
5200811,シガケン,オオツシ,ユミハマ,滋賀県,大津市,由美浜
5200226,シガケン,オオツシ,ヨウメイチョウ,滋賀県,大津市,陽明町
5200063,シガケン,オオツシ,ヨコギ,滋賀県,大津市,横木
5200845,シガケン,オオツシ,ワカバダイ,滋賀県,大津市,若葉台
5200524,シガケン,オオツシ,ワニイマジュク,滋賀県,大津市,和邇今宿
5200529,シガケン,オオツシ,ワニカスガ,滋賀県,大津市,和邇春日
5200521,シガケン,オオツシ,ワニキタハマ,滋賀県,大津市,和邇北浜
5200528,シガケン,オオツシ,ワニタカシロ,滋賀県,大津市,和邇高城
5200526,シガケン,オオツシ,ワニナカ,滋賀県,大津市,和邇中
5200522,シガケン,オオツシ,ワニナカハマ,滋賀県,大津市,和邇中浜
5200523,シガケン,オオツシ,ワニミナミハマ,滋賀県,大津市,和邇南浜
5220000,シガケン,ヒコネシ,イカニケイサイガナイバアイ,滋賀県,彦根市,以下に掲載がない場合
5220073,シガケン,ヒコネシ,アサヒマチ,滋賀県,彦根市,旭町
5291152,シガケン,ヒコネシ,アンジキナカマチ,滋賀県,彦根市,安食中町
5220065,シガケン,ヒコネシ,イケスチョウ,滋賀県,彦根市,池州町
5211101,シガケン,ヒコネシ,イシデラチョウ,滋賀県,彦根市,石寺町
5211125,シガケン,ヒコネシ,イナエチョウ,滋賀県,彦根市,稲枝町
5211111,シガケン,ヒコネシ,イナサトチョウ,滋賀県,彦根市,稲里町
5211113,シガケン,ヒコネシ,イナベチョウ,滋賀県,彦根市,稲部町
5220236,シガケン,ヒコネシ,イヌカタチョウ,滋賀県,彦根市,犬方町
5220239,シガケン,ヒコネシ,ウオチョウ（８９７バンチオヨビナカジマ５０５−５１８バンチ）,滋賀県,彦根市,宇尾町（８９７番地及び中島５０５〜５１８番地）
5220045,シガケン,ヒコネシ,ウオチョウ（ソノタ）,滋賀県,彦根市,宇尾町（その他）
5220010,シガケン,ヒコネシ,エキヒガシチョウ,滋賀県,彦根市,駅東町
5220034,シガケン,ヒコネシ,オオハシマチ,滋賀県,彦根市,大橋町
5220026,シガケン,ヒコネシ,オオボリチョウ,滋賀県,彦根市,大堀町
5220053,シガケン,ヒコネシ,オオヤブチョウ,滋賀県,彦根市,大藪町
5220017,シガケン,ヒコネシ,オオリチョウ,滋賀県,彦根市,男鬼町
5220037,シガケン,ヒコネシ,オカマチ,滋賀県,彦根市,岡町
5220001,シガケン,ヒコネシ,オスエチョウ,滋賀県,彦根市,尾末町
5220005,シガケン,ヒコネシ,オノチョウ,滋賀県,彦根市,小野町
5211121,シガケン,ヒコネシ,カイゼチョウ,滋賀県,彦根市,海瀬町
5220056,シガケン,ヒコネシ,カイデイマチョウ,滋賀県,彦根市,開出今町
5291155,シガケン,ヒコネシ,カタヤマチョウ,滋賀県,彦根市,賀田山町
5211112,シガケン,ヒコネシ,カナザワチョウ,滋賀県,彦根市,金沢町
5211115,シガケン,ヒコネシ,カネダチョウ,滋賀県,彦根市,金田町
5211131,シガケン,ヒコネシ,カミイナバチョウ,滋賀県,彦根市,上稲葉町
5211103,シガケン,ヒコネシ,カミオカベチョウ,滋賀県,彦根市,上岡部町
5211143,シガケン,ヒコネシ,カミニシガワチョウ,滋賀県,彦根市,上西川町
5220223,シガケン,ヒコネシ,カワセババチョウ,滋賀県,彦根市,川瀬馬場町
5220083,シガケン,ヒコネシ,カワラ,滋賀県,彦根市,河原
5220046,シガケン,ヒコネシ,カンロチョウ,滋賀県,彦根市,甘呂町
5220081,シガケン,ヒコネシ,キョウマチ,滋賀県,彦根市,京町
5291156,シガケン,ヒコネシ,キヨサキチョウ,滋賀県,彦根市,清崎町
5220088,シガケン,ヒコネシ,ギンザチョウ,滋賀県,彦根市,銀座町
5220043,シガケン,ヒコネシ,コイズミチョウ,滋賀県,彦根市,小泉町
5211141,シガケン,ヒコネシ,コウザキチョウ,滋賀県,彦根市,甲崎町
5220012,シガケン,ヒコネシ,コウタチョウ,滋賀県,彦根市,甲田町
5220238,シガケン,ヒコネシ,コウノチョウ,滋賀県,彦根市,広野町
5220231,シガケン,ヒコネシ,ゴクラクジチョウ,滋賀県,彦根市,極楽寺町
5220086,シガケン,ヒコネシ,ゴサンジョウチョウ,滋賀県,彦根市,後三条町
5220061,シガケン,ヒコネシ,コンキチョウ,滋賀県,彦根市,金亀町
5220235,シガケン,ヒコネシ,コンゴウジチョウ,滋賀県,彦根市,金剛寺町
5220021,シガケン,ヒコネシ,サイワイチョウ,滋賀県,彦根市,幸町
5220066,シガケン,ヒコネシ,サカエマチ,滋賀県,彦根市,栄町
5220019,シガケン,ヒコネシ,ササオチョウ,滋賀県,彦根市,笹尾町
5211147,シガケン,ヒコネシ,サツマチョウ,滋賀県,彦根市,薩摩町
5220022,シガケン,ヒコネシ,サトネチョウ,滋賀県,彦根市,里根町
5220075,シガケン,ヒコネシ,サワチョウ,滋賀県,彦根市,佐和町
5220006,シガケン,ヒコネシ,サワヤマチョウ,滋賀県,彦根市,佐和山町
5220029,シガケン,ヒコネシ,ジゾウチョウ,滋賀県,彦根市,地蔵町
5211132,シガケン,ヒコネシ,シモイナバチョウ,滋賀県,彦根市,下稲葉町
5211102,シガケン,ヒコネシ,シモオカベチョウ,滋賀県,彦根市,下岡部町
5211142,シガケン,ヒコネシ,シモニシガワチョウ,滋賀県,彦根市,下西川町
5220011,シガケン,ヒコネシ,シモヤグラチョウ,滋賀県,彦根市,下矢倉町
5220015,シガケン,ヒコネシ,ショウゴンジチョウ,滋賀県,彦根市,荘厳寺町
5220024,シガケン,ヒコネシ,ショウボウジチョウ,滋賀県,彦根市,正法寺町
5220068,シガケン,ヒコネシ,シロマチ,滋賀県,彦根市,城町
5211135,シガケン,ヒコネシ,シンガイチョウ,滋賀県,彦根市,新海町
5211136,シガケン,ヒコネシ,シンガイハマ,滋賀県,彦根市,新海浜
5220085,シガケン,ヒコネシ,シンマチ,滋賀県,彦根市,新町
5220058,シガケン,ヒコネシ,スゴシチョウ,滋賀県,彦根市,須越町
5220033,シガケン,ヒコネシ,セリカワチョウ,滋賀県,彦根市,芹川町
5220031,シガケン,ヒコネシ,セリナカマチ,滋賀県,彦根市,芹中町
5220087,シガケン,ヒコネシ,セリバシ,滋賀県,彦根市,芹橋
5220032,シガケン,ヒコネシ,セリマチ,滋賀県,彦根市,芹町
5220014,シガケン,ヒコネシ,ゼンダニチョウ,滋賀県,彦根市,善谷町
5291153,シガケン,ヒコネシ,タイドウチョウ,滋賀県,彦根市,太堂町
5220074,シガケン,ヒコネシ,ダイトウチョウ,滋賀県,彦根市,大東町
5220201,シガケン,ヒコネシ,タカミヤチョウ,滋賀県,彦根市,高宮町
5220044,シガケン,ヒコネシ,タケガハナチョウ,滋賀県,彦根市,竹ケ鼻町
5220062,シガケン,ヒコネシ,タチバナチョウ,滋賀県,彦根市,立花町
5211134,シガケン,ヒコネシ,タヅケチョウ,滋賀県,彦根市,田附町
5211105,シガケン,ヒコネシ,タワラチョウ,滋賀県,彦根市,田原町
5291154,シガケン,ヒコネシ,チヒロチョウ,滋賀県,彦根市,千尋町
5220063,シガケン,ヒコネシ,チュウオウチョウ,滋賀県,彦根市,中央町
5220233,シガケン,ヒコネシ,ツジドウチョウ,滋賀県,彦根市,辻堂町
5220212,シガケン,ヒコネシ,ツズラマチ,滋賀県,彦根市,葛籠町
5211104,シガケン,ヒコネシ,デッチチョウ,滋賀県,彦根市,出路町
5220214,シガケン,ヒコネシ,デマチ,滋賀県,彦根市,出町
5220042,シガケン,ヒコネシ,トガチョウ,滋賀県,彦根市,戸賀町
5220009,シガケン,ヒコネシ,トマチ,滋賀県,彦根市,外町
5220004,シガケン,ヒコネシ,トリイモトチョウ,滋賀県,彦根市,鳥居本町
5220051,シガケン,ヒコネシ,ナカヤブ,滋賀県,彦根市,中藪
5220051,シガケン,ヒコネシ,ナカヤブチョウ,滋賀県,彦根市,中藪町
5220013,シガケン,ヒコネシ,ナカヤマチョウ,滋賀県,彦根市,中山町
5220067,シガケン,ヒコネシ,ナガソネチョウ,滋賀県,彦根市,長曽根町
5220052,シガケン,ヒコネシ,ナガソネミナミチョウ,滋賀県,彦根市,長曽根南町
5220054,シガケン,ヒコネシ,ニシイマチョウ,滋賀県,彦根市,西今町
5220089,シガケン,ヒコネシ,ニシキマチ,滋賀県,彦根市,錦町
5220213,シガケン,ヒコネシ,ニシツズラマチ,滋賀県,彦根市,西葛籠町
5220038,シガケン,ヒコネシ,ニシノナミチョウ,滋賀県,彦根市,西沼波町
5291151,シガケン,ヒコネシ,ニレチョウ,滋賀県,彦根市,楡町
5220221,シガケン,ヒコネシ,ノグチチョウ,滋賀県,彦根市,野口町
5220055,シガケン,ヒコネシ,ノセチョウ,滋賀県,彦根市,野瀬町
5220025,シガケン,ヒコネシ,ノダヤマチョウ,滋賀県,彦根市,野田山町
5220036,シガケン,ヒコネシ,ノナミマチ,滋賀県,彦根市,沼波町
5211124,シガケン,ヒコネシ,ノラダチョウ,滋賀県,彦根市,野良田町
5220084,シガケン,ヒコネシ,ハシムカイチョウ,滋賀県,彦根市,橋向町
5220057,シガケン,ヒコネシ,ハッサカチョウ,滋賀県,彦根市,八坂町
5211126,シガケン,ヒコネシ,ハツトリチョウ,滋賀県,彦根市,服部町
5220023,シガケン,ヒコネシ,ハラチョウ,滋賀県,彦根市,原町
5220069,シガケン,ヒコネシ,バンバ,滋賀県,彦根市,馬場
5220027,シガケン,ヒコネシ,ヒガシノナミチョウ,滋賀県,彦根市,東沼波町
5211114,シガケン,ヒコネシ,ヒコトミチョウ,滋賀県,彦根市,彦富町
5211123,シガケン,ヒコネシ,ヒダチョウ,滋賀県,彦根市,肥田町
5220047,シガケン,ヒコネシ,ヒナツチョウ,滋賀県,彦根市,日夏町
5220041,シガケン,ヒコネシ,ヒラタチョウ,滋賀県,彦根市,平田町
5211144,シガケン,ヒコネシ,フコウジチョウ,滋賀県,彦根市,普光寺町
5220018,シガケン,ヒコネシ,ブツショウジチョウ,滋賀県,彦根市,仏生寺町
5220016,シガケン,ヒコネシ,ブナチョウ,滋賀県,彦根市,武奈町
5220072,シガケン,ヒコネシ,フナマチ,滋賀県,彦根市,船町
5220007,シガケン,ヒコネシ,フルサワチョウ,滋賀県,彦根市,古沢町
5220211,シガケン,ヒコネシ,ホウゼチョウ,滋賀県,彦根市,法士町
5220237,シガケン,ヒコネシ,ホリチョウ,滋賀県,彦根市,堀町
5211133,シガケン,ヒコネシ,ホンジョウチョウ,滋賀県,彦根市,本庄町
5220064,シガケン,ヒコネシ,ホンマチ,滋賀県,彦根市,本町
5220002,シガケン,ヒコネシ,マツバラ,滋賀県,彦根市,松原
5220002,シガケン,ヒコネシ,マツバラチョウ,滋賀県,彦根市,松原町
5211122,シガケン,ヒコネシ,ミツチョウ,滋賀県,彦根市,三津町
5220059,シガケン,ヒコネシ,ミツヤチョウ,滋賀県,彦根市,三津屋町
5220222,シガケン,ヒコネシ,ミナミカワセチョウ,滋賀県,彦根市,南川瀬町
5211145,シガケン,ヒコネシ,ミナミミツヤチョウ,滋賀県,彦根市,南三ツ谷町
5220003,シガケン,ヒコネシ,ミヤタチョウ,滋賀県,彦根市,宮田町
5220035,シガケン,ヒコネシ,モトオカマチ,滋賀県,彦根市,元岡町
5220071,シガケン,ヒコネシ,モトマチ,滋賀県,彦根市,元町
5220234,シガケン,ヒコネシ,モリドウチョウ,滋賀県,彦根市,森堂町
5220082,シガケン,ヒコネシ,ヤスキヨチョウ,滋賀県,彦根市,安清町
5220008,シガケン,ヒコネシ,ヤスキヨヒガシマチ,滋賀県,彦根市,安清東町
5211146,シガケン,ヒコネシ,ヤナガワチョウ,滋賀県,彦根市,柳川町
5220038,シガケン,ヒコネシ,ヤマノワキチョウ,滋賀県,彦根市,山之脇町
5220232,シガケン,ヒコネシ,レンダイジチョウ,滋賀県,彦根市,蓮台寺町
5220039,シガケン,ヒコネシ,ワダチョウ,滋賀県,彦根市,和田町
5260000,シガケン,ナガハマシ,イカニケイサイガナイバアイ,滋賀県,長浜市,以下に掲載がない場合
5260222,シガケン,ナガハマシ,アザイコウゲン,滋賀県,長浜市,浅井高原
5260056,シガケン,ナガハマシ,アサヒチョウ,滋賀県,長浜市,朝日町
5260126,シガケン,ナガハマシ,アンヨウジチョウ,滋賀県,長浜市,安養寺町
5260274,シガケン,ナガハマシ,イケオクチョウ,滋賀県,長浜市,池奥町
5260814,シガケン,ナガハマシ,イシダチョウ,滋賀県,長浜市,石田町
5260003,シガケン,ナガハマシ,イズミチョウ,滋賀県,長浜市,泉町
5260051,シガケン,ナガハマシ,イチノミヤチョウ,滋賀県,長浜市,一の宮町
5260133,シガケン,ナガハマシ,イナバチョウ,滋賀県,長浜市,稲葉町
5260816,シガケン,ナガハマシ,イマガワチョウ,滋賀県,長浜市,今川町
5260233,シガケン,ナガハマシ,イマジョウチョウ,滋賀県,長浜市,今荘町
5260806,シガケン,ナガハマシ,イマチョウ,滋賀県,長浜市,今町
5260211,シガケン,ナガハマシ,イヤマチョウ,滋賀県,長浜市,飯山町
5260244,シガケン,ナガハマシ,ウチボチョウ,滋賀県,長浜市,内保町
5260275,シガケン,ナガハマシ,ウリュウチョウ,滋賀県,長浜市,瓜生町
5260264,シガケン,ナガハマシ,ウワノチョウ,滋賀県,長浜市,上野町
5260833,シガケン,ナガハマシ,エイキュウジチョウ,滋賀県,長浜市,永久寺町
5260805,シガケン,ナガハマシ,エノキチョウ,滋賀県,長浜市,榎木町
5290113,シガケン,ナガハマシ,オオイチョウ,滋賀県,長浜市,大井町
5260043,シガケン,ナガハマシ,オオイヌイチョウ,滋賀県,長浜市,大戌亥町
5260066,シガケン,ナガハマシ,オオシマチョウ,滋賀県,長浜市,大島町
5260207,シガケン,ナガハマシ,オオタチョウ,滋賀県,長浜市,太田町
5260834,シガケン,ナガハマシ,オオタツミチョウ,滋賀県,長浜市,大辰巳町
5260115,シガケン,ナガハマシ,オオハマチョウ,滋賀県,長浜市,大浜町
5260832,シガケン,ナガハマシ,オオヒガシチョウ,滋賀県,長浜市,大東町
5260054,シガケン,ナガハマシ,オオミヤチョウ,滋賀県,長浜市,大宮町
5260251,シガケン,ナガハマシ,オオヨリチョウ,滋賀県,長浜市,大依町
5260205,シガケン,ナガハマシ,オカダニチョウ,滋賀県,長浜市,岡谷町
5290301,シガケン,ナガハマシ,オダニカミヤマダチョウ,滋賀県,長浜市,小谷上山田町
5290312,シガケン,ナガハマシ,オダニグジョウチョウ,滋賀県,長浜市,小谷郡上町
5290311,シガケン,ナガハマシ,オダニミノヤマチョウ,滋賀県,長浜市,小谷美濃山町
5290304,シガケン,ナガハマシ,オダニヨウノチョウ,滋賀県,長浜市,小谷丁野町
5260102,シガケン,ナガハマシ,オチアイチョウ,滋賀県,長浜市,落合町
5260243,シガケン,ナガハマシ,オチチョウ,滋賀県,長浜市,大路町
5260221,シガケン,ナガハマシ,オノデラチョウ,滋賀県,長浜市,小野寺町
5260811,シガケン,ナガハマシ,カイゴメチョウ,滋賀県,長浜市,垣籠町
5290131,シガケン,ナガハマシ,カキノキ,滋賀県,長浜市,柿ノ木
5260204,シガケン,ナガハマシ,カジヤチョウ,滋賀県,長浜市,鍛冶屋町
5260827,シガケン,ナガハマシ,カダイマチョウ,滋賀県,長浜市,加田今町
5260828,シガケン,ナガハマシ,カダチョウ,滋賀県,長浜市,加田町
5260042,シガケン,ナガハマシ,カツチョウ,滋賀県,長浜市,勝町
5260068,シガケン,ナガハマシ,カネボウチョウ,滋賀県,長浜市,鐘紡町
5260804,シガケン,ナガハマシ,カノウチョウ,滋賀県,長浜市,加納町
5260015,シガケン,ナガハマシ,カミテルチョウ,滋賀県,長浜市,神照町
5260122,シガケン,ナガハマシ,カミヤギチョウ,滋賀県,長浜市,上八木町
5290101,シガケン,ナガハマシ,カラクニチョウ,滋賀県,長浜市,唐国町
5260846,シガケン,ナガハマシ,カワサキチョウ,滋賀県,長浜市,川崎町
5260111,シガケン,ナガハマシ,カワミチチョウ,滋賀県,長浜市,川道町
5260265,シガケン,ナガハマシ,キオチョウ,滋賀県,長浜市,木尾町
5260061,シガケン,ナガハマシ,ギオンチョウ,滋賀県,長浜市,祇園町
5260231,シガケン,ナガハマシ,キタイケチョウ,滋賀県,長浜市,北池町
5260214,シガケン,ナガハマシ,キタノゴウチョウ,滋賀県,長浜市,北ノ郷町
5260272,シガケン,ナガハマシ,キタノチョウ,滋賀県,長浜市,北野町
5260057,シガケン,ナガハマシ,キタフナチョウ,滋賀県,長浜市,北船町
5290435,シガケン,ナガハマシ,キノモトチョウアカオ,滋賀県,長浜市,木之本町赤尾
5290421,シガケン,ナガハマシ,キノモトチョウアットリ,滋賀県,長浜市,木之本町アットリ
5290412,シガケン,ナガハマシ,キノモトチョウイシミチ,滋賀県,長浜市,木之本町石道
5290431,シガケン,ナガハマシ,キノモトチョウオオト,滋賀県,長浜市,木之本町大音
5290415,シガケン,ナガハマシ,キノモトチョウオオミ,滋賀県,長浜市,木之本町大見
5290403,シガケン,ナガハマシ,キノモトチョウオトワ,滋賀県,長浜市,木之本町音羽
5290401,シガケン,ナガハマシ,キノモトチョウカネイハラ,滋賀県,長浜市,木之本町金居原
5290414,シガケン,ナガハマシ,キノモトチョウカワイ,滋賀県,長浜市,木之本町川合
5290434,シガケン,ナガハマシ,キノモトチョウキタフセ,滋賀県,長浜市,木之本町北布施
5290425,シガケン,ナガハマシ,キノモトチョウキノモト,滋賀県,長浜市,木之本町木之本
5290426,シガケン,ナガハマシ,キノモトチョウクロダ,滋賀県,長浜市,木之本町黒田
5290413,シガケン,ナガハマシ,キノモトチョウコヤマ,滋賀県,長浜市,木之本町小山
5290402,シガケン,ナガハマシ,キノモトチョウスギノ,滋賀県,長浜市,木之本町杉野
5290404,シガケン,ナガハマシ,キノモトチョウスギモト,滋賀県,長浜市,木之本町杉本
5290423,シガケン,ナガハマシ,キノモトチョウセンダ,滋賀県,長浜市,木之本町千田
5290432,シガケン,ナガハマシ,キノモトチョウタイ,滋賀県,長浜市,木之本町田居
5290422,シガケン,ナガハマシ,キノモトチョウタベ,滋賀県,長浜市,木之本町田部
5290433,シガケン,ナガハマシ,キノモトチョウニシヤマ,滋賀県,長浜市,木之本町西山
5290541,シガケン,ナガハマシ,キノモトチョウハンノウラ（サカジリ）,滋賀県,長浜市,木之本町飯浦（坂尻）
5290437,シガケン,ナガハマシ,キノモトチョウハンノウラ（ソノタ）,滋賀県,長浜市,木之本町飯浦（その他）
5290424,シガケン,ナガハマシ,キノモトチョウヒロセ,滋賀県,長浜市,木之本町廣瀬
5290411,シガケン,ナガハマシ,キノモトチョウフルハシ,滋賀県,長浜市,木之本町古橋
5290436,シガケン,ナガハマシ,キノモトチョウヤマナシ,滋賀県,長浜市,木之本町山梨子
5260202,シガケン,ナガハマシ,クサノチョウ,滋賀県,長浜市,草野町
5260001,シガケン,ナガハマシ,クニトモチョウ,滋賀県,長浜市,国友町
5260014,シガケン,ナガハマシ,クモデチョウ,滋賀県,長浜市,口分田町
5260262,シガケン,ナガハマシ,クロベチョウ,滋賀県,長浜市,黒部町
5260826,シガケン,ナガハマシ,コイチジョウチョウ,滋賀県,長浜市,小一条町
5260065,シガケン,ナガハマシ,コウエンチョウ,滋賀県,長浜市,公園町
5260132,シガケン,ナガハマシ,コウケイジチョウ,滋賀県,長浜市,香花寺町
5260206,シガケン,ナガハマシ,ゴウノチョウ,滋賀県,長浜市,郷野町
5260134,シガケン,ナガハマシ,コカンノンジチョウ,滋賀県,長浜市,小観音寺町
5260004,シガケン,ナガハマシ,コザワチョウ,滋賀県,長浜市,小沢町
5290333,シガケン,ナガハマシ,コホクイマチョウ,滋賀県,長浜市,湖北今町
5290342,シガケン,ナガハマシ,コホクタカタチョウ,滋賀県,長浜市,湖北高田町
5290332,シガケン,ナガハマシ,コホクチョウアオナ,滋賀県,長浜市,湖北町青名
5290361,シガケン,ナガハマシ,コホクチョウイシカワ,滋賀県,長浜市,湖北町石川
5290313,シガケン,ナガハマシ,コホクチョウイベ,滋賀県,長浜市,湖北町伊部
5290365,シガケン,ナガハマシ,コホクチョウイマニシ,滋賀県,長浜市,湖北町今西
5290367,シガケン,ナガハマシ,コホクチョウエビエ,滋賀県,長浜市,湖北町海老江
5290366,シガケン,ナガハマシ,コホクチョウエンショウジ,滋賀県,長浜市,湖北町延勝寺
5290343,シガケン,ナガハマシ,コホクチョウオグラ,滋賀県,長浜市,湖北町小倉
5290364,シガケン,ナガハマシ,コホクチョウオノエ,滋賀県,長浜市,湖北町尾上
5290321,シガケン,ナガハマシ,コホクチョウカ,滋賀県,長浜市,湖北町賀
5290316,シガケン,ナガハマシ,コホクチョウカワケ,滋賀県,長浜市,湖北町河毛
5290322,シガケン,ナガハマシ,コホクチョウコイマ,滋賀県,長浜市,湖北町小今
5290352,シガケン,ナガハマシ,コホクチョウゴノツボ,滋賀県,長浜市,湖北町五坪
5290334,シガケン,ナガハマシ,コホクチョウサワ,滋賀県,長浜市,湖北町沢
5290345,シガケン,ナガハマシ,コホクチョウダイアンジ,滋賀県,長浜市,湖北町大安寺
5290353,シガケン,ナガハマシ,コホクチョウタナカ,滋賀県,長浜市,湖北町田中
5290362,シガケン,ナガハマシ,コホクチョウツノサト,滋賀県,長浜市,湖北町津里
5290314,シガケン,ナガハマシ,コホクチョウトドメ,滋賀県,長浜市,湖北町留目
5290335,シガケン,ナガハマシ,コホクチョウネコグチ,滋賀県,長浜市,湖北町猫口
5290341,シガケン,ナガハマシ,コホクチョウハヤミ,滋賀県,長浜市,湖北町速水
5290303,シガケン,ナガハマシ,コホクチョウフタマタ,滋賀県,長浜市,湖北町二俣
5290315,シガケン,ナガハマシ,コホクチョウベッシヨ,滋賀県,長浜市,湖北町別所
5290346,シガケン,ナガハマシ,コホクチョウミナミハヤミ,滋賀県,長浜市,湖北町南速水
5290344,シガケン,ナガハマシ,コホクチョウモウタリ,滋賀県,長浜市,湖北町馬渡
5290354,シガケン,ナガハマシ,コホクチョウヤマモト,滋賀県,長浜市,湖北町山本
5290317,シガケン,ナガハマシ,コホクチョウヤマワキ,滋賀県,長浜市,湖北町山脇
5290331,シガケン,ナガハマシ,コホクチョウヨウカイチ,滋賀県,長浜市,湖北町八日市
5290363,シガケン,ナガハマシ,コホクヒガシオノエチョウ,滋賀県,長浜市,湖北東尾上町
5260845,シガケン,ナガハマシ,コボリチョウ,滋賀県,長浜市,小堀町
5290141,シガケン,ナガハマシ,ゴムラ,滋賀県,長浜市,五村
5260263,シガケン,ナガハマシ,コムロチョウ,滋賀県,長浜市,小室町
5290121,シガケン,ナガハマシ,サクラチョウ,滋賀県,長浜市,桜町
5260235,シガケン,ナガハマシ,サノチョウ,滋賀県,長浜市,佐野町
5260055,シガケン,ナガハマシ,サンワチョウ,滋賀県,長浜市,三和町
5260817,シガケン,ナガハマシ,シチジョウチョウ,滋賀県,長浜市,七条町
5260036,シガケン,ナガハマシ,ジフクジチョウ,滋賀県,長浜市,地福寺町
5260044,シガケン,ナガハマシ,シモサカナカチョウ,滋賀県,長浜市,下坂中町
5260047,シガケン,ナガハマシ,シモサカハマチョウ,滋賀県,長浜市,下坂浜町
5260005,シガケン,ナガハマシ,シモノゴウチョウ,滋賀県,長浜市,下之郷町
5260123,シガケン,ナガハマシ,シモヤギチョウ,滋賀県,長浜市,下八木町
5290302,シガケン,ナガハマシ,シモヤマダ,滋賀県,長浜市,下山田
5260016,シガケン,ナガハマシ,ジュウリチョウ,滋賀県,長浜市,十里町
5260121,シガケン,ナガハマシ,ジュックチョウ,滋賀県,長浜市,十九町
5260823,シガケン,ナガハマシ,ジョウギチョウ,滋賀県,長浜市,常喜町
5290133,シガケン,ナガハマシ,シンアサヒマチ,滋賀県,長浜市,新旭町
5260013,シガケン,ナガハマシ,シンジョウテラチョウ,滋賀県,長浜市,新庄寺町
5260012,シガケン,ナガハマシ,シンジョウナカチョウ,滋賀県,長浜市,新庄中町
5260011,シガケン,ナガハマシ,シンジョウバンバチョウ,滋賀県,長浜市,新庄馬場町
5260052,シガケン,ナガハマシ,シンゼンチョウ,滋賀県,長浜市,神前町
5260241,シガケン,ナガハマシ,シンミタ,滋賀県,長浜市,新三田
5290122,シガケン,ナガハマシ,ス,滋賀県,長浜市,酢
5260063,シガケン,ナガハマシ,スエヒロチョウ,滋賀県,長浜市,末広町
5260277,シガケン,ナガハマシ,スガタニチョウ,滋賀県,長浜市,須賀谷町
5260017,シガケン,ナガハマシ,スマイチョウ,滋賀県,長浜市,相撲町
5260234,シガケン,ナガハマシ,スマイニワチョウ,滋賀県,長浜市,相撲庭町
5260103,シガケン,ナガハマシ,ソネチョウ,滋賀県,長浜市,曽根町
5260256,シガケン,ナガハマシ,ソンショウジチョウ,滋賀県,長浜市,尊勝寺町
5260254,シガケン,ナガハマシ,ソンノチョウ,滋賀県,長浜市,尊野町
5290351,シガケン,ナガハマシ,ダイコウジチョウ,滋賀県,長浜市,大光寺町
5260213,シガケン,ナガハマシ,ダイゴチョウ,滋賀県,長浜市,醍醐町
5290144,シガケン,ナガハマシ,ダイジチョウ,滋賀県,長浜市,大寺町
5260216,シガケン,ナガハマシ,ダイモンチョウ,滋賀県,長浜市,大門町
5260037,シガケン,ナガハマシ,タカダチョウ,滋賀県,長浜市,高田町
5290222,シガケン,ナガハマシ,タカツキチョウアメノモリ,滋賀県,長浜市,高月町雨森
5290203,シガケン,ナガハマシ,タカツキチョウイソノ,滋賀県,長浜市,高月町磯野
5290212,シガケン,ナガハマシ,タカツキチョウイノクチ,滋賀県,長浜市,高月町井口
5290251,シガケン,ナガハマシ,タカツキチョウウネ,滋賀県,長浜市,高月町宇根
5290232,シガケン,ナガハマシ,タカツキチョウオチカワ,滋賀県,長浜市,高月町落川
5290215,シガケン,ナガハマシ,タカツキチョウオヤマ,滋賀県,長浜市,高月町尾山
5290234,シガケン,ナガハマシ,タカツキチョウカシハラ,滋賀県,長浜市,高月町柏原
5290272,シガケン,ナガハマシ,タカツキチョウカタヤマ,滋賀県,長浜市,高月町片山
5290205,シガケン,ナガハマシ,タカツキチョウカラカワ,滋賀県,長浜市,高月町唐川
5290271,シガケン,ナガハマシ,タカツキチョウクマノ,滋賀県,長浜市,高月町熊野
5290275,シガケン,ナガハマシ,タカツキチョウシゲノリ,滋賀県,長浜市,高月町重則
5290241,シガケン,ナガハマシ,タカツキチョウタカツキ,滋賀県,長浜市,高月町高月
5290221,シガケン,ナガハマシ,タカツキチョウタカノ,滋賀県,長浜市,高月町高野
5290233,シガケン,ナガハマシ,タカツキチョウドウガンジ,滋賀県,長浜市,高月町渡岸寺
5290253,シガケン,ナガハマシ,タカツキチョウニシアツジ,滋賀県,長浜市,高月町西阿閉
5290273,シガケン,ナガハマシ,タカツキチョウニシノ,滋賀県,長浜市,高月町西野
5290262,シガケン,ナガハマシ,タカツキチョウニシモノベ,滋賀県,長浜市,高月町西物部
5290265,シガケン,ナガハマシ,タカツキチョウニシヤナギノ,滋賀県,長浜市,高月町西柳野
5290252,シガケン,ナガハマシ,タカツキチョウヒガシアツジ,滋賀県,長浜市,高月町東阿閉
5290202,シガケン,ナガハマシ,タカツキチョウヒガシタカタ,滋賀県,長浜市,高月町東高田
5290261,シガケン,ナガハマシ,タカツキチョウヒガシモノベ,滋賀県,長浜市,高月町東物部
5290263,シガケン,ナガハマシ,タカツキチョウヒガシヤナギノ,滋賀県,長浜市,高月町東柳野
5290204,シガケン,ナガハマシ,タカツキチョウフセ,滋賀県,長浜市,高月町布施
5290211,シガケン,ナガハマシ,タカツキチョウホウエンジ,滋賀県,長浜市,高月町保延寺
5290214,シガケン,ナガハマシ,タカツキチョウホラド,滋賀県,長浜市,高月町洞戸
5290223,シガケン,ナガハマシ,タカツキチョウマケ,滋賀県,長浜市,高月町馬上
5290274,シガケン,ナガハマシ,タカツキチョウマツオ,滋賀県,長浜市,高月町松尾
5290213,シガケン,ナガハマシ,タカツキチョウモチデラ,滋賀県,長浜市,高月町持寺
5290231,シガケン,ナガハマシ,タカツキチョウモリモト,滋賀県,長浜市,高月町森本
5290264,シガケン,ナガハマシ,タカツキチョウヤナギノナカ,滋賀県,長浜市,高月町柳野中
5290201,シガケン,ナガハマシ,タカツキチョウヨコヤマ,滋賀県,長浜市,高月町横山
5260046,シガケン,ナガハマシ,タカハシチョウ,滋賀県,長浜市,高橋町
5260273,シガケン,ナガハマシ,タカハタチョウ,滋賀県,長浜市,高畑町
5260201,シガケン,ナガハマシ,タカヤマチョウ,滋賀県,長浜市,高山町
5260276,シガケン,ナガハマシ,タガワチョウ,滋賀県,長浜市,田川町
5290142,シガケン,ナガハマシ,タチョウ,滋賀県,長浜市,田町
5260271,シガケン,ナガハマシ,タニグチチョウ,滋賀県,長浜市,谷口町
5260829,シガケン,ナガハマシ,タムラチョウ,滋賀県,長浜市,田村町
5260801,シガケン,ナガハマシ,チクサチョウ,滋賀県,長浜市,千草町
5290102,シガケン,ナガハマシ,ツキガセチョウ,滋賀県,長浜市,月ヶ瀬町
5260112,シガケン,ナガハマシ,ツルガシマ,滋賀県,長浜市,鶴が島
5260209,シガケン,ナガハマシ,テラシチョウ,滋賀県,長浜市,寺師町
5260045,シガケン,ナガハマシ,テラダチョウ,滋賀県,長浜市,寺田町
5260215,シガケン,ナガハマシ,トウメチョウ,滋賀県,長浜市,当目町
5260212,シガケン,ナガハマシ,トクヤマチョウ,滋賀県,長浜市,徳山町
5260064,シガケン,ナガハマシ,トノチョウ,滋賀県,長浜市,殿町
5260822,シガケン,ナガハマシ,トバカミチョウ,滋賀県,長浜市,鳥羽上町
5260131,シガケン,ナガハマシ,トンダチョウ,滋賀県,長浜市,富田町
5290132,シガケン,ナガハマシ,ナガタチョウ,滋賀県,長浜市,長田町
5290103,シガケン,ナガハマシ,ナカノチョウ,滋賀県,長浜市,中野町
5260114,シガケン,ナガハマシ,ナカハマ,滋賀県,長浜市,中浜
5260022,シガケン,ナガハマシ,ナカヤマチョウ,滋賀県,長浜市,中山町
5260824,シガケン,ナガハマシ,ナゴシチョウ,滋賀県,長浜市,名越町
5260225,シガケン,ナガハマシ,ナンゴウチョウ,滋賀県,長浜市,南郷町
5260108,シガケン,ナガハマシ,ナンバチョウ,滋賀県,長浜市,難波町
5260841,シガケン,ナガハマシ,ニイサカチョウ,滋賀県,長浜市,新栄町
5290721,シガケン,ナガハマシ,ニシアザイチョウオオウラ,滋賀県,長浜市,西浅井町大浦
5290714,シガケン,ナガハマシ,ニシアザイチョウオヤマ,滋賀県,長浜市,西浅井町小山
5290708,シガケン,ナガハマシ,ニシアザイチョウクツカケ,滋賀県,長浜市,西浅井町沓掛
5290725,シガケン,ナガハマシ,ニシアザイチョウクロヤマ,滋賀県,長浜市,西浅井町黒山
5290704,シガケン,ナガハマシ,ニシアザイチョウシオツナカ,滋賀県,長浜市,西浅井町塩津中
5290701,シガケン,ナガハマシ,ニシアザイチョウシオツハマ,滋賀県,長浜市,西浅井町塩津浜
5290707,シガケン,ナガハマシ,ニシアザイチョウシュウフクジ,滋賀県,長浜市,西浅井町集福寺
5290722,シガケン,ナガハマシ,ニシアザイチョウショウ,滋賀県,長浜市,西浅井町庄
5290726,シガケン,ナガハマシ,ニシアザイチョウスガウラ,滋賀県,長浜市,西浅井町菅浦
5290712,シガケン,ナガハマシ,ニシアザイチョウツキデ,滋賀県,長浜市,西浅井町月出
5290723,シガケン,ナガハマシ,ニシアザイチョウナカ,滋賀県,長浜市,西浅井町中
5290703,シガケン,ナガハマシ,ニシアザイチョウノザカ,滋賀県,長浜市,西浅井町野坂
5290713,シガケン,ナガハマシ,ニシアザイチョウハタベ,滋賀県,長浜市,西浅井町八田部
5290702,シガケン,ナガハマシ,ニシアザイチョウホリヤマ,滋賀県,長浜市,西浅井町祝山
5290711,シガケン,ナガハマシ,ニシアザイチョウヤノクマ,滋賀県,長浜市,西浅井町岩熊
5290724,シガケン,ナガハマシ,ニシアザイチョウヤマカド,滋賀県,長浜市,西浅井町山門
5290715,シガケン,ナガハマシ,ニシアザイチョウヤマダ,滋賀県,長浜市,西浅井町山田
5290706,シガケン,ナガハマシ,ニシアザイチョウヨ,滋賀県,長浜市,西浅井町余
5290705,シガケン,ナガハマシ,ニシアザイチョウヨコナミ,滋賀県,長浜市,西浅井町横波
5290123,シガケン,ナガハマシ,ニシオオイチョウ,滋賀県,長浜市,西大井町
5260227,シガケン,ナガハマシ,ニシカズエチョウ,滋賀県,長浜市,西主計町
5260803,シガケン,ナガハマシ,ニシコウザカチョウ,滋賀県,長浜市,西上坂町
5260101,シガケン,ナガハマシ,ニシコオリチョウ,滋賀県,長浜市,錦織町
5260246,シガケン,ナガハマシ,ニシシンミタ,滋賀県,長浜市,西新三田
5260255,シガケン,ナガハマシ,ニシノチョウ,滋賀県,長浜市,西野町
5260208,シガケン,ナガハマシ,ニシムラチョウ,滋賀県,長浜市,西村町
5260107,シガケン,ナガハマシ,ニノイチョウ,滋賀県,長浜市,新居町
5260217,シガケン,ナガハマシ,ノセクラチョウ,滋賀県,長浜市,乗倉町
5260203,シガケン,ナガハマシ,ノセチョウ,滋賀県,長浜市,野瀬町
5260266,シガケン,ナガハマシ,ノダチョウ,滋賀県,長浜市,野田町
5260106,シガケン,ナガハマシ,ノデラチョウ,滋賀県,長浜市,野寺町
5260236,シガケン,ナガハマシ,ノムラチョウ,滋賀県,長浜市,野村町
5260815,シガケン,ナガハマシ,ハチジョウチョウ,滋賀県,長浜市,八条町
5260124,シガケン,ナガハマシ,ハヤザキチョウ,滋賀県,長浜市,早崎町
5260842,シガケン,ナガハマシ,ハルチカチョウ,滋賀県,長浜市,春近町
5260226,シガケン,ナガハマシ,ヒガシカズエチョウ,滋賀県,長浜市,東主計町
5260802,シガケン,ナガハマシ,ヒガシコウザカチョウ,滋賀県,長浜市,東上坂町
5260224,シガケン,ナガハマシ,ヒガシノチョウ,滋賀県,長浜市,東野町
5260035,シガケン,ナガハマシ,ヒラカタミナミチョウ,滋賀県,長浜市,平方南町
5260033,シガケン,ナガハマシ,ヒラカタチョウ,滋賀県,長浜市,平方町
5260253,シガケン,ナガハマシ,ヒラツカチョウ,滋賀県,長浜市,平塚町
5260825,シガケン,ナガハマシ,フセチョウ,滋賀県,長浜市,布勢町
5260025,シガケン,ナガハマシ,ブンギチョウ,滋賀県,長浜市,分木町
5260002,シガケン,ナガハマシ,ホウデチョウ,滋賀県,長浜市,保田町
5260223,シガケン,ナガハマシ,ホウラクジチョウ,滋賀県,長浜市,法楽寺町
5260105,シガケン,ナガハマシ,ホソエチョウ,滋賀県,長浜市,細江町
5260812,シガケン,ナガハマシ,ホダチョウ,滋賀県,長浜市,保多町
5260813,シガケン,ナガハマシ,ホリベチョウ,滋賀県,長浜市,堀部町
5260821,シガケン,ナガハマシ,ホンジョウチョウ,滋賀県,長浜市,本庄町
5290143,シガケン,ナガハマシ,ホンチョウ,滋賀県,長浜市,本町
5260125,シガケン,ナガハマシ,マスダチョウ,滋賀県,長浜市,益田町
5290111,シガケン,ナガハマシ,ミカワチョウ,滋賀県,長浜市,三川町
5260104,シガケン,ナガハマシ,ミタチ,滋賀県,長浜市,御館
5260242,シガケン,ナガハマシ,ミタチョウ,滋賀県,長浜市,三田町
5260023,シガケン,ナガハマシ,ミツヤチョウ,滋賀県,長浜市,三ツ矢町
5260024,シガケン,ナガハマシ,ミツヤモトチョウ,滋賀県,長浜市,三ツ矢元町
5260067,シガケン,ナガハマシ,ミナトチョウ,滋賀県,長浜市,港町
5260232,シガケン,ナガハマシ,ミナミイケチョウ,滋賀県,長浜市,南池町
5260843,シガケン,ナガハマシ,ミナミコアシチョウ,滋賀県,長浜市,南小足町
5260058,シガケン,ナガハマシ,ミナミゴフクチョウ,滋賀県,長浜市,南呉服町
5260032,シガケン,ナガハマシ,ミナミタカダチョウ,滋賀県,長浜市,南高田町
5260844,シガケン,ナガハマシ,ミナミタヅケチョウ,滋賀県,長浜市,南田附町
5260113,シガケン,ナガハマシ,ミナミハマチョウ,滋賀県,長浜市,南浜町
5260831,シガケン,ナガハマシ,ミヤシチョウ,滋賀県,長浜市,宮司町
5290112,シガケン,ナガハマシ,ミヤベチョウ,滋賀県,長浜市,宮部町
5260053,シガケン,ナガハマシ,ミヤマエチョウ,滋賀県,長浜市,宮前町
5260835,シガケン,ナガハマシ,ムロチョウ,滋賀県,長浜市,室町
5260059,シガケン,ナガハマシ,モトハマチョウ,滋賀県,長浜市,元浜町
5260018,シガケン,ナガハマシ,モリチョウ,滋賀県,長浜市,森町
5260116,シガケン,ナガハマシ,ヤギハマチョウ,滋賀県,長浜市,八木浜町
5260252,シガケン,ナガハマシ,ヤシマチョウ,滋賀県,長浜市,八島町
5260034,シガケン,ナガハマシ,ヤタカチョウ,滋賀県,長浜市,弥高町
5260847,シガケン,ナガハマシ,ヤマシナチョウ,滋賀県,長浜市,山階町
5260257,シガケン,ナガハマシ,ヤマノマエチョウ,滋賀県,長浜市,山ノ前町
5260021,シガケン,ナガハマシ,ヤワタナカヤマチョウ,滋賀県,長浜市,八幡中山町
5260031,シガケン,ナガハマシ,ヤワタヒガシチョウ,滋賀県,長浜市,八幡東町
5260135,シガケン,ナガハマシ,ユウゲチョウ,滋賀県,長浜市,弓削町
5260245,シガケン,ナガハマシ,ユスキチョウ,滋賀県,長浜市,湯次町
5290536,シガケン,ナガハマシ,ヨゴチョウイケハラ,滋賀県,長浜市,余呉町池原
5290535,シガケン,ナガハマシ,ヨゴチョウイマイチ,滋賀県,長浜市,余呉町今市
5290534,シガケン,ナガハマシ,ヨゴチョウオオタニ,滋賀県,長浜市,余呉町小谷
5290503,シガケン,ナガハマシ,ヨゴチョウオクカワナミ,滋賀県,長浜市,余呉町奥川並
5290502,シガケン,ナガハマシ,ヨゴチョウオバナシ,滋賀県,長浜市,余呉町尾羽梨
5290505,シガケン,ナガハマシ,ヨゴチョウオハラ,滋賀県,長浜市,余呉町小原
5290512,シガケン,ナガハマシ,ヨゴチョウカミニュウ,滋賀県,長浜市,余呉町上丹生
5290523,シガケン,ナガハマシ,ヨゴチョウカワナミ,滋賀県,長浜市,余呉町川並
5290526,シガケン,ナガハマシ,ヨゴチョウクニヤス,滋賀県,長浜市,余呉町国安
5290522,シガケン,ナガハマシ,ヨゴチョウサカグチ,滋賀県,長浜市,余呉町坂口
5290514,シガケン,ナガハマシ,ヨゴチョウシモニュウ,滋賀県,長浜市,余呉町下丹生
5290521,シガケン,ナガハマシ,ヨゴチョウシモヨゴ,滋賀県,長浜市,余呉町下余呉
5290537,シガケン,ナガハマシ,ヨゴチョウシンドウ,滋賀県,長浜市,余呉町新堂
5290511,シガケン,ナガハマシ,ヨゴチョウスガナミ,滋賀県,長浜市,余呉町菅並
5290513,シガケン,ナガハマシ,ヨゴチョウスルスミ,滋賀県,長浜市,余呉町摺墨
5290504,シガケン,ナガハマシ,ヨゴチョウタド,滋賀県,長浜市,余呉町田戸
5290532,シガケン,ナガハマシ,ヨゴチョウツバキザカ,滋賀県,長浜市,余呉町椿坂
5290531,シガケン,ナガハマシ,ヨゴチョウナカノカワチ,滋賀県,長浜市,余呉町中河内
5290515,シガケン,ナガハマシ,ヨゴチョウナカノゴウ,滋賀県,長浜市,余呉町中之郷
5290501,シガケン,ナガハマシ,ヨゴチョウハリカワ,滋賀県,長浜市,余呉町針川
5290527,シガケン,ナガハマシ,ヨゴチョウヒガシノ,滋賀県,長浜市,余呉町東野
5290525,シガケン,ナガハマシ,ヨゴチョウフムロ,滋賀県,長浜市,余呉町文室
5290524,シガケン,ナガハマシ,ヨゴチョウヤト,滋賀県,長浜市,余呉町八戸
5290533,シガケン,ナガハマシ,ヨゴチョウヤナガセ,滋賀県,長浜市,余呉町柳ケ瀬
5290506,シガケン,ナガハマシ,ヨゴチョウワシミ,滋賀県,長浜市,余呉町鷲見
5260041,シガケン,ナガハマシ,ヨツヅカチョウ,滋賀県,長浜市,四ツ塚町
5260267,シガケン,ナガハマシ,リキマルチョウ,滋賀県,長浜市,力丸町
5260261,シガケン,ナガハマシ,リュウアンジチョウ,滋賀県,長浜市,竜安寺町
5260062,シガケン,ナガハマシ,レツケチョウ,滋賀県,長浜市,列見町
5230000,シガケン,オウミハチマンシ,イカニケイサイガナイバアイ,滋賀県,近江八幡市,以下に掲載がない場合
5230836,シガケン,オウミハチマンシ,アイノマチ,滋賀県,近江八幡市,間之町
5230052,シガケン,オウミハチマンシ,アコウチョウ,滋賀県,近江八幡市,赤尾町
5230817,シガケン,オウミハチマンシ,アサゴイチョウ,滋賀県,近江八幡市,浅小井町
5211331,シガケン,オウミハチマンシ,アヅチチョウイシデラ,滋賀県,近江八幡市,安土町石寺
5211333,シガケン,オウミハチマンシ,アヅチチョウウチノ,滋賀県,近江八幡市,安土町内野
5211342,シガケン,オウミハチマンシ,アヅチチョウカミデ,滋賀県,近江八幡市,安土町上出
5211341,シガケン,オウミハチマンシ,アヅチチョウカミトヨウラ,滋賀県,近江八幡市,安土町上豊浦
5211321,シガケン,オウミハチマンシ,アヅチチョウクワノミジ,滋賀県,近江八幡市,安土町桑実寺
5211343,シガケン,オウミハチマンシ,アヅチチョウコナカ,滋賀県,近江八幡市,安土町小中
5211346,シガケン,オウミハチマンシ,アヅチチョウコノショウ,滋賀県,近江八幡市,安土町香庄
5211345,シガケン,オウミハチマンシ,アヅチチョウジオンジ,滋賀県,近江八幡市,安土町慈恩寺
5211311,シガケン,オウミハチマンシ,アヅチチョウシモトイラ,滋賀県,近江八幡市,安土町下豊浦
5211351,シガケン,オウミハチマンシ,アヅチチョウジョウラクジ,滋賀県,近江八幡市,安土町常楽寺
5211301,シガケン,オウミハチマンシ,アヅチチョウダイナカ,滋賀県,近江八幡市,安土町大中
5211344,シガケン,オウミハチマンシ,アヅチチョウナカヤ,滋賀県,近江八幡市,安土町中屋
5211334,シガケン,オウミハチマンシ,アヅチチョウニシオイソ,滋賀県,近江八幡市,安土町西老蘇
5211332,シガケン,オウミハチマンシ,アヅチチョウヒガシオイソ,滋賀県,近江八幡市,安土町東老蘇
5211322,シガケン,オウミハチマンシ,アヅチチョウミヤヅ,滋賀県,近江八幡市,安土町宮津
5230045,シガケン,オウミハチマンシ,アンヨウジチョウ,滋賀県,近江八幡市,安養寺町
5230823,シガケン,オウミハチマンシ,イケスチョウ,滋賀県,近江八幡市,生須町
5230043,シガケン,オウミハチマンシ,イケダホンマチ,滋賀県,近江八幡市,池田本町
5230877,シガケン,オウミハチマンシ,イケダマチ,滋賀県,近江八幡市,池田町
5230866,シガケン,オウミハチマンシ,イシンチョウカミ,滋賀県,近江八幡市,為心町上
5230865,シガケン,オウミハチマンシ,イシンチョウナカ,滋賀県,近江八幡市,為心町中
5230864,シガケン,オウミハチマンシ,イシンチョウモト,滋賀県,近江八幡市,為心町元
5230885,シガケン,オウミハチマンシ,イタヤチョウ,滋賀県,近江八幡市,板屋町
5230851,シガケン,オウミハチマンシ,イチイチョウ,滋賀県,近江八幡市,市井町
5230015,シガケン,オウミハチマンシ,ウエダチョウ,滋賀県,近江八幡市,上田町
5230046,シガケン,オウミハチマンシ,ウエノチョウ,滋賀県,近江八幡市,上野町
5230026,シガケン,オウミハチマンシ,ウエハタチョウ,滋賀県,近江八幡市,上畑町
5230895,シガケン,オウミハチマンシ,ウツロチョウ,滋賀県,近江八幡市,宇津呂町
5230869,シガケン,オウミハチマンシ,ウワイチョウカミ,滋賀県,近江八幡市,魚屋町上
5230868,シガケン,オウミハチマンシ,ウワイチョウナカ,滋賀県,近江八幡市,魚屋町中
5230867,シガケン,オウミハチマンシ,ウワイチョウモト,滋賀県,近江八幡市,魚屋町元
5230061,シガケン,オウミハチマンシ,エガシラチョウ,滋賀県,近江八幡市,江頭町
5230832,シガケン,オウミハチマンシ,エナミチョウ,滋賀県,近江八幡市,江南町
5230837,シガケン,オウミハチマンシ,オオスギチョウ,滋賀県,近江八幡市,大杉町
5230071,シガケン,オウミハチマンシ,オオブサチョウ,滋賀県,近江八幡市,大房町
5230042,シガケン,オウミハチマンシ,オオモリチョウ,滋賀県,近江八幡市,大森町
5230801,シガケン,オウミハチマンシ,オキシマチョウ,滋賀県,近江八幡市,沖島町
5230811,シガケン,オウミハチマンシ,オサダチョウ,滋賀県,近江八幡市,長田町
5230064,シガケン,オウミハチマンシ,オダチョウ,滋賀県,近江八幡市,小田町
5230856,シガケン,オウミハチマンシ,オトワチョウ,滋賀県,近江八幡市,音羽町
5230875,シガケン,オウミハチマンシ,オバタチョウカミ,滋賀県,近江八幡市,小幡町上
5230874,シガケン,オウミハチマンシ,オバタチョウナカ,滋賀県,近江八幡市,小幡町中
5230852,シガケン,オウミハチマンシ,カギノテチョウ,滋賀県,近江八幡市,鍵之手町
5230833,シガケン,オウミハチマンシ,カジヤチョウ,滋賀県,近江八幡市,鍛治屋町
5230058,シガケン,オウミハチマンシ,カモチョウ,滋賀県,近江八幡市,加茂町
5230047,シガケン,オウミハチマンシ,カワラマチ,滋賀県,近江八幡市,川原町
5230884,シガケン,オウミハチマンシ,キタスエチョウ,滋賀県,近江八幡市,北末町
5230087,シガケン,オウミハチマンシ,キタツダチョウ,滋賀県,近江八幡市,北津田町
5230806,シガケン,オウミハチマンシ,キタノショウチョウ,滋賀県,近江八幡市,北之庄町
5230883,シガケン,オウミハチマンシ,キタモトチョウ,滋賀県,近江八幡市,北元町
5230023,シガケン,オウミハチマンシ,クラハシベチョウ,滋賀県,近江八幡市,倉橋部町
5230003,シガケン,オウミハチマンシ,ゴショウチチョウ,滋賀県,近江八幡市,御所内町
5230083,シガケン,オウミハチマンシ,コブナキチョウ,滋賀県,近江八幡市,小船木町
5230001,シガケン,オウミハチマンシ,コンゴウジチョウ,滋賀県,近江八幡市,金剛寺町
5230881,シガケン,オウミハチマンシ,サクマチョウ,滋賀県,近江八幡市,佐久間町
5230893,シガケン,オウミハチマンシ,サクラミヤチョウ,滋賀県,近江八幡市,桜宮町
5230076,シガケン,オウミハチマンシ,サバエチョウ,滋賀県,近江八幡市,佐波江町
5230843,シガケン,オウミハチマンシ,ジオンジチョウカミ,滋賀県,近江八幡市,慈恩寺町上
5230842,シガケン,オウミハチマンシ,ジオンジチョウナカ,滋賀県,近江八幡市,慈恩寺町中
5230841,シガケン,オウミハチマンシ,ジオンジチョウモト,滋賀県,近江八幡市,慈恩寺町元
5230044,シガケン,オウミハチマンシ,シノハラチョウ,滋賀県,近江八幡市,篠原町
5230804,シガケン,オウミハチマンシ,シマチョウ,滋賀県,近江八幡市,島町
5230063,シガケン,オウミハチマンシ,ジュウオウチョウ,滋賀県,近江八幡市,十王町
5230873,シガケン,オウミハチマンシ,ショウガミチョウ,滋賀県,近江八幡市,正神町
5230024,シガケン,オウミハチマンシ,ジョウドジチョウ,滋賀県,近江八幡市,浄土寺町
5230803,シガケン,オウミハチマンシ,シラオウチョウ,滋賀県,近江八幡市,白王町
5230032,シガケン,オウミハチマンシ,シラトリチョウ,滋賀県,近江八幡市,白鳥町
5230825,シガケン,オウミハチマンシ,シンザエモンチョウ,滋賀県,近江八幡市,新左衛門町
5230081,シガケン,オウミハチマンシ,シンサカエマチ,滋賀県,近江八幡市,新栄町
5230025,シガケン,オウミハチマンシ,シンマキチョウ,滋賀県,近江八幡市,新巻町
5230871,シガケン,オウミハチマンシ,シンマチ,滋賀県,近江八幡市,新町
5230074,シガケン,オウミハチマンシ,スイケイチョウ,滋賀県,近江八幡市,水茎町
5230005,シガケン,オウミハチマンシ,スエヒロチョウ,滋賀県,近江八幡市,末広町
5230812,シガケン,オウミハチマンシ,スギノモリチョウ,滋賀県,近江八幡市,杉森町
5230863,シガケン,オウミハチマンシ,スワイチョウカミ,滋賀県,近江八幡市,仲屋町上
5230862,シガケン,オウミハチマンシ,スワイチョウナカ,滋賀県,近江八幡市,仲屋町中
5230861,シガケン,オウミハチマンシ,スワイチョウモト,滋賀県,近江八幡市,仲屋町元
5230016,シガケン,オウミハチマンシ,センゾクチョウ,滋賀県,近江八幡市,千僧供町
5230824,シガケン,オウミハチマンシ,ダイクチョウ,滋賀県,近江八幡市,大工町
5230802,シガケン,オウミハチマンシ,ダイナカチョウ,滋賀県,近江八幡市,大中町
5230891,シガケン,オウミハチマンシ,タカカイチョウ,滋賀県,近江八幡市,鷹飼町
5230896,シガケン,オウミハチマンシ,タカカイチョウキタ,滋賀県,近江八幡市,鷹飼町北
5230897,シガケン,オウミハチマンシ,タカカイチョウヒガシ,滋賀県,近江八幡市,鷹飼町東
5230898,シガケン,オウミハチマンシ,タカカイチョウミナミ,滋賀県,近江八幡市,鷹飼町南
5230821,シガケン,オウミハチマンシ,タガチョウ,滋賀県,近江八幡市,多賀町
5230036,シガケン,オウミハチマンシ,タケチョウ,滋賀県,近江八幡市,竹町
5230057,シガケン,オウミハチマンシ,タナカエチョウ,滋賀県,近江八幡市,田中江町
5230872,シガケン,オウミハチマンシ,タマキチョウ,滋賀県,近江八幡市,玉木町
5230831,シガケン,オウミハチマンシ,タマヤチョウ,滋賀県,近江八幡市,玉屋町
5230013,シガケン,オウミハチマンシ,チョウコウジチョウ,滋賀県,近江八幡市,長光寺町
5230021,シガケン,オウミハチマンシ,チョウフクジチョウ,滋賀県,近江八幡市,長福寺町
5230808,シガケン,オウミハチマンシ,チョウメイジチョウ,滋賀県,近江八幡市,長命寺町
5230086,シガケン,オウミハチマンシ,ツダチョウ,滋賀県,近江八幡市,津田町
5230082,シガケン,オウミハチマンシ,ツチダチョウ,滋賀県,近江八幡市,土田町
5230827,シガケン,オウミハチマンシ,テッポウチョウ,滋賀県,近江八幡市,鉄炮町
5230892,シガケン,オウミハチマンシ,デマチ,滋賀県,近江八幡市,出町
5230011,シガケン,オウミハチマンシ,トモサダチョウ,滋賀県,近江八幡市,友定町
5230041,シガケン,オウミハチマンシ,ナカコモリチョウ,滋賀県,近江八幡市,中小森町
5230807,シガケン,オウミハチマンシ,ナカノショウチョウ,滋賀県,近江八幡市,中之庄町
5230849,シガケン,オウミハチマンシ,ナガハラチョウカミ,滋賀県,近江八幡市,永原町上
5230848,シガケン,オウミハチマンシ,ナガハラチョウナカ,滋賀県,近江八幡市,永原町中
5230847,シガケン,オウミハチマンシ,ナガハラチョウモト,滋賀県,近江八幡市,永原町元
5230894,シガケン,オウミハチマンシ,ナカムラチョウ,滋賀県,近江八幡市,中村町
5230855,シガケン,オウミハチマンシ,ナワテチョウスエ,滋賀県,近江八幡市,縄手町末
5230854,シガケン,オウミハチマンシ,ナワテチョウナカ,滋賀県,近江八幡市,縄手町中
5230853,シガケン,オウミハチマンシ,ナワテチョウモト,滋賀県,近江八幡市,縄手町元
5230014,シガケン,オウミハチマンシ,ニシジュクチョウ,滋賀県,近江八幡市,西宿町
5230886,シガケン,オウミハチマンシ,ニシスエチョウ,滋賀県,近江八幡市,西末町
5230835,シガケン,オウミハチマンシ,ニシタタミヤチョウ,滋賀県,近江八幡市,西畳屋町
5230816,シガケン,オウミハチマンシ,ニシノショウチョウ,滋賀県,近江八幡市,西庄町
5230813,シガケン,オウミハチマンシ,ニシホンゴウチョウ,滋賀県,近江八幡市,西本郷町
5230819,シガケン,オウミハチマンシ,ニシホンゴウチョウニシ,滋賀県,近江八幡市,西本郷町西
5230818,シガケン,オウミハチマンシ,ニシホンゴウチョウヒガシ,滋賀県,近江八幡市,西本郷町東
5230887,シガケン,オウミハチマンシ,ニシモトチョウ,滋賀県,近江八幡市,西元町
5230004,シガケン,オウミハチマンシ,ニショウライチョウ,滋賀県,近江八幡市,西生来町
5230002,シガケン,オウミハチマンシ,ノダチョウ,滋賀県,近江八幡市,野田町
5230075,シガケン,オウミハチマンシ,ノムラチョウ,滋賀県,近江八幡市,野村町
5230846,シガケン,オウミハチマンシ,バクロチョウカミ,滋賀県,近江八幡市,博労町上
5230845,シガケン,オウミハチマンシ,バクロチョウナカ,滋賀県,近江八幡市,博労町中
5230844,シガケン,オウミハチマンシ,バクロチョウモト,滋賀県,近江八幡市,博労町元
5230857,シガケン,オウミハチマンシ,ハチマンチョウ,滋賀県,近江八幡市,八幡町
5230027,シガケン,オウミハチマンシ,ヒガシガワチョウ,滋賀県,近江八幡市,東川町
5230834,シガケン,オウミハチマンシ,ヒガシタタミヤチョウ,滋賀県,近江八幡市,東畳屋町
5230037,シガケン,オウミハチマンシ,ヒガシチョウ,滋賀県,近江八幡市,東町
5230035,シガケン,オウミハチマンシ,ヒガシヨコゼキチョウ,滋賀県,近江八幡市,東横関町
5230889,シガケン,オウミハチマンシ,ヒスギチョウ,滋賀県,近江八幡市,日杉町
5230033,シガケン,オウミハチマンシ,ヒヨノチョウ,滋賀県,近江八幡市,日吉野町
5230084,シガケン,オウミハチマンシ,フナキチョウ,滋賀県,近江八幡市,船木町
5230822,シガケン,オウミハチマンシ,フナマチ,滋賀県,近江八幡市,船町
5230056,シガケン,オウミハチマンシ,フルカワチョウ,滋賀県,近江八幡市,古川町
5230031,シガケン,オウミハチマンシ,ホリカミチョウ,滋賀県,近江八幡市,堀上町
5230876,シガケン,オウミハチマンシ,ホンマチ,滋賀県,近江八幡市,本町
5230072,シガケン,オウミハチマンシ,マキチョウ,滋賀県,近江八幡市,牧町
5230888,シガケン,オウミハチマンシ,マゴヘイジチョウ,滋賀県,近江八幡市,孫平治町
5230053,シガケン,オウミハチマンシ,マスダチョウ,滋賀県,近江八幡市,益田町
5230022,シガケン,オウミハチマンシ,マブチチョウ,滋賀県,近江八幡市,馬淵町
5230062,シガケン,オウミハチマンシ,マルノウチチョウ,滋賀県,近江八幡市,丸の内町
5230805,シガケン,オウミハチマンシ,マルヤマチョウ,滋賀県,近江八幡市,円山町
5230048,シガケン,オウミハチマンシ,ミドリマチ,滋賀県,近江八幡市,緑町
5230085,シガケン,オウミハチマンシ,ミナミツダチョウ,滋賀県,近江八幡市,南津田町
5230814,シガケン,オウミハチマンシ,ミナミホンゴウチョウ,滋賀県,近江八幡市,南本郷町
5230828,シガケン,オウミハチマンシ,ミヤウチチョウ,滋賀県,近江八幡市,宮内町
5230012,シガケン,オウミハチマンシ,ムサチョウ,滋賀県,近江八幡市,武佐町
5230073,シガケン,オウミハチマンシ,モトスイケイチョウ,滋賀県,近江八幡市,元水茎町
5230882,シガケン,オウミハチマンシ,モトタマヤチョウ,滋賀県,近江八幡市,元玉屋町
5230054,シガケン,オウミハチマンシ,モリジリチョウ,滋賀県,近江八幡市,森尻町
5230051,シガケン,オウミハチマンシ,ヤギチョウ,滋賀県,近江八幡市,八木町
5230826,シガケン,オウミハチマンシ,ヤクシチョウ,滋賀県,近江八幡市,薬師町
5230055,シガケン,オウミハチマンシ,ヤナギマチ,滋賀県,近江八幡市,柳町
5230815,シガケン,オウミハチマンシ,ワカバチョウ,滋賀県,近江八幡市,若葉町
5230034,シガケン,オウミハチマンシ,ワカミヤチョウ,滋賀県,近江八幡市,若宮町
5250000,シガケン,クサツシ,イカニケイサイガナイバアイ,滋賀県,草津市,以下に掲載がない場合
5250041,シガケン,クサツシ,アオジチョウ,滋賀県,草津市,青地町
5250002,シガケン,クサツシ,アシウラチョウ,滋賀県,草津市,芦浦町
5250015,シガケン,クサツシ,アツマリチョウ,滋賀県,草津市,集町
5250012,シガケン,クサツシ,アナムラチョウ,滋賀県,草津市,穴村町
5250047,シガケン,クサツシ,オイワケ,滋賀県,草津市,追分
5250048,シガケン,クサツシ,オイワケミナミ,滋賀県,草津市,追分南
5250032,シガケン,クサツシ,オオジ,滋賀県,草津市,大路
5250044,シガケン,クサツシ,オカモトチョウ,滋賀県,草津市,岡本町
5250001,シガケン,クサツシ,オロシモチョウ,滋賀県,草津市,下物町
5250072,シガケン,クサツシ,カサヤマ,滋賀県,草津市,笠山
5250011,シガケン,クサツシ,カタオカチョウ,滋賀県,草津市,片岡町
5250028,シガケン,クサツシ,カミガサ,滋賀県,草津市,上笠
5250004,シガケン,クサツシ,カミデラチョウ,滋賀県,草津市,上寺町
5250021,シガケン,クサツシ,カワラ,滋賀県,草津市,川原
5250022,シガケン,クサツシ,カワラチョウ,滋賀県,草津市,川原町
5250016,シガケン,クサツシ,キタオオガヤチョウ,滋賀県,草津市,北大萱町
5250061,シガケン,クサツシ,キタヤマダチョウ,滋賀県,草津市,北山田町
5250051,シガケン,クサツシ,キノカワチョウ,滋賀県,草津市,木川町
5250034,シガケン,クサツシ,クサツ,滋賀県,草津市,草津
5250036,シガケン,クサツシ,クサツチョウ,滋賀県,草津市,草津町
5250014,シガケン,クサツシ,コマイザワチョウ,滋賀県,草津市,駒井沢町
5250057,シガケン,クサツシ,サクラガオカ,滋賀県,草津市,桜ケ丘
5250005,シガケン,クサツシ,シナチョウ,滋賀県,草津市,志那町
5250006,シガケン,クサツシ,シナナカチョウ,滋賀県,草津市,志那中町
5250026,シガケン,クサツシ,シブカワ,滋賀県,草津市,渋川
5250029,シガケン,クサツシ,シモガサチョウ,滋賀県,草津市,下笠町
5250007,シガケン,クサツシ,シモデラチョウ,滋賀県,草津市,下寺町
5250013,シガケン,クサツシ,シンドウチョウ,滋賀県,草津市,新堂町
5250067,シガケン,クサツシ,シンハマチョウ,滋賀県,草津市,新浜町
5250003,シガケン,クサツシ,ナツカチョウ,滋賀県,草津市,長束町
5250037,シガケン,クサツシ,ニシオオジチョウ,滋賀県,草津市,西大路町
5250035,シガケン,クサツシ,ニシクサツ,滋賀県,草津市,西草津
5250025,シガケン,クサツシ,ニシシブカワ,滋賀県,草津市,西渋川
5250052,シガケン,クサツシ,ニシヤグラ,滋賀県,草津市,西矢倉
5250059,シガケン,クサツシ,ノジ,滋賀県,草津市,野路
5250055,シガケン,クサツシ,ノジチョウ,滋賀県,草津市,野路町
5250058,シガケン,クサツシ,ノジヒガシ,滋賀県,草津市,野路東
5250027,シガケン,クサツシ,ノムラ,滋賀県,草津市,野村
5250065,シガケン,クサツシ,ハシオカチョウ,滋賀県,草津市,橋岡町
5250043,シガケン,クサツシ,バンバチョウ,滋賀県,草津市,馬場町
5250033,シガケン,クサツシ,ヒガシクサツ,滋賀県,草津市,東草津
5250054,シガケン,クサツシ,ヒガシヤグラ,滋賀県,草津市,東矢倉
5250023,シガケン,クサツシ,ヒライ,滋賀県,草津市,平井
5250024,シガケン,クサツシ,ヒライチョウ,滋賀県,草津市,平井町
5250064,シガケン,クサツシ,ミクラチョウ,滋賀県,草津市,御倉町
5250056,シガケン,クサツシ,ミナミガサチョウ,滋賀県,草津市,南笠町
5250071,シガケン,クサツシ,ミナミガサヒガシ,滋賀県,草津市,南笠東
5250050,シガケン,クサツシ,ミナミクサツ,滋賀県,草津市,南草津
5250068,シガケン,クサツシ,ミナミクサツプリムタウン,滋賀県,草津市,南草津プリムタウン
5250063,シガケン,クサツシ,ミナミヤマダチョウ,滋賀県,草津市,南山田町
5250053,シガケン,クサツシ,ヤグラ,滋賀県,草津市,矢倉
5250066,シガケン,クサツシ,ヤバセチョウ,滋賀県,草津市,矢橋町
5250062,シガケン,クサツシ,ヤマダチョウ,滋賀県,草津市,山田町
5250042,シガケン,クサツシ,ヤマデラチョウ,滋賀県,草津市,山寺町
5250045,シガケン,クサツシ,ワカクサ,滋賀県,草津市,若草
5250031,シガケン,クサツシ,ワカタケチョウ,滋賀県,草津市,若竹町
5240000,シガケン,モリヤマシ,イカニケイサイガナイバアイ,滋賀県,守山市,以下に掲載がない場合
5240061,シガケン,モリヤマシ,アカノイチョウ,滋賀県,守山市,赤野井町
5240035,シガケン,モリヤマシ,アムラチョウ,滋賀県,守山市,阿村町
5240016,シガケン,モリヤマシ,アラミチョウ,滋賀県,守山市,荒見町
5240014,シガケン,モリヤマシ,イシダチョウ,滋賀県,守山市,石田町
5240036,シガケン,モリヤマシ,イセチョウ,滋賀県,守山市,伊勢町
5240011,シガケン,モリヤマシ,イマイチチョウ,滋賀県,守山市,今市町
5240046,シガケン,モリヤマシ,イマジュク,滋賀県,守山市,今宿
5240046,シガケン,モリヤマシ,イマジュクチョウ,滋賀県,守山市,今宿町
5240101,シガケン,モリヤマシ,イマハマチョウ,滋賀県,守山市,今浜町
5240037,シガケン,モリヤマシ,ウメダチョウ,滋賀県,守山市,梅田町
5240042,シガケン,モリヤマシ,エンマドウチョウ,滋賀県,守山市,焔魔堂町
5240054,シガケン,モリヤマシ,オオバヤシチョウ,滋賀県,守山市,大林町
5240032,シガケン,モリヤマシ,オカチョウ,滋賀県,守山市,岡町
5240004,シガケン,モリヤマシ,カサハラチョウ,滋賀県,守山市,笠原町
5240041,シガケン,モリヤマシ,カツベ,滋賀県,守山市,勝部
5240041,シガケン,モリヤマシ,カツベチョウ,滋賀県,守山市,勝部町
5240045,シガケン,モリヤマシ,カネガモリチョウ,滋賀県,守山市,金森町
5240001,シガケン,モリヤマシ,カワタチョウ,滋賀県,守山市,川田町
5240216,シガケン,モリヤマシ,カンキョウガクシュウトシセンゲンキネンコウエン,滋賀県,守山市,環境学習都市宣言記念公園
5240002,シガケン,モリヤマシ,コジマチョウ,滋賀県,守山市,小島町
5240104,シガケン,モリヤマシ,コノハマチョウ,滋賀県,守山市,木浜町
5240211,シガケン,モリヤマシ,コバマチョウ,滋賀県,守山市,小浜町
5240215,シガケン,モリヤマシ,サヅカワチョウ,滋賀県,守山市,幸津川町
5240013,シガケン,モリヤマシ,シモノゴウ,滋賀県,守山市,下之郷
5240013,シガケン,モリヤマシ,シモノゴウチョウ,滋賀県,守山市,下之郷町
5240055,シガケン,モリヤマシ,ジュウニリチョウ,滋賀県,守山市,十二里町
5240213,シガケン,モリヤマシ,シンジョウチョウ,滋賀県,守山市,新庄町
5240062,シガケン,モリヤマシ,スギエチョウ,滋賀県,守山市,杉江町
5240103,シガケン,モリヤマシ,スモトチョウ,滋賀県,守山市,洲本町
5240052,シガケン,モリヤマシ,ダイモンチョウ,滋賀県,守山市,大門町
5240214,シガケン,モリヤマシ,タツタチョウ,滋賀県,守山市,立田町
5240031,シガケン,モリヤマシ,タテイリチョウ,滋賀県,守山市,立入町
5240034,シガケン,モリヤマシ,チシロチョウ,滋賀県,守山市,千代町
5240003,シガケン,モリヤマシ,ナカチョウ,滋賀県,守山市,中町
5240212,シガケン,モリヤマシ,ハットリチョウ,滋賀県,守山市,服部町
5240012,シガケン,モリヤマシ,ハリマダチョウ,滋賀県,守山市,播磨田町
5240033,シガケン,モリヤマシ,フケチョウ,滋賀県,守山市,浮気町
5240043,シガケン,モリヤマシ,フタマチチョウ,滋賀県,守山市,二町町
5240044,シガケン,モリヤマシ,フルタカチョウ,滋賀県,守山市,古高町
5240063,シガケン,モリヤマシ,ホシカチョウ,滋賀県,守山市,欲賀町
5240102,シガケン,モリヤマシ,ミズホチョウ,滋賀県,守山市,水保町
5240051,シガケン,モリヤマシ,ミヤケチョウ,滋賀県,守山市,三宅町
5240064,シガケン,モリヤマシ,モリカワラチョウ,滋賀県,守山市,森川原町
5240022,シガケン,モリヤマシ,モリヤマ,滋賀県,守山市,守山
5240022,シガケン,モリヤマシ,モリヤマチョウ,滋賀県,守山市,守山町
5240015,シガケン,モリヤマシ,ヤジマチョウ,滋賀県,守山市,矢島町
5240065,シガケン,モリヤマシ,ヤマガチョウ,滋賀県,守山市,山賀町
5240053,シガケン,モリヤマシ,ヨコエチョウ,滋賀県,守山市,横江町
5240021,シガケン,モリヤマシ,ヨシミ,滋賀県,守山市,吉身
5240021,シガケン,モリヤマシ,ヨシミチョウ,滋賀県,守山市,吉身町
5203000,シガケン,リットウシ,イカニケイサイガナイバアイ,滋賀県,栗東市,以下に掲載がない場合
5203003,シガケン,リットウシ,アラハリ,滋賀県,栗東市,荒張
5203015,シガケン,リットウシ,アンヨウジ,滋賀県,栗東市,安養寺
5203044,シガケン,リットウシ,イセオチ,滋賀県,栗東市,伊勢落
5203006,シガケン,リットウシ,イノウエ,滋賀県,栗東市,井上
5203046,シガケン,リットウシ,オオハシ,滋賀県,栗東市,大橋
5203012,シガケン,リットウシ,オカ,滋賀県,栗東市,岡
5203024,シガケン,リットウシ,オガキ,滋賀県,栗東市,小柿
5203016,シガケン,リットウシ,オノ,滋賀県,栗東市,小野
5203033,シガケン,リットウシ,カサガワ,滋賀県,栗東市,笠川
5203004,シガケン,リットウシ,カミトヤマ,滋賀県,栗東市,上砥山
5203022,シガケン,リットウシ,カミマガリ,滋賀県,栗東市,上鈎
5203032,シガケン,リットウシ,カリハラ,滋賀県,栗東市,苅原
5203014,シガケン,リットウシ,カワヅラ,滋賀県,栗東市,川辺
5203002,シガケン,リットウシ,カンオンジ,滋賀県,栗東市,観音寺
5203037,シガケン,リットウシ,キタナカコウジ,滋賀県,栗東市,北中小路
5203034,シガケン,リットウシ,コビライ,滋賀県,栗東市,小平井
5203011,シガケン,リットウシ,シモドヤマ,滋賀県,栗東市,下戸山
5203026,シガケン,リットウシ,シモマガリ,滋賀県,栗東市,下鈎
5203036,シガケン,リットウシ,ジュウリ,滋賀県,栗東市,十里
5203045,シガケン,リットウシ,タカノ,滋賀県,栗東市,高野
5203042,シガケン,リットウシ,ツジ,滋賀県,栗東市,辻
5203041,シガケン,リットウシ,デバ,滋賀県,栗東市,出庭
5203047,シガケン,リットウシ,テハラ,滋賀県,栗東市,手原
5203025,シガケン,リットウシ,ナカザワ,滋賀県,栗東市,中沢
5203027,シガケン,リットウシ,ノジリ,滋賀県,栗東市,野尻
5203021,シガケン,リットウシ,ハチヤ,滋賀県,栗東市,蜂屋
5203043,シガケン,リットウシ,ハヤシ,滋賀県,栗東市,林
5203001,シガケン,リットウシ,ヒガシサカ,滋賀県,栗東市,東坂
5203031,シガケン,リットウシ,ヘソ,滋賀県,栗東市,綣
5203023,シガケン,リットウシ,ボウブクロ,滋賀県,栗東市,坊袋
5203005,シガケン,リットウシ,ミソノ,滋賀県,栗東市,御園
5203013,シガケン,リットウシ,メガワ,滋賀県,栗東市,目川
5203035,シガケン,リットウシ,リョウセンジ,滋賀県,栗東市,霊仙寺
5203017,シガケン,リットウシ,ロクジゾウ,滋賀県,栗東市,六地蔵
5280000,シガケン,コウカシ,イカニケイサイガナイバアイ,滋賀県,甲賀市,以下に掲載がない場合
5203413,シガケン,コウカシ,コウカチョウアブラヒ,滋賀県,甲賀市,甲賀町油日
5203412,シガケン,コウカシ,コウカチョウイチノ,滋賀県,甲賀市,甲賀町櫟野
5203401,シガケン,コウカシ,コウカチョウイワムロ,滋賀県,甲賀市,甲賀町岩室
5203421,シガケン,コウカシ,コウカチョウウエノ,滋賀県,甲賀市,甲賀町上野
5203414,シガケン,コウカシ,コウカチョウオオクボ,滋賀県,甲賀市,甲賀町大久保
5203433,シガケン,コウカシ,コウカチョウオオハライチバ,滋賀県,甲賀市,甲賀町大原市場
5203415,シガケン,コウカシ,コウカチョウオオハラウエダ,滋賀県,甲賀市,甲賀町大原上田
5203431,シガケン,コウカシ,コウカチョウオオハラナカ,滋賀県,甲賀市,甲賀町大原中
5203405,シガケン,コウカシ,コウカチョウオキ,滋賀県,甲賀市,甲賀町隠岐
5203427,シガケン,コウカシ,コウカチョウカフカダイ,滋賀県,甲賀市,甲賀町鹿深台
5203411,シガケン,コウカシ,コウカチョウカミ,滋賀県,甲賀市,甲賀町神
5203402,シガケン,コウカシ,コウカチョウコサジ,滋賀県,甲賀市,甲賀町小佐治
5203423,シガケン,コウカシ,コウカチョウゴタンダ,滋賀県,甲賀市,甲賀町五反田
5203435,シガケン,コウカシ,コウカチョウサガミ,滋賀県,甲賀市,甲賀町相模
5203404,シガケン,コウカシ,コウカチョウジンボ,滋賀県,甲賀市,甲賀町神保
5203434,シガケン,コウカシ,コウカチョウタカノ,滋賀県,甲賀市,甲賀町高野
5203424,シガケン,コウカシ,コウカチョウタカミネ,滋賀県,甲賀市,甲賀町高嶺
5203432,シガケン,コウカシ,コウカチョウタキ,滋賀県,甲賀市,甲賀町滝
5203426,シガケン,コウカシ,コウカチョウタドノ,滋賀県,甲賀市,甲賀町田堵野
5203403,シガケン,コウカシ,コウカチョウトリイノ,滋賀県,甲賀市,甲賀町鳥居野
5203436,シガケン,コウカシ,コウカチョウハイサカ,滋賀県,甲賀市,甲賀町拝坂
5203425,シガケン,コウカシ,コウカチョウモビラ,滋賀県,甲賀市,甲賀町毛枚
5203422,シガケン,コウカシ,コウカチョウワタ,滋賀県,甲賀市,甲賀町和田
5203302,シガケン,コウカシ,コウナンチョウイケダ,滋賀県,甲賀市,甲南町池田
5203312,シガケン,コウカシ,コウナンチョウイソオ,滋賀県,甲賀市,甲南町磯尾
5203316,シガケン,コウカシ,コウナンチョウイチハラ,滋賀県,甲賀市,甲南町市原
5203321,シガケン,コウカシ,コウナンチョウカヅラキ,滋賀県,甲賀市,甲南町葛木
5203303,シガケン,コウカシ,コウナンチョウカミマスギ,滋賀県,甲賀市,甲南町上馬杉
5203333,シガケン,コウカシ,コウナンチョウキボウガオカ,滋賀県,甲賀市,甲南町希望ケ丘
5203332,シガケン,コウカシ,コウナンチョウキボウガオカホンマチ,滋賀県,甲賀市,甲南町希望ケ丘本町
5203326,シガケン,コウカシ,コウナンチョウコウシン,滋賀県,甲賀市,甲南町耕心
5203306,シガケン,コウカシ,コウナンチョウコオジ,滋賀県,甲賀市,甲南町柑子
5203315,シガケン,コウカシ,コウナンチョウシオノ,滋賀県,甲賀市,甲南町塩野
5203304,シガケン,コウカシ,コウナンチョウシモマスギ,滋賀県,甲賀市,甲南町下馬杉
5203313,シガケン,コウカシ,コウナンチョウシンジ,滋賀県,甲賀市,甲南町新治
5203314,シガケン,コウカシ,コウナンチョウスギタニ,滋賀県,甲賀市,甲南町杉谷
5203301,シガケン,コウカシ,コウナンチョウテラショウ,滋賀県,甲賀市,甲南町寺庄
5203305,シガケン,コウカシ,コウナンチョウノガワ,滋賀県,甲賀市,甲南町野川
5203307,シガケン,コウカシ,コウナンチョウノジリ,滋賀県,甲賀市,甲南町野尻
5203308,シガケン,コウカシ,コウナンチョウノダ,滋賀県,甲賀市,甲南町野田
5203331,シガケン,コウカシ,コウナンチョウヒエダニ,滋賀県,甲賀市,甲南町稗谷
5203322,シガケン,コウカシ,コウナンチョウフカワ,滋賀県,甲賀市,甲南町深川
5203323,シガケン,コウカシ,コウナンチョウフカワイチバ,滋賀県,甲賀市,甲南町深川市場
5203325,シガケン,コウカシ,コウナンチョウホウノキ,滋賀県,甲賀市,甲南町宝木
5203324,シガケン,コウカシ,コウナンチョウモリシリ,滋賀県,甲賀市,甲南町森尻
5203311,シガケン,コウカシ,コウナンチョウリュウボウシ,滋賀県,甲賀市,甲南町竜法師
5291811,シガケン,コウカシ,シガラキチョウエダ,滋賀県,甲賀市,信楽町江田
5291833,シガケン,コウカシ,シガラキチョウオガワ,滋賀県,甲賀市,信楽町小川
5291832,シガケン,コウカシ,シガラキチョウオガワデ,滋賀県,甲賀市,信楽町小川出
5291841,シガケン,コウカシ,シガラキチョウカミアサミヤ,滋賀県,甲賀市,信楽町上朝宮
5291802,シガケン,コウカシ,シガラキチョウキノセ,滋賀県,甲賀市,信楽町黄瀬
5291812,シガケン,コウカシ,シガラキチョウコウヤマ,滋賀県,甲賀市,信楽町神山
5291842,シガケン,コウカシ,シガラキチョウシモアサミヤ,滋賀県,甲賀市,信楽町下朝宮
5291834,シガケン,コウカシ,シガラキチョウスギヤマ,滋賀県,甲賀市,信楽町杉山
5291814,シガケン,コウカシ,シガラキチョウタシロ,滋賀県,甲賀市,信楽町田代
5291821,シガケン,コウカシ,シガラキチョウタラオ,滋賀県,甲賀市,信楽町多羅尾
5291804,シガケン,コウカシ,シガラキチョウチョクシ,滋賀県,甲賀市,信楽町勅旨
5291835,シガケン,コウカシ,シガラキチョウナカノ,滋賀県,甲賀市,信楽町中野
5291851,シガケン,コウカシ,シガラキチョウナガノ,滋賀県,甲賀市,信楽町長野
5291831,シガケン,コウカシ,シガラキチョウニシ,滋賀県,甲賀市,信楽町西
5291813,シガケン,コウカシ,シガラキチョウハタ,滋賀県,甲賀市,信楽町畑
5291836,シガケン,コウカシ,シガラキチョウホソハラ,滋賀県,甲賀市,信楽町柞原
5291803,シガケン,コウカシ,シガラキチョウマキ,滋賀県,甲賀市,信楽町牧
5291843,シガケン,コウカシ,シガラキチョウミヤジリ,滋賀県,甲賀市,信楽町宮尻
5291801,シガケン,コウカシ,シガラキチョウミヤマチ,滋賀県,甲賀市,信楽町宮町
5280204,シガケン,コウカシ,ツチヤマチョウアケビハラ,滋賀県,甲賀市,土山町山女原
5280202,シガケン,コウカシ,ツチヤマチョウアユカワ,滋賀県,甲賀市,土山町鮎河
5280233,シガケン,コウカシ,ツチヤマチョウイチバ,滋賀県,甲賀市,土山町市場
5280207,シガケン,コウカシ,ツチヤマチョウイノハナ,滋賀県,甲賀市,土山町猪鼻
5280201,シガケン,コウカシ,ツチヤマチョウオオカワラ,滋賀県,甲賀市,土山町大河原
5280213,シガケン,コウカシ,ツチヤマチョウオオザワ,滋賀県,甲賀市,土山町大澤
5280221,シガケン,コウカシ,ツチヤマチョウオオヅチ,滋賀県,甲賀市,土山町青土
5280235,シガケン,コウカシ,ツチヤマチョウオオノ,滋賀県,甲賀市,土山町大野
5280211,シガケン,コウカシ,ツチヤマチョウキタツチヤマ,滋賀県,甲賀市,土山町北土山
5280208,シガケン,コウカシ,ツチヤマチョウクロカワ,滋賀県,甲賀市,土山町黒川
5280203,シガケン,コウカシ,ツチヤマチョウクロタキ,滋賀県,甲賀市,土山町黒滝
5280223,シガケン,コウカシ,ツチヤマチョウセノオト,滋賀県,甲賀市,土山町瀬ノ音
5280205,シガケン,コウカシ,ツチヤマチョウソソロ,滋賀県,甲賀市,土山町笹路
5280234,シガケン,コウカシ,ツチヤマチョウトクハラ,滋賀県,甲賀市,土山町徳原
5280231,シガケン,コウカシ,ツチヤマチョウトングウ,滋賀県,甲賀市,土山町頓宮
5280224,シガケン,コウカシ,ツチヤマチョウノガミノ,滋賀県,甲賀市,土山町野上野
5280222,シガケン,コウカシ,ツチヤマチョウヒラコ,滋賀県,甲賀市,土山町平子
5280232,シガケン,コウカシ,ツチヤマチョウマエノ,滋賀県,甲賀市,土山町前野
5280212,シガケン,コウカシ,ツチヤマチョウミナミツチヤマ,滋賀県,甲賀市,土山町南土山
5280206,シガケン,コウカシ,ツチヤマチョウヤマナカ,滋賀県,甲賀市,土山町山中
5280012,シガケン,コウカシ,ミナクチチョウアカツキ,滋賀県,甲賀市,水口町暁
5280071,シガケン,コウカシ,ミナクチチョウアキバ,滋賀県,甲賀市,水口町秋葉
5280072,シガケン,コウカシ,ミナクチチョウアサヒガオカ,滋賀県,甲賀市,水口町朝日が丘
5280033,シガケン,コウカシ,ミナクチチョウアヤノ,滋賀県,甲賀市,水口町綾野
5280056,シガケン,コウカシ,ミナクチチョウイズミ,滋賀県,甲賀市,水口町泉
5280002,シガケン,コウカシ,ミナクチチョウイマゴウ,滋賀県,甲賀市,水口町今郷
5280047,シガケン,コウカシ,ミナクチチョウイワサカ,滋賀県,甲賀市,水口町岩坂
5280055,シガケン,コウカシ,ミナクチチョウウエ,滋賀県,甲賀市,水口町植
5280052,シガケン,コウカシ,ミナクチチョウウカワ,滋賀県,甲賀市,水口町宇川
5280045,シガケン,コウカシ,ミナクチチョウウシカイ,滋賀県,甲賀市,水口町牛飼
5280053,シガケン,コウカシ,ミナクチチョウウツタ,滋賀県,甲賀市,水口町宇田
5280022,シガケン,コウカシ,ミナクチチョウウメガオカ,滋賀県,甲賀市,水口町梅が丘
5280065,シガケン,コウカシ,ミナクチチョウカスガ,滋賀県,甲賀市,水口町春日
5280004,シガケン,コウカシ,ミナクチチョウギカ,滋賀県,甲賀市,水口町嶬峨
5280058,シガケン,コウカシ,ミナクチチョウキタイズミ,滋賀県,甲賀市,水口町北泉
5280051,シガケン,コウカシ,ミナクチチョウキタナイキ,滋賀県,甲賀市,水口町北内貴
5280057,シガケン,コウカシ,ミナクチチョウキタワキ,滋賀県,甲賀市,水口町北脇
5280049,シガケン,コウカシ,ミナクチチョウキブカワ,滋賀県,甲賀市,水口町貴生川
5280017,シガケン,コウカシ,ミナクチチョウキョウマチ,滋賀県,甲賀市,水口町京町
5280073,シガケン,コウカシ,ミナクチチョウコジョウガオカ,滋賀県,甲賀市,水口町古城が丘
5280054,シガケン,コウカシ,ミナクチチョウサコウド,滋賀県,甲賀市,水口町酒人
5280061,シガケン,コウカシ,ミナクチチョウササガオカ,滋賀県,甲賀市,水口町笹が丘
5280062,シガケン,コウカシ,ミナクチチョウサツキガオカ,滋賀県,甲賀市,水口町さつきが丘
5280046,シガケン,コウカシ,ミナクチチョウサンダイジ,滋賀県,甲賀市,水口町三大寺
5280040,シガケン,コウカシ,ミナクチチョウサンボンヤナギ,滋賀県,甲賀市,水口町三本柳
5280063,シガケン,コウカシ,ミナクチチョウシモヤマ,滋賀県,甲賀市,水口町下山
5280015,シガケン,コウカシ,ミナクチチョウショウエイ,滋賀県,甲賀市,水口町松栄
5280028,シガケン,コウカシ,ミナクチチョウジョウトウ,滋賀県,甲賀市,水口町城東
5280027,シガケン,コウカシ,ミナクチチョウジョウナイ,滋賀県,甲賀市,水口町城内
5280007,シガケン,コウカシ,ミナクチチョウシンジョウ,滋賀県,甲賀市,水口町新城
5280038,シガケン,コウカシ,ミナクチチョウシンマチ,滋賀県,甲賀市,水口町新町
5280016,シガケン,コウカシ,ミナクチチョウシンメイ,滋賀県,甲賀市,水口町神明
5280043,シガケン,コウカシ,ミナクチチョウソマナカ,滋賀県,甲賀市,水口町杣中
5280011,シガケン,コウカシ,ミナクチチョウタカツカ,滋賀県,甲賀市,水口町高塚
5280048,シガケン,コウカシ,ミナクチチョウタカヤマ,滋賀県,甲賀市,水口町高山
5280001,シガケン,コウカシ,ミナクチチョウナカハタ,滋賀県,甲賀市,水口町中畑
5280024,シガケン,コウカシ,ミナクチチョウナカヤシキ,滋賀県,甲賀市,水口町中邸
5280035,シガケン,コウカシ,ミナクチチョウナサカ,滋賀県,甲賀市,水口町名坂
5280025,シガケン,コウカシ,ミナクチチョウニシハヤシグチ,滋賀県,甲賀市,水口町西林口
5280034,シガケン,コウカシ,ミナクチチョウニチデン,滋賀県,甲賀市,水口町日電
5280021,シガケン,コウカシ,ミナクチチョウハッコウ,滋賀県,甲賀市,水口町八光
5280066,シガケン,コウカシ,ミナクチチョウハッタ,滋賀県,甲賀市,水口町八田
5280064,シガケン,コウカシ,ミナクチチョウバンナカヤマ,滋賀県,甲賀市,水口町伴中山
5280036,シガケン,コウカシ,ミナクチチョウヒガシナサカ,滋賀県,甲賀市,水口町東名坂
5280026,シガケン,コウカシ,ミナクチチョウヒガシハヤシグチ,滋賀県,甲賀市,水口町東林口
5280068,シガケン,コウカシ,ミナクチチョウヒノキガオカ,滋賀県,甲賀市,水口町ひのきが丘
5280031,シガケン,コウカシ,ミナクチチョウホンマチ,滋賀県,甲賀市,水口町本町
5280023,シガケン,コウカシ,ミナクチチョウホンマル,滋賀県,甲賀市,水口町本丸
5280074,シガケン,コウカシ,ミナクチチョウマツオ,滋賀県,甲賀市,水口町松尾
5280020,シガケン,コウカシ,ミナクチチョウマトバ,滋賀県,甲賀市,水口町的場
5280005,シガケン,コウカシ,ミナクチチョウミナクチ,滋賀県,甲賀市,水口町水口
5280029,シガケン,コウカシ,ミナクチチョウミナミハヤシグチ,滋賀県,甲賀市,水口町南林口
5280013,シガケン,コウカシ,ミナクチチョウミヤノマエ,滋賀県,甲賀市,水口町宮の前
5280041,シガケン,コウカシ,ミナクチチョウムショウノ,滋賀県,甲賀市,水口町虫生野
5280042,シガケン,コウカシ,ミナクチチョウムショウノチュウオウ,滋賀県,甲賀市,水口町虫生野中央
5280069,シガケン,コウカシ,ミナクチチョウムショウノニジノマチ,滋賀県,甲賀市,水口町虫生野虹の町
5280037,シガケン,コウカシ,ミナクチチョウモトアヤノ,滋賀県,甲賀市,水口町本綾野
5280006,シガケン,コウカシ,ミナクチチョウモトマチ,滋賀県,甲賀市,水口町元町
5280032,シガケン,コウカシ,ミナクチチョウヤサカ,滋賀県,甲賀市,水口町八坂
5280067,シガケン,コウカシ,ミナクチチョウヤマ,滋賀県,甲賀市,水口町山
5280044,シガケン,コウカシ,ミナクチチョウヤマガミ,滋賀県,甲賀市,水口町山上
5280014,シガケン,コウカシ,ミナクチチョウロクシン,滋賀県,甲賀市,水口町鹿深
5280003,シガケン,コウカシ,ミナクチチョウワノ,滋賀県,甲賀市,水口町和野
5202300,シガケン,ヤスシ,イカニケイサイガナイバアイ,滋賀県,野洲市,以下に掲載がない場合
5202402,シガケン,ヤスシ,アヤメ,滋賀県,野洲市,菖蒲
5202411,シガケン,ヤスシ,アワジ,滋賀県,野洲市,安治
5202362,シガケン,ヤスシ,イチミヤケ,滋賀県,野洲市,市三宅
5202414,シガケン,ヤスシ,イノクチ,滋賀県,野洲市,井口
5202312,シガケン,ヤスシ,イリマチ,滋賀県,野洲市,入町
5202324,シガケン,ヤスシ,オウミフジ,滋賀県,野洲市,近江富士
5202313,シガケン,ヤスシ,オオシノハラ,滋賀県,野洲市,大篠原
5202343,シガケン,ヤスシ,オオハタ,滋賀県,野洲市,大畑
5202435,シガケン,ヤスシ,オチクボ,滋賀県,野洲市,乙窪
5202316,シガケン,ヤスシ,カミヤ,滋賀県,野洲市,上屋
5202403,シガケン,ヤスシ,キゴウ,滋賀県,野洲市,喜合
5202305,シガケン,ヤスシ,キタ,滋賀県,野洲市,北
5202321,シガケン,ヤスシ,キタザクラ,滋賀県,野洲市,北桜
5202361,シガケン,ヤスシ,キタノ,滋賀県,野洲市,北野
5202436,シガケン,ヤスシ,キタヒエ,滋賀県,野洲市,北比江
5202431,シガケン,ヤスシ,キベ,滋賀県,野洲市,木部
5202353,シガケン,ヤスシ,クノベ,滋賀県,野洲市,久野部
5202331,シガケン,ヤスシ,コシノハラ,滋賀県,野洲市,小篠原
5202424,シガケン,ヤスシ,ゴジョウ,滋賀県,野洲市,五条
5202314,シガケン,ヤスシ,コヅツミ,滋賀県,野洲市,小堤
5202364,シガケン,ヤスシ,ゴノリ,滋賀県,野洲市,五之里
5202437,シガケン,ヤスシ,コビエ,滋賀県,野洲市,小比江
5202301,シガケン,ヤスシ,コミナミ,滋賀県,野洲市,小南
5202333,シガケン,ヤスシ,サカエ,滋賀県,野洲市,栄
5202417,シガケン,ヤスシ,シモヅツミ,滋賀県,野洲市,下堤
5202415,シガケン,ヤスシ,スワラ,滋賀県,野洲市,須原
5202302,シガケン,ヤスシ,タカギ,滋賀県,野洲市,高木
5202365,シガケン,ヤスシ,タケガオカ,滋賀県,野洲市,竹ヶ丘
5202363,シガケン,ヤスシ,タケジョウ,滋賀県,野洲市,竹生
5202315,シガケン,ヤスシ,ツジマチ,滋賀県,野洲市,辻町
5202416,シガケン,ヤスシ,ツツミ,滋賀県,野洲市,堤
5202351,シガケン,ヤスシ,トバコウ,滋賀県,野洲市,冨波甲
5202352,シガケン,ヤスシ,トバオツ,滋賀県,野洲市,冨波乙
5202303,シガケン,ヤスシ,ナカキタ,滋賀県,野洲市,中北
5202311,シガケン,ヤスシ,ナガシマ,滋賀県,野洲市,長島
5202304,シガケン,ヤスシ,ナガハラ,滋賀県,野洲市,永原
5202423,シガケン,ヤスシ,ニシガワラ,滋賀県,野洲市,西河原
5202421,シガケン,ヤスシ,ノダ,滋賀県,野洲市,野田
5202434,シガケン,ヤスシ,ヒエ,滋賀県,野洲市,比江
5202422,シガケン,ヤスシ,ヒルタ,滋賀県,野洲市,比留田
5202323,シガケン,ヤスシ,ミカミ,滋賀県,野洲市,三上
5202322,シガケン,ヤスシ,ミナミザクラ,滋賀県,野洲市,南桜
5202332,シガケン,ヤスシ,ミョウコウジ,滋賀県,野洲市,妙光寺
5202432,シガケン,ヤスシ,ムシュウ,滋賀県,野洲市,虫生
5202342,シガケン,ヤスシ,ヤス,滋賀県,野洲市,野洲
5202433,シガケン,ヤスシ,ヤブ,滋賀県,野洲市,八夫
5202341,シガケン,ヤスシ,ユキハタ,滋賀県,野洲市,行畑
5202401,シガケン,ヤスシ,ヨシカワ,滋賀県,野洲市,吉川
5202413,シガケン,ヤスシ,ヨシジ,滋賀県,野洲市,吉地
5202412,シガケン,ヤスシ,ロクジョウ,滋賀県,野洲市,六条
5203200,シガケン,コナンシ,イカニケイサイガナイバアイ,滋賀県,湖南市,以下に掲載がない場合
5203251,シガケン,コナンシ,アサクニ,滋賀県,湖南市,朝国
5203116,シガケン,コナンシ,アメヤマ,滋賀県,湖南市,雨山
5203101,シガケン,コナンシ,イシベ,滋賀県,湖南市,石部
5203109,シガケン,コナンシ,イシベガオカ,滋賀県,湖南市,石部が丘
5203113,シガケン,コナンシ,イシベキタ,滋賀県,湖南市,石部北
5203114,シガケン,コナンシ,イシベグチ,滋賀県,湖南市,石部口
5203106,シガケン,コナンシ,イシベチュウオウ,滋賀県,湖南市,石部中央
5203105,シガケン,コナンシ,イシベニシ,滋賀県,湖南市,石部西
5203107,シガケン,コナンシ,イシベヒガシ,滋賀県,湖南市,石部東
5203115,シガケン,コナンシ,イシベミドリダイ,滋賀県,湖南市,石部緑台
5203108,シガケン,コナンシ,イシベミナミ,滋賀県,湖南市,石部南
5203252,シガケン,コナンシ,イワネ,滋賀県,湖南市,岩根
5203254,シガケン,コナンシ,イワネチュウオウ,滋賀県,湖南市,岩根中央
5203214,シガケン,コナンシ,ウメカゲチョウ,滋賀県,湖南市,梅影町
5203245,シガケン,コナンシ,オウミダイ,滋賀県,湖南市,近江台
5203213,シガケン,コナンシ,オオイケチョウ,滋賀県,湖南市,大池町
5203104,シガケン,コナンシ,オカデ,滋賀県,湖南市,岡出
5203241,シガケン,コナンシ,キタヤマダイ,滋賀県,湖南市,北山台
5203233,シガケン,コナンシ,コウジブクロ,滋賀県,湖南市,柑子袋
5203237,シガケン,コナンシ,コウジブクロニシ,滋賀県,湖南市,柑子袋西
5203236,シガケン,コナンシ,コウジブクロヒガシ,滋賀県,湖南市,柑子袋東
5203212,シガケン,コナンシ,コスナチョウ,滋賀県,湖南市,小砂町
5203244,シガケン,コナンシ,サイドタウン,滋賀県,湖南市,サイドタウン
5203201,シガケン,コナンシ,シモダ,滋賀県,湖南市,下田
5203253,シガケン,コナンシ,ショウフクジ,滋賀県,湖南市,正福寺
5203211,シガケン,コナンシ,タカマツチョウ,滋賀県,湖南市,高松町
5203234,シガケン,コナンシ,チュウオウ,滋賀県,湖南市,中央
5203223,シガケン,コナンシ,ナツミ,滋賀県,湖南市,夏見
5203121,シガケン,コナンシ,ニシテラ,滋賀県,湖南市,西寺
5203202,シガケン,コナンシ,ニシミネチョウ,滋賀県,湖南市,西峰町
5203231,シガケン,コナンシ,ハリ,滋賀県,湖南市,針
5203256,シガケン,コナンシ,ヒエアオイ,滋賀県,湖南市,日枝あおい
5203203,シガケン,コナンシ,ヒエチョウ,滋賀県,湖南市,日枝町
5203255,シガケン,コナンシ,ヒエヤマテダイ,滋賀県,湖南市,日枝山手台
5203111,シガケン,コナンシ,ヒガシテラ,滋賀県,湖南市,東寺
5203232,シガケン,コナンシ,ヒラマツ,滋賀県,湖南市,平松
5203235,シガケン,コナンシ,ヒラマツキタ,滋賀県,湖南市,平松北
5203103,シガケン,コナンシ,ホウライザカ,滋賀県,湖南市,宝来坂
5203242,シガケン,コナンシ,ボダイジ,滋賀県,湖南市,菩提寺
5203246,シガケン,コナンシ,ボダイジキタ,滋賀県,湖南市,菩提寺北
5203248,シガケン,コナンシ,ボダイジニシ,滋賀県,湖南市,菩提寺西
5203247,シガケン,コナンシ,ボダイジヒガシ,滋賀県,湖南市,菩提寺東
5203112,シガケン,コナンシ,マルヤマ,滋賀県,湖南市,丸山
5203221,シガケン,コナンシ,ミクモ,滋賀県,湖南市,三雲
5203215,シガケン,コナンシ,ミトチョウ,滋賀県,湖南市,水戸町
5203102,シガケン,コナンシ,ミヤノモリ,滋賀県,湖南市,宮の森
5203222,シガケン,コナンシ,ヨシナガ,滋賀県,湖南市,吉永
5203216,シガケン,コナンシ,ワカタケチョウ,滋賀県,湖南市,若竹町
5201100,シガケン,タカシマシ,イカニケイサイガナイバアイ,滋賀県,高島市,以下に掲載がない場合
5201221,シガケン,タカシマシ,アドガワチョウアオヤギ,滋賀県,高島市,安曇川町青柳
5201224,シガケン,タカシマシ,アドガワチョウカミオガワ,滋賀県,高島市,安曇川町上小川
5201201,シガケン,タカシマシ,アドガワチョウカミコガ,滋賀県,高島市,安曇川町上古賀
5201231,シガケン,タカシマシ,アドガワチョウカワシマ,滋賀県,高島市,安曇川町川島
5201232,シガケン,タカシマシ,アドガワチョウキタフナキ,滋賀県,高島市,安曇川町北船木
5201213,シガケン,タカシマシ,アドガワチョウゴバンリョウ,滋賀県,高島市,安曇川町五番領
5201223,シガケン,タカシマシ,アドガワチョウシモオガワ,滋賀県,高島市,安曇川町下小川
5201202,シガケン,タカシマシ,アドガワチョウシモコガ,滋賀県,高島市,安曇川町下古賀
5201214,シガケン,タカシマシ,アドガワチョウスエヒロ,滋賀県,高島市,安曇川町末広
5201217,シガケン,タカシマシ,アドガワチョウタナカ,滋賀県,高島市,安曇川町田中
5201216,シガケン,タカシマシ,アドガワチョウチュウオウ,滋賀県,高島市,安曇川町中央
5201211,シガケン,タカシマシ,アドガワチョウトキワギ,滋賀県,高島市,安曇川町常磐木
5201205,シガケン,タカシマシ,アドガワチョウナガオ,滋賀県,高島市,安曇川町長尾
5201204,シガケン,タカシマシ,アドガワチョウナカノ,滋賀県,高島市,安曇川町中野
5201212,シガケン,タカシマシ,アドガワチョウニシユルギ,滋賀県,高島市,安曇川町西万木
5201215,シガケン,タカシマシ,アドガワチョウミオザト,滋賀県,高島市,安曇川町三尾里
5201203,シガケン,タカシマシ,アドガワチョウミナミコガ,滋賀県,高島市,安曇川町南古賀
5201233,シガケン,タカシマシ,アドガワチョウミナミフナキ,滋賀県,高島市,安曇川町南船木
5201222,シガケン,タカシマシ,アドガワチョウヨコエ,滋賀県,高島市,安曇川町横江
5201235,シガケン,タカシマシ,アドガワチョウヨコエハマ,滋賀県,高島市,安曇川町横江浜
5201234,シガケン,タカシマシ,アドガワチョウヨツガワ,滋賀県,高島市,安曇川町四津川
5201647,シガケン,タカシマシ,イマヅチョウアマスガワ,滋賀県,高島市,今津町天増川
5201621,シガケン,タカシマシ,イマヅチョウイマヅ,滋賀県,高島市,今津町今津
5201654,シガケン,タカシマシ,イマヅチョウウメハラ,滋賀県,高島市,今津町梅原
5201635,シガケン,タカシマシ,イマヅチョウオオトモ,滋賀県,高島市,今津町大供
5201634,シガケン,タカシマシ,イマヅチョウオオトモダイモン,滋賀県,高島市,今津町大供大門
5201602,シガケン,タカシマシ,イマヅチョウカツラ,滋賀県,高島市,今津町桂
5201613,シガケン,タカシマシ,イマヅチョウカミヒロベ,滋賀県,高島市,今津町上弘部
5201653,シガケン,タカシマシ,イマヅチョウキシワキ,滋賀県,高島市,今津町岸脇
5201642,シガケン,タカシマシ,イマヅチョウキタウミ,滋賀県,高島市,今津町北生見
5201603,シガケン,タカシマシ,イマヅチョウキトゲ,滋賀県,高島市,今津町北仰
5201632,シガケン,タカシマシ,イマヅチョウサクラマチ,滋賀県,高島市,今津町桜町
5201651,シガケン,タカシマシ,イマヅチョウサナミ,滋賀県,高島市,今津町酒波
5201612,シガケン,タカシマシ,イマヅチョウシモヒロベ,滋賀県,高島市,今津町下弘部
5201633,シガケン,タカシマシ,イマヅチョウショウヨウダイ,滋賀県,高島市,今津町松陽台
5201646,シガケン,タカシマシ,イマヅチョウスギヤマ,滋賀県,高島市,今津町杉山
5201623,シガケン,タカシマシ,イマヅチョウスミヨシ,滋賀県,高島市,今津町住吉
5201648,シガケン,タカシマシ,イマヅチョウツノガワ,滋賀県,高島市,今津町角川
5201644,シガケン,タカシマシ,イマヅチョウトチュウダニ,滋賀県,高島市,今津町途中谷
5201622,シガケン,タカシマシ,イマヅチョウナカヌマ,滋賀県,高島市,今津町中沼
5201631,シガケン,タカシマシ,イマヅチョウナコジ,滋賀県,高島市,今津町名小路
5201604,シガケン,タカシマシ,イマヅチョウハマブン,滋賀県,高島市,今津町浜分
5201655,シガケン,タカシマシ,イマヅチョウヒオキマエ,滋賀県,高島市,今津町日置前
5201611,シガケン,タカシマシ,イマヅチョウヒロカワ,滋賀県,高島市,今津町弘川
5201601,シガケン,タカシマシ,イマヅチョウフカシミズ,滋賀県,高島市,今津町深清水
5201652,シガケン,タカシマシ,イマヅチョウフクオカ,滋賀県,高島市,今津町福岡
5201636,シガケン,タカシマシ,イマヅチョウフナバシ,滋賀県,高島市,今津町舟橋
5201643,シガケン,タカシマシ,イマヅチョウホウザカ,滋賀県,高島市,今津町保坂
5201641,シガケン,タカシマシ,イマヅチョウミナミウミ,滋賀県,高島市,今津町南生見
5201605,シガケン,タカシマシ,イマヅチョウミナミシンボ,滋賀県,高島市,今津町南新保
5201645,シガケン,タカシマシ,イマヅチョウムクガワ,滋賀県,高島市,今津町椋川
5201614,シガケン,タカシマシ,イマヅチョウユウ,滋賀県,高島市,今津町藺生
5201122,シガケン,タカシマシ,ウカワ,滋賀県,高島市,鵜川
5201131,シガケン,タカシマシ,オトワ,滋賀県,高島市,音羽
5201121,シガケン,タカシマシ,カツノ,滋賀県,高島市,勝野
5201111,シガケン,タカシマシ,カモ,滋賀県,高島市,鴨
5201133,シガケン,タカシマシ,カモガワダイラ,滋賀県,高島市,鴨川平
5201451,シガケン,タカシマシ,クツキアソウ,滋賀県,高島市,朽木麻生
5201411,シガケン,タカシマシ,クツキアラカワ,滋賀県,高島市,朽木荒川
5201401,シガケン,タカシマシ,クツキイチバ,滋賀県,高島市,朽木市場
5201421,シガケン,タカシマシ,クツキイワセ,滋賀県,高島市,朽木岩瀬
5201413,シガケン,タカシマシ,クツキウエノ,滋賀県,高島市,朽木上野
5201453,シガケン,タカシマシ,クツキウトウダニ,滋賀県,高島市,朽木雲洞谷
5201442,シガケン,タカシマシ,クツキオイスギ,滋賀県,高島市,朽木生杉
5201423,シガケン,タカシマシ,クツキオオノ,滋賀県,高島市,朽木大野
5201443,シガケン,タカシマシ,クツキオニュウダニ,滋賀県,高島市,朽木小入谷
5201415,シガケン,タカシマシ,クツキカセ,滋賀県,高島市,朽木柏
5201455,シガケン,タカシマシ,クツキキジヤマ,滋賀県,高島市,朽木木地山
5201433,シガケン,タカシマシ,クツキクワバラ,滋賀県,高島市,朽木桑原
5201431,シガケン,タカシマシ,クツキコガワ,滋賀県,高島市,朽木小川
5201452,シガケン,タカシマシ,クツキジシハラ,滋賀県,高島市,朽木地子原
5201425,シガケン,タカシマシ,クツキトチュウ,滋賀県,高島市,朽木栃生
5201444,シガケン,タカシマシ,クツキナカマキ,滋賀県,高島市,朽木中牧
5201454,シガケン,タカシマシ,クツキノウゲ,滋賀県,高島市,朽木能家
5201412,シガケン,タカシマシ,クツキノジリ,滋賀県,高島市,朽木野尻
5201422,シガケン,タカシマシ,クツキフルカワ,滋賀県,高島市,朽木古川
5201441,シガケン,タカシマシ,クツキフルヤ,滋賀県,高島市,朽木古屋
5201432,シガケン,タカシマシ,クツキヘラ,滋賀県,高島市,朽木平良
5201414,シガケン,タカシマシ,クツキミヤマエボウ,滋賀県,高島市,朽木宮前坊
5201424,シガケン,タカシマシ,クツキムライ,滋賀県,高島市,朽木村井
5201143,シガケン,タカシマシ,クロダニ,滋賀県,高島市,黒谷
5201142,シガケン,タカシマシ,シシガセ,滋賀県,高島市,鹿ケ瀬
5201123,シガケン,タカシマシ,シロヤマダイ,滋賀県,高島市,城山台
5201531,シガケン,タカシマシ,シンアサヒチョウアイバ,滋賀県,高島市,新旭町饗庭
5201501,シガケン,タカシマシ,シンアサヒチョウアサヒ,滋賀県,高島市,新旭町旭
5201512,シガケン,タカシマシ,シンアサヒチョウオオタ,滋賀県,高島市,新旭町太田
5201521,シガケン,タカシマシ,シンアサヒチョウキタバタ,滋賀県,高島市,新旭町北畑
5201532,シガケン,タカシマシ,シンアサヒチョウクマノモト,滋賀県,高島市,新旭町熊野本
5201522,シガケン,タカシマシ,シンアサヒチョウシンジョウ,滋賀県,高島市,新旭町新庄
5201502,シガケン,タカシマシ,シンアサヒチョウハリエ,滋賀県,高島市,新旭町針江
5201503,シガケン,タカシマシ,シンアサヒチョウフカミゾ,滋賀県,高島市,新旭町深溝
5201533,シガケン,タカシマシ,シンアサヒチョウヤスイガワ,滋賀県,高島市,新旭町安井川
5201511,シガケン,タカシマシ,シンアサヒチョウワラソノ,滋賀県,高島市,新旭町藁園
5201141,シガケン,タカシマシ,タカシマ,滋賀県,高島市,高島
5201112,シガケン,タカシマシ,ナガタ,滋賀県,高島市,永田
5201102,シガケン,タカシマシ,ノダ,滋賀県,高島市,野田
5201132,シガケン,タカシマシ,ハイド,滋賀県,高島市,拝戸
5201144,シガケン,タカシマシ,ハタ,滋賀県,高島市,畑
5201801,シガケン,タカシマシ,マキノチョウアリハラ,滋賀県,高島市,マキノ町在原
5201835,シガケン,タカシマシ,マキノチョウイシバ,滋賀県,高島市,マキノ町石庭
5201804,シガケン,タカシマシ,マキノチョウウラ,滋賀県,高島市,マキノ町浦
5201824,シガケン,タカシマシ,マキノチョウオオヌマ,滋賀県,高島市,マキノ町大沼
5201811,シガケン,タカシマシ,マキノチョウカイヅ,滋賀県,高島市,マキノ町海津
5201831,シガケン,タカシマシ,マキノチョウカミカイデ,滋賀県,高島市,マキノ町上開田
5201803,シガケン,タカシマシ,マキノチョウコアラジ,滋賀県,高島市,マキノ町小荒路
5201821,シガケン,タカシマシ,マキノチョウサワ,滋賀県,高島市,マキノ町沢
5201805,シガケン,タカシマシ,マキノチョウシモ,滋賀県,高島市,マキノ町下
5201832,シガケン,タカシマシ,マキノチョウシモカイデ,滋賀県,高島市,マキノ町下開田
5201837,シガケン,タカシマシ,マキノチョウシラタニ,滋賀県,高島市,マキノ町白谷
5201822,シガケン,タカシマシ,マキノチョウシンボ,滋賀県,高島市,マキノ町新保
5201813,シガケン,タカシマシ,マキノチョウタカギハマ,滋賀県,高島市,マキノ町高木浜
5201814,シガケン,タカシマシ,マキノチョウチナイ,滋賀県,高島市,マキノ町知内
5201826,シガケン,タカシマシ,マキノチョウツジ,滋賀県,高島市,マキノ町辻
5201834,シガケン,タカシマシ,マキノチョウテラクボ,滋賀県,高島市,マキノ町寺久保
5201823,シガケン,タカシマシ,マキノチョウナカショウ,滋賀県,高島市,マキノ町中庄
5201812,シガケン,タカシマシ,マキノチョウニシハマ,滋賀県,高島市,マキノ町西浜
5201802,シガケン,タカシマシ,マキノチョウノグチ,滋賀県,高島市,マキノ町野口
5201833,シガケン,タカシマシ,マキノチョウヒルグチ,滋賀県,高島市,マキノ町蛭口
5201836,シガケン,タカシマシ,マキノチョウマキノ,滋賀県,高島市,マキノ町牧野
5201825,シガケン,タカシマシ,マキノチョウモリニシ,滋賀県,高島市,マキノ町森西
5201806,シガケン,タカシマシ,マキノチョウヤマナカ,滋賀県,高島市,マキノ町山中
5201103,シガケン,タカシマシ,ミヤノ,滋賀県,高島市,宮野
5201101,シガケン,タカシマシ,ムソヨコヤマ,滋賀県,高島市,武曽横山
5270000,シガケン,ヒガシオウミシ,イカニケイサイガナイバアイ,滋賀県,東近江市,以下に掲載がない場合
5270166,シガケン,ヒガシオウミシ,アイトウトノチョウ,滋賀県,東近江市,愛東外町
5270232,シガケン,ヒガシオウミシ,アオノチョウ,滋賀県,東近江市,青野町
5270039,シガケン,ヒガシオウミシ,アオバチョウ,滋賀県,東近江市,青葉町
5270164,シガケン,ヒガシオウミシ,アオヤマチョウ,滋賀県,東近江市,青山町
5211202,シガケン,ヒガシオウミシ,アミダドウチョウ,滋賀県,東近江市,阿弥陀堂町
5270113,シガケン,ヒガシオウミシ,イケショウチョウ,滋賀県,東近江市,池庄町
5270054,シガケン,ヒガシオウミシ,イケダチョウ,滋賀県,東近江市,池田町
5270171,シガケン,ヒガシオウミシ,イケノシリチョウ,滋賀県,東近江市,池之尻町
5270222,シガケン,ヒガシオウミシ,イケノワキチョウ,滋賀県,東近江市,池之脇町
5270227,シガケン,ヒガシオウミシ,イシダニチョウ,滋賀県,東近江市,石谷町
5291501,シガケン,ヒガシオウミシ,イシドウチョウ,滋賀県,東近江市,石塔町
5270151,シガケン,ヒガシオウミシ,イチガハラチョウ,滋賀県,東近江市,市ケ原町
5291533,シガケン,ヒガシオウミシ,イチコオキチョウ,滋賀県,東近江市,市子沖町
5291531,シガケン,ヒガシオウミシ,イチコカワラチョウ,滋賀県,東近江市,市子川原町
5291537,シガケン,ヒガシオウミシ,イチコトノチョウ,滋賀県,東近江市,市子殿町
5291532,シガケン,ヒガシオウミシ,イチコマツイチョウ,滋賀県,東近江市,市子松井町
5270074,シガケン,ヒガシオウミシ,イチノベチョウ,滋賀県,東近江市,市辺町
5270224,シガケン,ヒガシオウミシ,イチハラノチョウ,滋賀県,東近江市,市原野町
5270226,シガケン,ヒガシオウミシ,イッシキチョウ,滋賀県,東近江市,一式町
5291561,シガケン,ヒガシオウミシ,イナタリチョウ,滋賀県,東近江市,稲垂町
5211223,シガケン,ヒガシオウミシ,イノコチョウ,滋賀県,東近江市,猪子町
5211235,シガケン,ヒガシオウミシ,イバチョウ,滋賀県,東近江市,伊庭町
5270216,シガケン,ヒガシオウミシ,イバラガワチョウ,滋賀県,東近江市,茨川町
5270107,シガケン,ヒガシオウミシ,イマザイケチョウ,滋賀県,東近江市,今在家町
5270016,シガケン,ヒガシオウミシ,イマサキチョウ,滋賀県,東近江市,今崎町
5270053,シガケン,ヒガシオウミシ,イマダイチョウ,滋賀県,東近江市,今代町
5211211,シガケン,ヒガシオウミシ,イマチョウ,滋賀県,東近江市,今町
5270071,シガケン,ヒガシオウミシ,イマボリチョウ,滋賀県,東近江市,今堀町
5270162,シガケン,ヒガシオウミシ,イモトチョウ,滋賀県,東近江市,妹町
5291522,シガケン,ヒガシオウミシ,イモノシチョウ,滋賀県,東近江市,鋳物師町
5270156,シガケン,ヒガシオウミシ,ウエナカノチョウ,滋賀県,東近江市,上中野町
5270175,シガケン,ヒガシオウミシ,ウメバヤシチョウ,滋賀県,東近江市,梅林町
5270055,シガケン,ヒガシオウミシ,ウリウヅチョウ,滋賀県,東近江市,瓜生津町
5270211,シガケン,ヒガシオウミシ,エイゲンジアイダニチョウ,滋賀県,東近江市,永源寺相谷町
5270212,シガケン,ヒガシオウミシ,エイゲンジタカノチョウ,滋賀県,東近江市,永源寺高野町
5270114,シガケン,ヒガシオウミシ,オオザワチョウ,滋賀県,東近江市,大沢町
5270126,シガケン,ヒガシオウミシ,オオシュウズチョウ,滋賀県,東近江市,大清水町
5291512,シガケン,ヒガシオウミシ,オオツカチョウ,滋賀県,東近江市,大塚町
5270174,シガケン,ヒガシオウミシ,オオハギチョウ,滋賀県,東近江市,大萩町
5270155,シガケン,ヒガシオウミシ,オオバヤシチョウ,滋賀県,東近江市,大林町
5270063,シガケン,ヒガシオウミシ,オオモリチョウ,滋賀県,東近江市,大森町
5270057,シガケン,ヒガシオウミシ,オカダチョウ,滋賀県,東近江市,岡田町
5211204,シガケン,ヒガシオウミシ,オガワチョウ,滋賀県,東近江市,小川町
5270034,シガケン,ヒガシオウミシ,オキノ,滋賀県,東近江市,沖野
5270165,シガケン,ヒガシオウミシ,オグラチョウ,滋賀県,東近江市,小倉町
5270122,シガケン,ヒガシオウミシ,オサチョウ,滋賀県,東近江市,長町
5211241,シガケン,ヒガシオウミシ,オトメハマチョウ,滋賀県,東近江市,乙女浜町
5270091,シガケン,ヒガシオウミシ,オワキチョウ,滋賀県,東近江市,小脇町
5211221,シガケン,ヒガシオウミシ,カキミチョウ,滋賀県,東近江市,垣見町
5270083,シガケン,ヒガシオウミシ,カシワギチョウ,滋賀県,東近江市,柏木町
5270032,シガケン,ヒガシオウミシ,カスガチョウ,滋賀県,東近江市,春日町
5291566,シガケン,ヒガシオウミシ,カズラマキチョウ,滋賀県,東近江市,葛巻町
5291503,シガケン,ヒガシオウミシ,カバタチョウ,滋賀県,東近江市,綺田町
5291523,シガケン,ヒガシオウミシ,カミアソウチョウ,滋賀県,東近江市,上麻生町
5270062,シガケン,ヒガシオウミシ,カミオオモリチョウ,滋賀県,東近江市,上大森町
5270173,シガケン,ヒガシオウミシ,カミギシモトチョウ,滋賀県,東近江市,上岸本町
5291535,シガケン,ヒガシオウミシ,カミナチョウ,滋賀県,東近江市,上南町
5270082,シガケン,ヒガシオウミシ,カミハネダチョウ,滋賀県,東近江市,上羽田町
5270086,シガケン,ヒガシオウミシ,カミヒラギチョウ,滋賀県,東近江市,上平木町
5270221,シガケン,ヒガシオウミシ,カミフタマタチョウ,滋賀県,東近江市,上二俣町
5270142,シガケン,ヒガシオウミシ,カミヤマチョウ,滋賀県,東近江市,上山町
5291514,シガケン,ヒガシオウミシ,ガモウオオモリチョウ,滋賀県,東近江市,蒲生大森町
5291521,シガケン,ヒガシオウミシ,ガモウオカモトチョウ,滋賀県,東近江市,蒲生岡本町
5291504,シガケン,ヒガシオウミシ,ガモウテラマチ,滋賀県,東近江市,蒲生寺町
5291541,シガケン,ヒガシオウミシ,カモウドウチョウ,滋賀県,東近江市,蒲生堂町
5270208,シガケン,ヒガシオウミシ,カヤオチョウ,滋賀県,東近江市,萱尾町
5291571,シガケン,ヒガシオウミシ,カワイチョウ,滋賀県,東近江市,川合町
5270041,シガケン,ヒガシオウミシ,カワイデラチョウ,滋賀県,東近江市,川合寺町
5211203,シガケン,ヒガシオウミシ,カワミナミチョウ,滋賀県,東近江市,川南町
5270101,シガケン,ヒガシオウミシ,ギオンチョウ,滋賀県,東近江市,祇園町
5270145,シガケン,ヒガシオウミシ,キタサカチョウ,滋賀県,東近江市,北坂町
5270129,シガケン,ヒガシオウミシ,キタシュウズチョウ,滋賀県,東近江市,北清水町
5211232,シガケン,ヒガシオウミシ,キタスダチョウ,滋賀県,東近江市,北須田町
5270111,シガケン,ヒガシオウミシ,キタハナザワチョウ,滋賀県,東近江市,北花沢町
5270138,シガケン,ヒガシオウミシ,キタボダイジチョウ,滋賀県,東近江市,北菩提寺町
5211234,シガケン,ヒガシオウミシ,キヌガサチョウ,滋賀県,東近江市,きぬがさ町
5270202,シガケン,ヒガシオウミシ,キミガハタチョウ,滋賀県,東近江市,君ケ畑町
5291562,シガケン,ヒガシオウミシ,キムラチョウ,滋賀県,東近江市,木村町
5270205,シガケン,ヒガシオウミシ,キワダチョウ,滋賀県,東近江市,黄和田町
5270215,シガケン,ヒガシオウミシ,クイゼチョウ,滋賀県,東近江市,九居瀬町
5211243,シガケン,ヒガシオウミシ,クリミシンデンチョウ,滋賀県,東近江市,栗見新田町
5211245,シガケン,ヒガシオウミシ,クリミデザイケチョウ,滋賀県,東近江市,栗見出在家町
5270121,シガケン,ヒガシオウミシ,コイケチョウ,滋賀県,東近江市,小池町
5270092,シガケン,ヒガシオウミシ,コイマチョウ,滋賀県,東近江市,小今町
5270214,シガケン,ヒガシオウミシ,コウヅハタチョウ,滋賀県,東近江市,甲津畑町
5291536,シガケン,ヒガシオウミシ,ゴウドチョウ,滋賀県,東近江市,合戸町
5291425,シガケン,ヒガシオウミシ,ゴカショウイシカワチョウ,滋賀県,東近江市,五個荘石川町
5291444,シガケン,ヒガシオウミシ,ゴカショウイシヅカチョウ,滋賀県,東近江市,五個荘石塚町
5291401,シガケン,ヒガシオウミシ,ゴカショウイシバジチョウ,滋賀県,東近江市,五個荘石馬寺町
5291435,シガケン,ヒガシオウミシ,ゴカショウイノベチョウ,滋賀県,東近江市,五個荘伊野部町
5291423,シガケン,ヒガシオウミシ,ゴカショウオクチョウ,滋賀県,東近江市,五個荘奥町
5291422,シガケン,ヒガシオウミシ,ゴカショウオバタチョウ,滋賀県,東近江市,五個荘小幡町
5291411,シガケン,ヒガシオウミシ,ゴカショウカマガリチョウ,滋賀県,東近江市,五個荘河曲町
5291441,シガケン,ヒガシオウミシ,ゴカショウカワナミチョウ,滋賀県,東近江市,五個荘川並町
5291443,シガケン,ヒガシオウミシ,ゴカショウキタマチヤチョウ,滋賀県,東近江市,五個荘北町屋町
5291433,シガケン,ヒガシオウミシ,ゴカショウキナガセチョウ,滋賀県,東近江市,五個荘木流町
5291415,シガケン,ヒガシオウミシ,ゴカショウゴイデチョウ,滋賀県,東近江市,五個荘五位田町
5291405,シガケン,ヒガシオウミシ,ゴカショウコンドウチョウ,滋賀県,東近江市,五個荘金堂町
5291402,シガケン,ヒガシオウミシ,ゴカショウシチリチョウ,滋賀県,東近江市,五個荘七里町
5291445,シガケン,ヒガシオウミシ,ゴカショウシミズハナチョウ,滋賀県,東近江市,五個荘清水鼻町
5291432,シガケン,ヒガシオウミシ,ゴカショウシンドウチョウ,滋賀県,東近江市,五個荘新堂町
5291421,シガケン,ヒガシオウミシ,ゴカショウタツタチョウ,滋賀県,東近江市,五個荘竜田町
5291442,シガケン,ヒガシオウミシ,ゴカショウツカモトチョウ,滋賀県,東近江市,五個荘塚本町
5291414,シガケン,ヒガシオウミシ,ゴカショウナカチョウ,滋賀県,東近江市,五個荘中町
5291403,シガケン,ヒガシオウミシ,ゴカショウヒヨシチョウ,滋賀県,東近江市,五個荘日吉町
5291434,シガケン,ヒガシオウミシ,ゴカショウヒラサカチョウ,滋賀県,東近江市,五個荘平阪町
5291424,シガケン,ヒガシオウミシ,ゴカショウミツマタチョウ,滋賀県,東近江市,五個荘三俣町
5291413,シガケン,ヒガシオウミシ,ゴカショウヤナゼチョウ,滋賀県,東近江市,五個荘簗瀬町
5291431,シガケン,ヒガシオウミシ,ゴカショウヤマモトチョウ,滋賀県,東近江市,五個荘山本町
5291412,シガケン,ヒガシオウミシ,ゴカショウワダチョウ,滋賀県,東近江市,五個荘和田町
5270125,シガケン,ヒガシオウミシ,コタカリチョウ,滋賀県,東近江市,小田苅町
5270044,シガケン,ヒガシオウミシ,ゴチチョウ,滋賀県,東近江市,五智町
5270108,シガケン,ヒガシオウミシ,コヤギチョウ,滋賀県,東近江市,小八木町
5270031,シガケン,ヒガシオウミシ,サイワイチョウ,滋賀県,東近江市,幸町
5270027,シガケン,ヒガシオウミシ,サカエマチ,滋賀県,東近江市,栄町
5291572,シガケン,ヒガシオウミシ,サクラガワニシチョウ,滋賀県,東近江市,桜川西町
5291511,シガケン,ヒガシオウミシ,サクラガワヒガシチョウ,滋賀県,東近江市,桜川東町
5211215,シガケン,ヒガシオウミシ,サソチョウ,滋賀県,東近江市,佐生町
5211222,シガケン,ヒガシオウミシ,サノチョウ,滋賀県,東近江市,佐野町
5270209,シガケン,ヒガシオウミシ,サメチョウ,滋賀県,東近江市,佐目町
5270064,シガケン,ヒガシオウミシ,シナシチョウ,滋賀県,東近江市,尻無町
5270067,シガケン,ヒガシオウミシ,シバハラチョウ,滋賀県,東近江市,芝原町
5270066,シガケン,ヒガシオウミシ,シバハラミナミチョウ,滋賀県,東近江市,柴原南町
5291524,シガケン,ヒガシオウミシ,シモアソウチョウ,滋賀県,東近江市,下麻生町
5270132,シガケン,ヒガシオウミシ,シモイシキチョウ,滋賀県,東近江市,下一色町
5270124,シガケン,ヒガシオウミシ,シモギシモトチョウ,滋賀県,東近江市,下岸本町
5270115,シガケン,ヒガシオウミシ,シモザトチョウ,滋賀県,東近江市,下里町
5270157,シガケン,ヒガシオウミシ,シモナカノチョウ,滋賀県,東近江市,下中野町
5270085,シガケン,ヒガシオウミシ,シモハネダチョウ,滋賀県,東近江市,下羽田町
5270065,シガケン,ヒガシオウミシ,シモフタマタチョウ,滋賀県,東近江市,下二俣町
5270128,シガケン,ヒガシオウミシ,シュウズナカチョウ,滋賀県,東近江市,清水中町
5270131,シガケン,ヒガシオウミシ,ショウドウチョウ,滋賀県,東近江市,勝堂町
5270017,シガケン,ヒガシオウミシ,ショウワチョウ,滋賀県,東近江市,昭和町
5211201,シガケン,ヒガシオウミシ,シングウチョウ,滋賀県,東近江市,新宮町
5211213,シガケン,ヒガシオウミシ,ジンゴウチョウ,滋賀県,東近江市,神郷町
5270225,シガケン,ヒガシオウミシ,シンデチョウ,滋賀県,東近江市,新出町
5270043,シガケン,ヒガシオウミシ,ジンデンチョウ,滋賀県,東近江市,神田町
5291534,シガケン,ヒガシオウミシ,スズチョウ,滋賀県,東近江市,鈴町
5270038,シガケン,ヒガシオウミシ,セイトクチョウ,滋賀県,東近江市,聖徳町
5270036,シガケン,ヒガシオウミシ,セイワチョウ,滋賀県,東近江市,聖和町
5270106,シガケン,ヒガシオウミシ,ソウボウチョウ,滋賀県,東近江市,僧坊町
5270163,シガケン,ヒガシオウミシ,ソネチョウ,滋賀県,東近江市,曽根町
5270154,シガケン,ヒガシオウミシ,ソノチョウ,滋賀県,東近江市,園町
5270152,シガケン,ヒガシオウミシ,ダイカクジチョウ,滋賀県,東近江市,大覚寺町
5211205,シガケン,ヒガシオウミシ,タイコウジチョウ,滋賀県,東近江市,躰光寺町
5291513,シガケン,ヒガシオウミシ,タイチョウ,滋賀県,東近江市,田井町
5211244,シガケン,ヒガシオウミシ,ダイナカチョウ,滋賀県,東近江市,大中町
5270223,シガケン,ヒガシオウミシ,タカギチョウ,滋賀県,東近江市,高木町
5270207,シガケン,ヒガシオウミシ,タテハタチョウ,滋賀県,東近江市,蓼畑町
5270002,シガケン,ヒガシオウミシ,タテベカミナカチョウ,滋賀県,東近江市,建部上中町
5270007,シガケン,ヒガシオウミシ,タテベカワラヤジチョウ,滋賀県,東近江市,建部瓦屋寺町
5270003,シガケン,ヒガシオウミシ,タテベキタチョウ,滋賀県,東近江市,建部北町
5270004,シガケン,ヒガシオウミシ,タテベサカイチョウ,滋賀県,東近江市,建部堺町
5270001,シガケン,ヒガシオウミシ,タテベシモノチョウ,滋賀県,東近江市,建部下野町
5270006,シガケン,ヒガシオウミシ,タテベヒヨシチョウ,滋賀県,東近江市,建部日吉町
5270005,シガケン,ヒガシオウミシ,タテベミナミチョウ,滋賀県,東近江市,建部南町
5211212,シガケン,ヒガシオウミシ,タネチョウ,滋賀県,東近江市,種町
5211214,シガケン,ヒガシオウミシ,チョウショウジチョウ,滋賀県,東近江市,長勝寺町
5270052,シガケン,ヒガシオウミシ,テラチョウ,滋賀県,東近江市,寺町
5270061,シガケン,ヒガシオウミシ,ドキチョウ,滋賀県,東近江市,土器町
5270042,シガケン,ヒガシオウミシ,トノチョウ,滋賀県,東近江市,外町
5291565,シガケン,ヒガシオウミシ,トノハラチョウ,滋賀県,東近江市,外原町
5270133,シガケン,ヒガシオウミシ,ナカイシキチョウ,滋賀県,東近江市,中一色町
5270123,シガケン,ヒガシオウミシ,ナカギシモトチョウ,滋賀県,東近江市,中岸本町
5270105,シガケン,ヒガシオウミシ,ナカザトチョウ,滋賀県,東近江市,中里町
5270161,シガケン,ヒガシオウミシ,ナカトチョウ,滋賀県,東近江市,中戸町
5270015,シガケン,ヒガシオウミシ,ナカノチョウ,滋賀県,東近江市,中野町
5270084,シガケン,ヒガシオウミシ,ナカハネダチョウ,滋賀県,東近江市,中羽田町
5270045,シガケン,ヒガシオウミシ,ナコオジチョウ,滋賀県,東近江市,中小路町
5270172,シガケン,ヒガシオウミシ,ナマズエチョウ,滋賀県,東近江市,鯰江町
5270014,シガケン,ヒガシオウミシ,ニシナカノチョウ,滋賀県,東近江市,西中野町
5270137,シガケン,ヒガシオウミシ,ニシボダイジチョウ,滋賀県,東近江市,西菩提寺町
5270228,シガケン,ヒガシオウミシ,ニョライチョウ,滋賀県,東近江市,如来町
5270093,シガケン,ヒガシオウミシ,ヌカヅカチョウ,滋賀県,東近江市,糠塚町
5270072,シガケン,ヒガシオウミシ,ヌノビキダイ,滋賀県,東近江市,布引台
5270076,シガケン,ヒガシオウミシ,ノグチチョウ,滋賀県,東近江市,野口町
5211231,シガケン,ヒガシオウミシ,ノトガワチョウ,滋賀県,東近江市,能登川町
5270047,シガケン,ヒガシオウミシ,ノムラチョウ,滋賀県,東近江市,野村町
5270051,シガケン,ヒガシオウミシ,ハヤシダチョウ,滋賀県,東近江市,林田町
5211224,シガケン,ヒガシオウミシ,ハヤシチョウ,滋賀県,東近江市,林町
5270037,シガケン,ヒガシオウミシ,ヒガシイマサキチョウ,滋賀県,東近江市,東今崎町
5270033,シガケン,ヒガシオウミシ,ヒガシオキノ,滋賀県,東近江市,東沖野
5270013,シガケン,ヒガシオウミシ,ヒガシナカノチョウ,滋賀県,東近江市,東中野町
5270035,シガケン,ヒガシオウミシ,ヒバリオカチョウ,滋賀県,東近江市,ひばり丘町
5270141,シガケン,ヒガシオウミシ,ヒャクサイジコウチョウ,滋賀県,東近江市,百済寺甲町
5270144,シガケン,ヒガシオウミシ,ヒャクサイジチョウ,滋賀県,東近江市,百済寺町
5270143,シガケン,ヒガシオウミシ,ヒャクサイジホンマチ,滋賀県,東近江市,百済寺本町
5270153,シガケン,ヒガシオウミシ,ヒラオチョウ,滋賀県,東近江市,平尾町
5270087,シガケン,ヒガシオウミシ,ヒラタチョウ,滋賀県,東近江市,平田町
5291502,シガケン,ヒガシオウミシ,ヒラバヤシチョウ,滋賀県,東近江市,平林町
5270134,シガケン,ヒガシオウミシ,ヒラマツチョウ,滋賀県,東近江市,平松町
5270102,シガケン,ヒガシオウミシ,ヒラヤナギチョウ,滋賀県,東近江市,平柳町
5270201,シガケン,ヒガシオウミシ,ヒルタニチョウ,滋賀県,東近江市,蛭谷町
5211242,シガケン,ヒガシオウミシ,フクドウチョウ,滋賀県,東近江市,福堂町
5270081,シガケン,ヒガシオウミシ,フセチョウ,滋賀県,東近江市,布施町
5270024,シガケン,ヒガシオウミシ,フダノツジ,滋賀県,東近江市,札の辻
5270073,シガケン,ヒガシオウミシ,ヘビミゾチョウ,滋賀県,東近江市,蛇溝町
5270204,シガケン,ヒガシオウミシ,マンドコロチョウ,滋賀県,東近江市,政所町
5270056,シガケン,ヒガシオウミシ,ミソノチョウ,滋賀県,東近江市,御園町
5270075,シガケン,ヒガシオウミシ,ミツヤチョウ,滋賀県,東近江市,三津屋町
5270127,シガケン,ヒガシオウミシ,ミナミシュウズチョウ,滋賀県,東近江市,南清水町
5211233,シガケン,ヒガシオウミシ,ミナミスダチョウ,滋賀県,東近江市,南須田町
5270112,シガケン,ヒガシオウミシ,ミナミハナザワチョウ,滋賀県,東近江市,南花沢町
5270136,シガケン,ヒガシオウミシ,ミナミボダイジチョウ,滋賀県,東近江市,南菩提寺町
5270203,シガケン,ヒガシオウミシ,ミノガワチョウ,滋賀県,東近江市,箕川町
5291564,シガケン,ヒガシオウミシ,ミヤイチョウ,滋賀県,東近江市,宮井町
5291551,シガケン,ヒガシオウミシ,ミヤガワチョウ,滋賀県,東近江市,宮川町
5291404,シガケン,ヒガシオウミシ,ミヤショウチョウ,滋賀県,東近江市,宮荘町
5270046,シガケン,ヒガシオウミシ,ミョウホウジチョウ,滋賀県,東近江市,妙法寺町
5270231,シガケン,ヒガシオウミシ,ヤマカミチョウ,滋賀県,東近江市,山上町
5211225,シガケン,ヒガシオウミシ,ヤマジチョウ,滋賀県,東近江市,山路町
5270206,シガケン,ヒガシオウミシ,ユズリオチョウ,滋賀県,東近江市,杠葉尾町
5270103,シガケン,ヒガシオウミシ,ユヤチョウ,滋賀県,東近江市,湯屋町
5270028,シガケン,ヒガシオウミシ,ヨウカイチカナヤ,滋賀県,東近江市,八日市金屋
5270022,シガケン,ヒガシオウミシ,ヨウカイチカミノチョウ,滋賀県,東近江市,八日市上之町
5270018,シガケン,ヒガシオウミシ,ヨウカイチシミズ,滋賀県,東近江市,八日市清水
5270026,シガケン,ヒガシオウミシ,ヨウカイチノノミヤチョウ,滋賀県,東近江市,八日市野々宮町
5270011,シガケン,ヒガシオウミシ,ヨウカイチハマノチョウ,滋賀県,東近江市,八日市浜野町
5270021,シガケン,ヒガシオウミシ,ヨウカイチヒガシハマチョウ,滋賀県,東近江市,八日市東浜町
5270025,シガケン,ヒガシオウミシ,ヨウカイチヒガシホンマチ,滋賀県,東近江市,八日市東本町
5270012,シガケン,ヒガシオウミシ,ヨウカイチホンマチ,滋賀県,東近江市,八日市本町
5270019,シガケン,ヒガシオウミシ,ヨウカイチマツオチョウ,滋賀県,東近江市,八日市松尾町
5270023,シガケン,ヒガシオウミシ,ヨウカイチミドリマチ,滋賀県,東近江市,八日市緑町
5270029,シガケン,ヒガシオウミシ,ヨウカイチチョウ,滋賀県,東近江市,八日市町
5270135,シガケン,ヒガシオウミシ,ヨコミゾチョウ,滋賀県,東近江市,横溝町
5291563,シガケン,ヒガシオウミシ,ヨコヤマチョウ,滋賀県,東近江市,横山町
5270104,シガケン,ヒガシオウミシ,ヨミアイドウチョウ,滋賀県,東近江市,読合堂町
5270213,シガケン,ヒガシオウミシ,ワナミチョウ,滋賀県,東近江市,和南町
5210000,シガケン,マイバラシ,イカニケイサイガナイバアイ,滋賀県,米原市,以下に掲載がない場合
5210001,シガケン,マイバラシ,アサヅマチクマ,滋賀県,米原市,朝妻筑摩
5210226,シガケン,マイバラシ,アサヒ,滋賀県,米原市,朝日
5210211,シガケン,マイバラシ,アンサカワチ,滋賀県,米原市,梓河内
5210063,シガケン,マイバラシ,イ,滋賀県,米原市,飯
5210091,シガケン,マイバラシ,イオギ,滋賀県,米原市,岩脇
5210221,シガケン,マイバラシ,イケシタ,滋賀県,米原市,池下
5210004,シガケン,マイバラシ,イソ,滋賀県,米原市,磯
5210225,シガケン,マイバラシ,イチバ,滋賀県,米原市,市場
5210031,シガケン,マイバラシ,イッシキ,滋賀県,米原市,一色
5210234,シガケン,マイバラシ,イノクチ,滋賀県,米原市,井之口
5210311,シガケン,マイバラシ,イブキ,滋賀県,米原市,伊吹
5210003,シガケン,マイバラシ,イリエ,滋賀県,米原市,入江
5210312,シガケン,マイバラシ,ウエノ,滋賀県,米原市,上野
5210062,シガケン,マイバラシ,ウカノ,滋賀県,米原市,宇賀野
5210013,シガケン,マイバラシ,ウメガハラ,滋賀県,米原市,梅ケ原
5210014,シガケン,マイバラシ,ウメガハラサカエ,滋賀県,米原市,梅ケ原栄
5210307,シガケン,マイバラシ,オオクボ,滋賀県,米原市,大久保
5210214,シガケン,マイバラシ,オオシカ,滋賀県,米原市,大鹿
5210324,シガケン,マイバラシ,オオシミズ,滋賀県,米原市,大清水
5210244,シガケン,マイバラシ,オオノギ,滋賀県,米原市,大野木
5210202,シガケン,マイバラシ,カシワバラ,滋賀県,米原市,柏原
5210219,シガケン,マイバラシ,カセノ,滋賀県,米原市,加勢野
5210305,シガケン,マイバラシ,カミイタナミ,滋賀県,米原市,上板並
5210002,シガケン,マイバラシ,カミタラ,滋賀県,米原市,上多良
5210033,シガケン,マイバラシ,カミニュウ,滋賀県,米原市,上丹生
5210227,シガケン,マイバラシ,カラスワキ,滋賀県,米原市,烏脇
5210021,シガケン,マイバラシ,カワナミ,滋賀県,米原市,河南
5210217,シガケン,マイバラシ,キタガタ,滋賀県,米原市,北方
5210203,シガケン,マイバラシ,キヨタキ,滋賀県,米原市,清滝
5210308,シガケン,マイバラシ,コイズミ,滋賀県,米原市,小泉
5210303,シガケン,マイバラシ,コウガ,滋賀県,米原市,甲賀
5210301,シガケン,マイバラシ,コウヅハラ,滋賀県,米原市,甲津原
5210072,シガケン,マイバラシ,ゴウド,滋賀県,米原市,顔戸
5210092,シガケン,マイバラシ,サイエンジ,滋賀県,米原市,西円寺
5210232,シガケン,マイバラシ,サカグチ,滋賀県,米原市,坂口
5210035,シガケン,マイバラシ,サメガイ,滋賀県,米原市,醒井
5210032,シガケン,マイバラシ,シオリ,滋賀県,米原市,枝折
5210218,シガケン,マイバラシ,シガヤ,滋賀県,米原市,志賀谷
5210306,シガケン,マイバラシ,シモイタナミ,滋賀県,米原市,下板並
5210016,シガケン,マイバラシ,シモタラ,滋賀県,米原市,下多良
5210034,シガケン,マイバラシ,シモニュウ,滋賀県,米原市,下丹生
5210327,シガケン,マイバラシ,ジョウヘイジ,滋賀県,米原市,上平寺
5210083,シガケン,マイバラシ,シンジョウ,滋賀県,米原市,新庄
5210314,シガケン,マイバラシ,スイジョウ,滋賀県,米原市,春照
5210216,シガケン,マイバラシ,スエ,滋賀県,米原市,菅江
5210245,シガケン,マイバラシ,スガワ,滋賀県,米原市,須川
5210322,シガケン,マイバラシ,スギサワ,滋賀県,米原市,杉沢
5210321,シガケン,マイバラシ,タカバン,滋賀県,米原市,高番
5210074,シガケン,マイバラシ,タカミゾ,滋賀県,米原市,高溝
5210081,シガケン,マイバラシ,タワダ,滋賀県,米原市,多和田
5210201,シガケン,マイバラシ,チョウキュウジ,滋賀県,米原市,長久寺
5210093,シガケン,マイバラシ,テラクラ,滋賀県,米原市,寺倉
5210326,シガケン,マイバラシ,テラバヤシ,滋賀県,米原市,寺林
5210222,シガケン,マイバラシ,テンマ,滋賀県,米原市,天満
5210213,シガケン,マイバラシ,ドウダニ,滋賀県,米原市,堂谷
5210242,シガケン,マイバラシ,ナガオカ,滋賀県,米原市,長岡
5210061,シガケン,マイバラシ,ナガサワ,滋賀県,米原市,長沢
5210011,シガケン,マイバラシ,ナカタラ,滋賀県,米原市,中多良
5210024,シガケン,マイバラシ,ニシサカ,滋賀県,米原市,西坂
5210241,シガケン,マイバラシ,ニシヤマ,滋賀県,米原市,西山
5210084,シガケン,マイバラシ,ニッコウジ,滋賀県,米原市,日光寺
5210233,シガケン,マイバラシ,ノイシキ,滋賀県,米原市,野一色
5210082,シガケン,マイバラシ,ノトセ,滋賀県,米原市,能登瀬
5210236,シガケン,マイバラシ,ハサマタ,滋賀県,米原市,間田
5210025,シガケン,マイバラシ,バンバ,滋賀県,米原市,番場
5210022,シガケン,マイバラシ,ヒグチ,滋賀県,米原市,樋口
5210325,シガケン,マイバラシ,フジカワ,滋賀県,米原市,藤川
5210071,シガケン,マイバラシ,フナサキ,滋賀県,米原市,舟崎
5210224,シガケン,マイバラシ,ブマ,滋賀県,米原市,夫馬
5210212,シガケン,マイバラシ,ホンゴウ,滋賀県,米原市,本郷
5210012,シガケン,マイバラシ,マイハラ,滋賀県,米原市,米原
5210015,シガケン,マイバラシ,マイバラニシ,滋賀県,米原市,米原西
5210302,シガケン,マイバラシ,マガタニ,滋賀県,米原市,曲谷
5210243,シガケン,マイバラシ,マンガンジ,滋賀県,米原市,万願寺
5210073,シガケン,マイバラシ,ミノウラ,滋賀県,米原市,箕浦
5210023,シガケン,マイバラシ,ミヨシ,滋賀県,米原市,三吉
5210231,シガケン,マイバラシ,ムライダ,滋賀県,米原市,村居田
5210323,シガケン,マイバラシ,ムラギ,滋賀県,米原市,村木
5210223,シガケン,マイバラシ,モトイチバ,滋賀県,米原市,本市場
5210313,シガケン,マイバラシ,ヤタカ,滋賀県,米原市,弥高
5210235,シガケン,マイバラシ,ヤナイダ,滋賀県,米原市,小田
5210215,シガケン,マイバラシ,ヤマムロ,滋賀県,米原市,山室
5210304,シガケン,マイバラシ,ヨシツキ,滋賀県,米原市,吉槻
5210064,シガケン,マイバラシ,ヨツギ,滋賀県,米原市,世継
5291600,シガケン,ガモウグンヒノチョウ,イカニケイサイガナイバアイ,滋賀県,蒲生郡日野町,以下に掲載がない場合
5291661,シガケン,ガモウグンヒノチョウ,アベイ,滋賀県,蒲生郡日野町,安部居
5291655,シガケン,ガモウグンヒノチョウ,イシハラ,滋賀県,蒲生郡日野町,石原
5291648,シガケン,ガモウグンヒノチョウ,イセノ,滋賀県,蒲生郡日野町,いせの
5291644,シガケン,ガモウグンヒノチョウ,ウチイケ,滋賀県,蒲生郡日野町,内池
5291605,シガケン,ガモウグンヒノチョウ,オイグチ,滋賀県,蒲生郡日野町,小井口
5291603,シガケン,ガモウグンヒノチョウ,オオクボ,滋賀県,蒲生郡日野町,大窪
5291608,シガケン,ガモウグンヒノチョウ,オオタニ,滋賀県,蒲生郡日野町,大谷
5291616,シガケン,ガモウグンヒノチョウ,オクシ,滋賀県,蒲生郡日野町,奥師
5291610,シガケン,ガモウグンヒノチョウ,オクノイケ,滋賀県,蒲生郡日野町,奥之池
5291626,シガケン,ガモウグンヒノチョウ,オトワ,滋賀県,蒲生郡日野町,音羽
5291631,シガケン,ガモウグンヒノチョウ,カイガケ,滋賀県,蒲生郡日野町,鎌掛
5291632,シガケン,ガモウグンヒノチョウ,カミコマヅキ,滋賀県,蒲生郡日野町,上駒月
5291613,シガケン,ガモウグンヒノチョウ,カワラ,滋賀県,蒲生郡日野町,川原
5291602,シガケン,ガモウグンヒノチョウ,カワラ,滋賀県,蒲生郡日野町,河原
5291622,シガケン,ガモウグンヒノチョウ,キタバタ,滋賀県,蒲生郡日野町,北畑
5291663,シガケン,ガモウグンヒノチョウ,キタワキ,滋賀県,蒲生郡日野町,北脇
5291607,シガケン,ガモウグンヒノチョウ,キヅ,滋賀県,蒲生郡日野町,木津
5291636,シガケン,ガモウグンヒノチョウ,キヨタ,滋賀県,蒲生郡日野町,清田
5291623,シガケン,ガモウグンヒノチョウ,クマノ,滋賀県,蒲生郡日野町,熊野
5291642,シガケン,ガモウグンヒノチョウ,コウズケダ,滋賀県,蒲生郡日野町,上野田
5291654,シガケン,ガモウグンヒノチョウ,コダニ,滋賀県,蒲生郡日野町,小谷
5291615,シガケン,ガモウグンヒノチョウ,コノ,滋賀県,蒲生郡日野町,小野
5291652,シガケン,ガモウグンヒノチョウ,コミカド,滋賀県,蒲生郡日野町,小御門
5291621,シガケン,ガモウグンヒノチョウ,サイミョウジ,滋賀県,蒲生郡日野町,西明寺
5291625,シガケン,ガモウグンヒノチョウ,ザオウ,滋賀県,蒲生郡日野町,蔵王
5291619,シガケン,ガモウグンヒノチョウ,サクラ,滋賀県,蒲生郡日野町,佐久良
5291643,シガケン,ガモウグンヒノチョウ,サトグチ,滋賀県,蒲生郡日野町,里口
5291633,シガケン,ガモウグンヒノチョウ,シモコマヅキ,滋賀県,蒲生郡日野町,下駒月
5291645,シガケン,ガモウグンヒノチョウ,ジュウゼンジ,滋賀県,蒲生郡日野町,十禅師
5291612,シガケン,ガモウグンヒノチョウ,スギ,滋賀県,蒲生郡日野町,杉
5291611,シガケン,ガモウグンヒノチョウ,ソマ,滋賀県,蒲生郡日野町,杣
5291606,シガケン,ガモウグンヒノチョウ,テラジリ,滋賀県,蒲生郡日野町,寺尻
5291657,シガケン,ガモウグンヒノチョウ,トヨタ,滋賀県,蒲生郡日野町,豊田
5291618,シガケン,ガモウグンヒノチョウ,トリイヒラ,滋賀県,蒲生郡日野町,鳥居平
5291662,シガケン,ガモウグンヒノチョウ,ナカザイジ,滋賀県,蒲生郡日野町,中在寺
5291617,シガケン,ガモウグンヒノチョウ,ナカノゴウ,滋賀県,蒲生郡日野町,中之郷
5291609,シガケン,ガモウグンヒノチョウ,ナカミチ,滋賀県,蒲生郡日野町,中道
5291658,シガケン,ガモウグンヒノチョウ,ナカヤマ,滋賀県,蒲生郡日野町,中山
5291628,シガケン,ガモウグンヒノチョウ,ニシオオジ,滋賀県,蒲生郡日野町,西大路
5291627,シガケン,ガモウグンヒノチョウ,ニホンギ,滋賀県,蒲生郡日野町,仁本木
5291646,シガケン,ガモウグンヒノチョウ,ネコダ,滋賀県,蒲生郡日野町,猫田
5291665,シガケン,ガモウグンヒノチョウ,ノデ,滋賀県,蒲生郡日野町,野出
5291635,シガケン,ガモウグンヒノチョウ,ハサマ,滋賀県,蒲生郡日野町,迫
5291614,シガケン,ガモウグンヒノチョウ,ハラ,滋賀県,蒲生郡日野町,原
5291641,シガケン,ガモウグンヒノチョウ,ヒダ,滋賀県,蒲生郡日野町,日田
5291624,シガケン,ガモウグンヒノチョウ,ヒラコ,滋賀県,蒲生郡日野町,平子
5291647,シガケン,ガモウグンヒノチョウ,ベッシヨ,滋賀県,蒲生郡日野町,別所
5291656,シガケン,ガモウグンヒノチョウ,マシダ,滋賀県,蒲生郡日野町,増田
5291601,シガケン,ガモウグンヒノチョウ,マツオ,滋賀県,蒲生郡日野町,松尾
5291653,シガケン,ガモウグンヒノチョウ,ミソツ,滋賀県,蒲生郡日野町,三十坪
5291634,シガケン,ガモウグンヒノチョウ,ミヤマグチ,滋賀県,蒲生郡日野町,深山口
5291604,シガケン,ガモウグンヒノチョウ,ムライ,滋賀県,蒲生郡日野町,村井
5291651,シガケン,ガモウグンヒノチョウ,ヤマモト,滋賀県,蒲生郡日野町,山本
5291664,シガケン,ガモウグンヒノチョウ,レンゲジ,滋賀県,蒲生郡日野町,蓮花寺
5202500,シガケン,ガモウグンリュウオウチョウ,イカニケイサイガナイバアイ,滋賀県,蒲生郡竜王町,以下に掲載がない場合
5202524,シガケン,ガモウグンリュウオウチョウ,アヤド,滋賀県,蒲生郡竜王町,綾戸
5202522,シガケン,ガモウグンリュウオウチョウ,イワイ,滋賀県,蒲生郡竜王町,岩井
5202562,シガケン,ガモウグンリュウオウチョウ,ウカワ,滋賀県,蒲生郡竜王町,鵜川
5202541,シガケン,ガモウグンリュウオウチョウ,オカヤ,滋賀県,蒲生郡竜王町,岡屋
5202552,シガケン,ガモウグンリュウオウチョウ,オグチ,滋賀県,蒲生郡竜王町,小口
5202573,シガケン,ガモウグンリュウオウチョウ,カガミ,滋賀県,蒲生郡竜王町,鏡
5202512,シガケン,ガモウグンリュウオウチョウ,カヨチョウ,滋賀県,蒲生郡竜王町,駕輿丁
5202504,シガケン,ガモウグンリュウオウチョウ,カワカミ,滋賀県,蒲生郡竜王町,川上
5202521,シガケン,ガモウグンリュウオウチョウ,カワモリ,滋賀県,蒲生郡竜王町,川守
5202551,シガケン,ガモウグンリュウオウチョウ,クズシ,滋賀県,蒲生郡竜王町,薬師
5202563,シガケン,ガモウグンリュウオウチョウ,シチリ,滋賀県,蒲生郡竜王町,七里
5202503,シガケン,ガモウグンリュウオウチョウ,シナノ,滋賀県,蒲生郡竜王町,信濃
5202513,シガケン,ガモウグンリュウオウチョウ,シマ,滋賀県,蒲生郡竜王町,島
5202502,シガケン,ガモウグンリュウオウチョウ,ショウ,滋賀県,蒲生郡竜王町,庄
5202561,シガケン,ガモウグンリュウオウチョウ,スエ,滋賀県,蒲生郡竜王町,須恵
5202523,シガケン,ガモウグンリュウオウチョウ,タナカ,滋賀県,蒲生郡竜王町,田中
5202572,シガケン,ガモウグンリュウオウチョウ,ニシガワ,滋賀県,蒲生郡竜王町,西川
5202571,シガケン,ガモウグンリュウオウチョウ,ニシヨコゼキ,滋賀県,蒲生郡竜王町,西横関
5202514,シガケン,ガモウグンリュウオウチョウ,ハシモト,滋賀県,蒲生郡竜王町,橋本
5202511,シガケン,ガモウグンリュウオウチョウ,ハヤシ,滋賀県,蒲生郡竜王町,林
5202564,シガケン,ガモウグンリュウオウチョウ,ヤマヅラ,滋賀県,蒲生郡竜王町,山面
5202542,シガケン,ガモウグンリュウオウチョウ,ヤマナカ,滋賀県,蒲生郡竜王町,山中
5202531,シガケン,ガモウグンリュウオウチョウ,ヤマノウエ,滋賀県,蒲生郡竜王町,山之上
5202501,シガケン,ガモウグンリュウオウチョウ,ユゲ,滋賀県,蒲生郡竜王町,弓削
5291300,シガケン,エチグンアイショウチョウ,イカニケイサイガナイバアイ,滋賀県,愛知郡愛荘町,以下に掲載がない場合
5291234,シガケン,エチグンアイショウチョウ,アビコ,滋賀県,愛知郡愛荘町,安孫子
5291311,シガケン,エチグンアイショウチョウ,イシハシ,滋賀県,愛知郡愛荘町,石橋
5291313,シガケン,エチグンアイショウチョウ,イチ,滋賀県,愛知郡愛荘町,市
5291207,シガケン,エチグンアイショウチョウ,イワクラ,滋賀県,愛知郡愛荘町,岩倉
5291331,シガケン,エチグンアイショウチョウ,エチガワ,滋賀県,愛知郡愛荘町,愛知川
5291231,シガケン,エチグンアイショウチョウ,エンジョウジ,滋賀県,愛知郡愛荘町,円城寺
5291213,シガケン,エチグンアイショウチョウ,オキ,滋賀県,愛知郡愛荘町,沖
5291206,シガケン,エチグンアイショウチョウ,カノ,滋賀県,愛知郡愛荘町,蚊野
5291204,シガケン,エチグンアイショウチョウ,カノトノ,滋賀県,愛知郡愛荘町,蚊野外
5291203,シガケン,エチグンアイショウチョウ,カミガノ,滋賀県,愛知郡愛荘町,上蚊野
5291324,シガケン,エチグンアイショウチョウ,カリマ,滋賀県,愛知郡愛荘町,苅間
5291205,シガケン,エチグンアイショウチョウ,カルノ,滋賀県,愛知郡愛荘町,軽野
5291312,シガケン,エチグンアイショウチョウ,カワクボ,滋賀県,愛知郡愛荘町,川久保
5291302,シガケン,エチグンアイショウチョウ,カワラ,滋賀県,愛知郡愛荘町,川原
5291222,シガケン,エチグンアイショウチョウ,キタヤギ,滋賀県,愛知郡愛荘町,北八木
5291315,シガケン,エチグンアイショウチョウ,クツカケ,滋賀県,愛知郡愛荘町,沓掛
5291225,シガケン,エチグンアイショウチョウ,クリタ,滋賀県,愛知郡愛荘町,栗田
5291211,シガケン,エチグンアイショウチョウ,コノショウ,滋賀県,愛知郡愛荘町,香之庄
5291223,シガケン,エチグンアイショウチョウ,シマガワ,滋賀県,愛知郡愛荘町,島川
5291221,シガケン,エチグンアイショウチョウ,シモヤギ,滋賀県,愛知郡愛荘町,下八木
5291232,シガケン,エチグンアイショウチョウ,ジョウアンジ,滋賀県,愛知郡愛荘町,常安寺
5291208,シガケン,エチグンアイショウチョウ,タケハラ,滋賀県,愛知郡愛荘町,竹原
5291325,シガケン,エチグンアイショウチョウ,トウエンドウ,滋賀県,愛知郡愛荘町,東円堂
5291321,シガケン,エチグンアイショウチョウ,トヨミツ,滋賀県,愛知郡愛荘町,豊満
5291314,シガケン,エチグンアイショウチョウ,ナカジュク,滋賀県,愛知郡愛荘町,中宿
5291224,シガケン,エチグンアイショウチョウ,ナガツカ,滋賀県,愛知郡愛荘町,長塚
5291303,シガケン,エチグンアイショウチョウ,ナガノ,滋賀県,愛知郡愛荘町,長野
5291237,シガケン,エチグンアイショウチョウ,ニシデ,滋賀県,愛知郡愛荘町,西出
5291227,シガケン,エチグンアイショウチョウ,ノノメ,滋賀県,愛知郡愛荘町,野々目
5291323,シガケン,エチグンアイショウチョウ,ハタケダ,滋賀県,愛知郡愛荘町,畑田
5291233,シガケン,エチグンアイショウチョウ,ヒガシデ,滋賀県,愛知郡愛荘町,東出
5291322,シガケン,エチグンアイショウチョウ,ヒライ,滋賀県,愛知郡愛荘町,平居
5291236,シガケン,エチグンアイショウチョウ,フコソ,滋賀県,愛知郡愛荘町,深草
5291202,シガケン,エチグンアイショウチョウ,マツオジ,滋賀県,愛知郡愛荘町,松尾寺
5291226,シガケン,エチグンアイショウチョウ,ミナミノノメ,滋賀県,愛知郡愛荘町,南野々目
5291214,シガケン,エチグンアイショウチョウ,ミヤウシロ,滋賀県,愛知郡愛荘町,宮後
5291235,シガケン,エチグンアイショウチョウ,メカダ,滋賀県,愛知郡愛荘町,目加田
5291212,シガケン,エチグンアイショウチョウ,モトモチ,滋賀県,愛知郡愛荘町,元持
5291301,シガケン,エチグンアイショウチョウ,ヤマガワラ,滋賀県,愛知郡愛荘町,山川原
5291228,シガケン,エチグンアイショウチョウ,ヤモリ,滋賀県,愛知郡愛荘町,矢守
5291201,シガケン,エチグンアイショウチョウ,ヨキトギ,滋賀県,愛知郡愛荘町,斧磨
5291100,シガケン,イヌカミグントヨサトチョウ,イカニケイサイガナイバアイ,滋賀県,犬上郡豊郷町,以下に掲載がない場合
5291163,シガケン,イヌカミグントヨサトチョウ,アメフリノ,滋賀県,犬上郡豊郷町,雨降野
5291171,シガケン,イヌカミグントヨサトチョウ,アンジキニシ,滋賀県,犬上郡豊郷町,安食西
5291172,シガケン,イヌカミグントヨサトチョウ,アンジキミナミ,滋賀県,犬上郡豊郷町,安食南
5291169,シガケン,イヌカミグントヨサトチョウ,イシバタケ,滋賀県,犬上郡豊郷町,石畑
5291176,シガケン,イヌカミグントヨサトチョウ,オオマチ,滋賀県,犬上郡豊郷町,大町
5291166,シガケン,イヌカミグントヨサトチョウ,カミエダ,滋賀県,犬上郡豊郷町,上枝
5291175,シガケン,イヌカミグントヨサトチョウ,サワ,滋賀県,犬上郡豊郷町,沢
5291161,シガケン,イヌカミグントヨサトチョウ,シジュウクイン,滋賀県,犬上郡豊郷町,四十九院
5291174,シガケン,イヌカミグントヨサトチョウ,シモエダ,滋賀県,犬上郡豊郷町,下枝
5291167,シガケン,イヌカミグントヨサトチョウ,スギ,滋賀県,犬上郡豊郷町,杉
5291173,シガケン,イヌカミグントヨサトチョウ,タカノセ,滋賀県,犬上郡豊郷町,高野瀬
5291168,シガケン,イヌカミグントヨサトチョウ,ハチメ,滋賀県,犬上郡豊郷町,八目
5291162,シガケン,イヌカミグントヨサトチョウ,ハッチョウ,滋賀県,犬上郡豊郷町,八町
5291164,シガケン,イヌカミグントヨサトチョウ,ヒエ,滋賀県,犬上郡豊郷町,日栄
5291177,シガケン,イヌカミグントヨサトチョウ,ミツイケ,滋賀県,犬上郡豊郷町,三ツ池
5291165,シガケン,イヌカミグントヨサトチョウ,ヨシダ,滋賀県,犬上郡豊郷町,吉田
5220200,シガケン,イヌカミグンコウラチョウ,イカニケイサイガナイバアイ,滋賀県,犬上郡甲良町,以下に掲載がない場合
5220242,シガケン,イヌカミグンコウラチョウ,アマゴ,滋賀県,犬上郡甲良町,尼子
5220254,シガケン,イヌカミグンコウラチョウ,イケデラ,滋賀県,犬上郡甲良町,池寺
5220261,シガケン,イヌカミグンコウラチョウ,オサデラ,滋賀県,犬上郡甲良町,長寺
5220252,シガケン,イヌカミグンコウラチョウ,カナヤ,滋賀県,犬上郡甲良町,金屋
5220251,シガケン,イヌカミグンコウラチョウ,キタオチ,滋賀県,犬上郡甲良町,北落
5220241,シガケン,イヌカミグンコウラチョウ,クレタケ,滋賀県,犬上郡甲良町,呉竹
5220243,シガケン,イヌカミグンコウラチョウ,コガワハラ,滋賀県,犬上郡甲良町,小川原
5220244,シガケン,イヌカミグンコウラチョウ,ザイジ,滋賀県,犬上郡甲良町,在士
5220271,シガケン,イヌカミグンコウラチョウ,シモノゴウ,滋賀県,犬上郡甲良町,下之郷
5220253,シガケン,イヌカミグンコウラチョウ,ショウラクジ,滋賀県,犬上郡甲良町,正楽寺
5220263,シガケン,イヌカミグンコウラチョウ,ホウヨウジ,滋賀県,犬上郡甲良町,法養寺
5220262,シガケン,イヌカミグンコウラチョウ,ヨコゼキ,滋賀県,犬上郡甲良町,横関
5220300,シガケン,イヌカミグンタガチョウ,イカニケイサイガナイバアイ,滋賀県,犬上郡多賀町,以下に掲載がない場合
5220317,シガケン,イヌカミグンタガチョウ,イチエン,滋賀県,犬上郡多賀町,一円
5220323,シガケン,イヌカミグンタガチョウ,イチノセ,滋賀県,犬上郡多賀町,一ノ瀬
5220304,シガケン,イヌカミグンタガチョウ,ウシロダニ,滋賀県,犬上郡多賀町,後谷
5220315,シガケン,イヌカミグンタガチョウ,オオオカ,滋賀県,犬上郡多賀町,大岡
5220331,シガケン,イヌカミグンタガチョウ,オオスギ,滋賀県,犬上郡多賀町,大杉
5220321,シガケン,イヌカミグンタガチョウ,オジガハタ,滋賀県,犬上郡多賀町,大君ケ畑
5220333,シガケン,イヌカミグンタガチョウ,カイハラ,滋賀県,犬上郡多賀町,萱原
5220301,シガケン,イヌカミグンタガチョウ,カワチ,滋賀県,犬上郡多賀町,河内
5220324,シガケン,イヌカミグンタガチョウ,カワナイ,滋賀県,犬上郡多賀町,川相
5220356,シガケン,イヌカミグンタガチョウ,キソ,滋賀県,犬上郡多賀町,木曽
5220352,シガケン,イヌカミグンタガチョウ,キュウトク,滋賀県,犬上郡多賀町,久徳
5220316,シガケン,イヌカミグンタガチョウ,クルス,滋賀県,犬上郡多賀町,栗栖
5220305,シガケン,イヌカミグンタガチョウ,コウズクラ,滋賀県,犬上郡多賀町,甲頭倉
5220311,シガケン,イヌカミグンタガチョウ,ゴソウ,滋賀県,犬上郡多賀町,五僧
5220325,シガケン,イヌカミグンタガチョウ,コハラ,滋賀県,犬上郡多賀町,小原
5220322,シガケン,イヌカミグンタガチョウ,サメ,滋賀県,犬上郡多賀町,佐目
5220343,シガケン,イヌカミグンタガチョウ,サルギ,滋賀県,犬上郡多賀町,猿木
5220314,シガケン,イヌカミグンタガチョウ,シデ,滋賀県,犬上郡多賀町,四手
5220326,シガケン,イヌカミグンタガチョウ,シモガハラ,滋賀県,犬上郡多賀町,霜ケ原
5220318,シガケン,イヌカミグンタガチョウ,スイダニ,滋賀県,犬上郡多賀町,水谷
5220313,シガケン,イヌカミグンタガチョウ,スギ,滋賀県,犬上郡多賀町,杉
5220341,シガケン,イヌカミグンタガチョウ,タガ,滋賀県,犬上郡多賀町,多賀
5220353,シガケン,イヌカミグンタガチョウ,ツキノキ,滋賀県,犬上郡多賀町,月之木
5220354,シガケン,イヌカミグンタガチョウ,ツチダ,滋賀県,犬上郡多賀町,土田
5220338,シガケン,イヌカミグンタガチョウ,ツボ,滋賀県,犬上郡多賀町,壺
5220337,シガケン,イヌカミグンタガチョウ,トミノオ,滋賀県,犬上郡多賀町,富之尾
5220355,シガケン,イヌカミグンタガチョウ,ナカガワラ,滋賀県,犬上郡多賀町,中川原
5220336,シガケン,イヌカミグンタガチョウ,ナラサキ,滋賀県,犬上郡多賀町,楢崎
5220332,シガケン,イヌカミグンタガチョウ,ヒダ,滋賀県,犬上郡多賀町,樋田
5220303,シガケン,イヌカミグンタガチョウ,ビョウブ,滋賀県,犬上郡多賀町,屏風
5220342,シガケン,イヌカミグンタガチョウ,ビンマンジ,滋賀県,犬上郡多賀町,敏満寺
5220335,シガケン,イヌカミグンタガチョウ,フジセ,滋賀県,犬上郡多賀町,藤瀬
5220312,シガケン,イヌカミグンタガチョウ,ホウヅキ,滋賀県,犬上郡多賀町,保月
5220334,シガケン,イヌカミグンタガチョウ,ホトケラ,滋賀県,犬上郡多賀町,仏ケ後
5220327,シガケン,イヌカミグンタガチョウ,ミナミウシロダニ,滋賀県,犬上郡多賀町,南後谷
5220302,シガケン,イヌカミグンタガチョウ,ムカイノクラ,滋賀県,犬上郡多賀町,向之倉
5220319,シガケン,イヌカミグンタガチョウ,モバラ,滋賀県,犬上郡多賀町,桃原
5220351,シガケン,イヌカミグンタガチョウ,ヤエネリ,滋賀県,犬上郡多賀町,八重練
5220306,シガケン,イヌカミグンタガチョウ,リョウゼン,滋賀県,犬上郡多賀町,霊仙
