3710000,グンマケン,マエバシシ,イカニケイサイガナイバアイ,群馬県,前橋市,以下に掲載がない場合
3703573,グンマケン,マエバシシ,アオナシマチ,群馬県,前橋市,青梨子町
3710826,グンマケン,マエバシシ,アオバチョウ,群馬県,前橋市,青葉町
3710056,グンマケン,マエバシシ,アオヤギマチ,群馬県,前橋市,青柳町
3710811,グンマケン,マエバシシ,アサクラマチ,群馬県,前橋市,朝倉町
3710832,グンマケン,マエバシシ,アサヒガオカマチ,群馬県,前橋市,朝日が丘町
3710014,グンマケン,マエバシシ,アサヒチョウ,群馬県,前橋市,朝日町
3792154,グンマケン,マエバシシ,アマガワオオシママチ,群馬県,前橋市,天川大島町
3710803,グンマケン,マエバシシ,アマガワバラマチ,群馬県,前橋市,天川原町
3710802,グンマケン,マエバシシ,アマガワマチ,群馬県,前橋市,天川町
3792112,グンマケン,マエバシシ,アライマチ,群馬県,前橋市,新井町
3792107,グンマケン,マエバシシ,アラクチマチ,群馬県,前橋市,荒口町
3792106,グンマケン,マエバシシ,アラコマチ,群馬県,前橋市,荒子町
3710044,グンマケン,マエバシシ,アラマキマチ,群馬県,前橋市,荒牧町
3792111,グンマケン,マエバシシ,イイドイマチ,群馬県,前橋市,飯土井町
3703571,グンマケン,マエバシシ,イケハタマチ,群馬県,前橋市,池端町
3710841,グンマケン,マエバシシ,イシクラマチ,群馬県,前橋市,石倉町
3710006,グンマケン,マエバシシ,イシゼキマチ,群馬県,前橋市,石関町
3792101,グンマケン,マエバシシ,イズミサワマチ,群馬県,前橋市,泉沢町
3710245,グンマケン,マエバシシ,イチノセキマチ,群馬県,前橋市,市之関町
3792116,グンマケン,マエバシシ,イマイマチ,群馬県,前橋市,今井町
3710035,グンマケン,マエバシシ,イワガミマチ,群馬県,前橋市,岩神町
3792115,グンマケン,マエバシシ,ウツボイマチ,群馬県,前橋市,笂井町
3710002,グンマケン,マエバシシ,エギマチ,群馬県,前橋市,江木町
3710836,グンマケン,マエバシシ,エダマチ,群馬県,前橋市,江田町
3710223,グンマケン,マエバシシ,オオゴマチ,群馬県,前橋市,大胡町
3710026,グンマケン,マエバシシ,オオテマチ,群馬県,前橋市,大手町
3710825,グンマケン,マエバシシ,オオトネマチ,群馬県,前橋市,大利根町
3710847,グンマケン,マエバシシ,オオドモマチ,群馬県,前橋市,大友町
3710243,グンマケン,マエバシシ,オオマエタマチ,群馬県,前橋市,大前田町
3710854,グンマケン,マエバシシ,オオワタリマチ,群馬県,前橋市,大渡町
3710001,グンマケン,マエバシシ,オギクボマチ,群馬県,前橋市,荻窪町
3792163,グンマケン,マエバシシ,オナヤマチ,群馬県,前橋市,女屋町
3710024,グンマケン,マエバシシ,オモテチョウ,群馬県,前橋市,表町
3710246,グンマケン,マエバシシ,カシワグラマチ,群馬県,前橋市,柏倉町
3710206,グンマケン,マエバシシ,カスカワマチアラヤ,群馬県,前橋市,粕川町新屋
3710207,グンマケン,マエバシシ,カスカワマチイナサト,群馬県,前橋市,粕川町稲里
3710214,グンマケン,マエバシシ,カスカワマチオナブチ,群馬県,前橋市,粕川町女渕
3710211,グンマケン,マエバシシ,カスカワマチカミヒガシタナボ,群馬県,前橋市,粕川町上東田面
3710216,グンマケン,マエバシシ,カスカワマチコミガイト,群馬県,前橋市,粕川町込皆戸
3710212,グンマケン,マエバシシ,カスカワマチシモヒガシタナボ,群馬県,前橋市,粕川町下東田面
3710204,グンマケン,マエバシシ,カスカワマチゼン,群馬県,前橋市,粕川町膳
3710203,グンマケン,マエバシシ,カスカワマチツキダ,群馬県,前橋市,粕川町月田
3710205,グンマケン,マエバシシ,カスカワマチナカ,群馬県,前橋市,粕川町中
3710201,グンマケン,マエバシシ,カスカワマチナカノサワ,群馬県,前橋市,粕川町中之沢
3710217,グンマケン,マエバシシ,カスカワマチニシタナボ,群馬県,前橋市,粕川町西田面
3710213,グンマケン,マエバシシ,カスカワマチヒトイチ,群馬県,前橋市,粕川町一日市
3710215,グンマケン,マエバシシ,カスカワマチフカヅ,群馬県,前橋市,粕川町深津
3710218,グンマケン,マエバシシ,カスカワマチマエガイト,群馬県,前橋市,粕川町前皆戸
3710202,グンマケン,マエバシシ,カスカワマチムロサワ,群馬県,前橋市,粕川町室沢
3710124,グンマケン,マエバシシ,カツサワマチ,群馬県,前橋市,勝沢町
3710121,グンマケン,マエバシシ,カナマルマチ,群馬県,前橋市,金丸町
3703572,グンマケン,マエバシシ,カミアオナシマチ,群馬県,前橋市,上青梨子町
3710007,グンマケン,マエバシシ,カミイズミマチ,群馬県,前橋市,上泉町
3792153,グンマケン,マエバシシ,カミオオシママチ,群馬県,前橋市,上大島町
3710222,グンマケン,マエバシシ,カミオオヤマチ,群馬県,前橋市,上大屋町
3710052,グンマケン,マエバシシ,カミオキマチ,群馬県,前橋市,上沖町
3710037,グンマケン,マエバシシ,カミコイデマチ,群馬県,前橋市,上小出町
3710816,グンマケン,マエバシシ,カミサドリマチ,群馬県,前橋市,上佐鳥町
3710821,グンマケン,マエバシシ,カミシンデンマチ,群馬県,前橋市,上新田町
3792165,グンマケン,マエバシシ,カミナガイソマチ,群馬県,前橋市,上長磯町
3710051,グンマケン,マエバシシ,カミホソイマチ,群馬県,前橋市,上細井町
3792114,グンマケン,マエバシシ,カミマスダマチ,群馬県,前橋市,上増田町
3710004,グンマケン,マエバシシ,カメイズミマチ,群馬県,前橋市,亀泉町
3792147,グンマケン,マエバシシ,カメサトマチ,群馬県,前橋市,亀里町
3710041,グンマケン,マエバシシ,カワバタマチ,群馬県,前橋市,川端町
3710046,グンマケン,マエバシシ,カワハラマチ,群馬県,前橋市,川原町
3710823,グンマケン,マエバシシ,カワマガリマチ,群馬県,前橋市,川曲町
3710224,グンマケン,マエバシシ,カワラハママチ,群馬県,前橋市,河原浜町
3792103,グンマケン,マエバシシ,カンザワノモリ,群馬県,前橋市,神沢の森
3710055,グンマケン,マエバシシ,キタシロタマチ,群馬県,前橋市,北代田町
3703574,グンマケン,マエバシシ,キヨノマチ,群馬県,前橋市,清野町
3792146,グンマケン,マエバシシ,クデンマチ,群馬県,前橋市,公田町
3710831,グンマケン,マエバシシ,コアイギマチ,群馬県,前橋市,小相木町
3710025,グンマケン,マエバシシ,コウウンチョウ,群馬県,前橋市,紅雲町
3710053,グンマケン,マエバシシ,コウヅカマチ,群馬県,前橋市,幸塚町
3710813,グンマケン,マエバシシ,ゴカンマチ,群馬県,前橋市,後閑町
3710033,グンマケン,マエバシシ,コクリョウマチ,群馬県,前橋市,国領町
3710834,グンマケン,マエバシシ,ゴケマチ,群馬県,前橋市,後家町
3710122,グンマケン,マエバシシ,コザカシマチ,群馬県,前橋市,小坂子町
3792162,グンマケン,マエバシシ,コジマタマチ,群馬県,前橋市,小島田町
3710134,グンマケン,マエバシシ,コジンメイマチ,群馬県,前橋市,小神明町
3710132,グンマケン,マエバシシ,ゴダイマチ,群馬県,前橋市,五代町
3792122,グンマケン,マエバシシ,コマガタマチ,群馬県,前橋市,駒形町
3792121,グンマケン,マエバシシ,コヤハラマチ,群馬県,前橋市,小屋原町
3792123,グンマケン,マエバシシ,サンノウマチ,群馬県,前橋市,山王町
3710036,グンマケン,マエバシシ,シキシマチョウ,群馬県,前橋市,敷島町
3792142,グンマケン,マエバシシ,シモアウチマチ,群馬県,前橋市,下阿内町
3710842,グンマケン,マエバシシ,シモイシクラマチ,群馬県,前橋市,下石倉町
3792152,グンマケン,マエバシシ,シモオオシママチ,群馬県,前橋市,下大島町
3792102,グンマケン,マエバシシ,シモオオヤマチ,群馬県,前橋市,下大屋町
3710011,グンマケン,マエバシシ,シモオキマチ,群馬県,前橋市,下沖町
3792144,グンマケン,マエバシシ,シモカワマチ,群馬県,前橋市,下川町
3710031,グンマケン,マエバシシ,シモコイデマチ,群馬県,前橋市,下小出町
3710815,グンマケン,マエバシシ,シモサドリマチ,群馬県,前橋市,下佐鳥町
3710822,グンマケン,マエバシシ,シモシンデンマチ,群馬県,前橋市,下新田町
3792151,グンマケン,マエバシシ,シモナガイソマチ,群馬県,前橋市,下長磯町
3710054,グンマケン,マエバシシ,シモホソイマチ,群馬県,前橋市,下細井町
3792113,グンマケン,マエバシシ,シモマスダマチ,群馬県,前橋市,下増田町
3710016,グンマケン,マエバシシ,ジョウトウマチ,群馬県,前橋市,城東町
3710034,グンマケン,マエバシシ,ショウワマチ,群馬県,前橋市,昭和町
3710843,グンマケン,マエバシシ,シンマエバシマチ,群馬県,前橋市,新前橋町
3710021,グンマケン,マエバシシ,スミヨシチョウ,群馬県,前橋市,住吉町
3710047,グンマケン,マエバシシ,セキネマチ,群馬県,前橋市,関根町
3710853,グンマケン,マエバシシ,ソウジャマチ,群馬県,前橋市,総社町
3710851,グンマケン,マエバシシ,ソウジャマチウエノ,群馬県,前橋市,総社町植野
3710858,グンマケン,マエバシシ,ソウジャマチサクラガオカ,群馬県,前橋市,総社町桜が丘
3710852,グンマケン,マエバシシ,ソウジャマチソウジャ,群馬県,前橋市,総社町総社
3710856,グンマケン,マエバシシ,ソウジャマチタカイ,群馬県,前橋市,総社町高井
3710857,グンマケン,マエバシシ,タカイマチ,群馬県,前橋市,高井町
3710123,グンマケン,マエバシシ,タカハナダイ,群馬県,前橋市,高花台
3710235,グンマケン,マエバシシ,タキクボマチ,群馬県,前橋市,滝窪町
3710048,グンマケン,マエバシシ,タグチマチ,群馬県,前橋市,田口町
3710022,グンマケン,マエバシシ,チヨダマチ,群馬県,前橋市,千代田町
3710003,グンマケン,マエバシシ,ツツミマチ,群馬県,前橋市,堤町
3792108,グンマケン,マエバシシ,ツルガヤマチ,群馬県,前橋市,鶴が谷町
3792141,グンマケン,マエバシシ,ツルコウジマチ,群馬県,前橋市,鶴光路町
3710824,グンマケン,マエバシシ,トウカシンデンマチ,群馬県,前橋市,稲荷新田町
3792135,グンマケン,マエバシシ,トクマルマチ,群馬県,前橋市,徳丸町
3710131,グンマケン,マエバシシ,トットリマチ,群馬県,前橋市,鳥取町
3792161,グンマケン,マエバシシ,トミダマチ,群馬県,前橋市,富田町
3710845,グンマケン,マエバシシ,トリバマチ,群馬県,前橋市,鳥羽町
3710855,グンマケン,マエバシシ,トンヤマチ,群馬県,前橋市,問屋町
3710241,グンマケン,マエバシシ,ナエガシママチ,群馬県,前橋市,苗ケ島町
3792133,グンマケン,マエバシシ,ナカウチマチ,群馬県,前橋市,中内町
3710043,グンマケン,マエバシシ,ナンキツマチ,群馬県,前橋市,南橘町
3792143,グンマケン,マエバシシ,ニイボリマチ,群馬県,前橋市,新堀町
3792104,グンマケン,マエバシシ,ニシオオムロマチ,群馬県,前橋市,西大室町
3710013,グンマケン,マエバシシ,ニシカタカイマチ,群馬県,前橋市,西片貝町
3792131,グンマケン,マエバシシ,ニシゼンマチ,群馬県,前橋市,西善町
3710042,グンマケン,マエバシシ,ニチリンジマチ,群馬県,前橋市,日輪寺町
3792117,グンマケン,マエバシシ,ニノミヤマチ,群馬県,前橋市,二之宮町
3710817,グンマケン,マエバシシ,ヌデジママチ,群馬県,前橋市,ぬで島町
3792166,グンマケン,マエバシシ,ノナカマチ,群馬県,前橋市,野中町
3710133,グンマケン,マエバシシ,ハケマチ,群馬県,前橋市,端気町
3710837,グンマケン,マエバシシ,ハコダマチ,群馬県,前橋市,箱田町
3710244,グンマケン,マエバシシ,ハナゲイシマチ,群馬県,前橋市,鼻毛石町
3710242,グンマケン,マエバシシ,ババマチ,群馬県,前橋市,馬場町
3792164,グンマケン,マエバシシ,ヒガシウエノマチ,群馬県,前橋市,東上野町
3792105,グンマケン,マエバシシ,ヒガシオオムロマチ,群馬県,前橋市,東大室町
3710012,グンマケン,マエバシシ,ヒガシカタカイマチ,群馬県,前橋市,東片貝町
3710234,グンマケン,マエバシシ,ヒガシカナマルマチ,群馬県,前橋市,東金丸町
3792132,グンマケン,マエバシシ,ヒガシゼンマチ,群馬県,前橋市,東善町
3710833,グンマケン,マエバシシ,ヒカリガオカマチ,群馬県,前橋市,光が丘町
3710221,グンマケン,マエバシシ,ヒゴシマチ,群馬県,前橋市,樋越町
3710017,グンマケン,マエバシシ,ヒヨシチョウ,群馬県,前橋市,日吉町
3710812,グンマケン,マエバシシ,ヒロセチョウ,群馬県,前橋市,広瀬町
3710101,グンマケン,マエバシシ,フジミマチアカギサン,群馬県,前橋市,富士見町赤城山
3710105,グンマケン,マエバシシ,フジミマチイシイ,群馬県,前橋市,富士見町石井
3710106,グンマケン,マエバシシ,フジミマチイチノキバ,群馬県,前橋市,富士見町市之木場
3710113,グンマケン,マエバシシ,フジミマチウルクボ,群馬県,前橋市,富士見町漆窪
3710115,グンマケン,マエバシシ,フジミマチオザワ,群馬県,前橋市,富士見町小沢
3710103,グンマケン,マエバシシ,フジミマチコグレ,群馬県,前橋市,富士見町小暮
3710111,グンマケン,マエバシシ,フジミマチコメノ,群馬県,前橋市,富士見町米野
3710114,グンマケン,マエバシシ,フジミマチタジマ,群馬県,前橋市,富士見町田島
3710104,グンマケン,マエバシシ,フジミマチトキザワ,群馬県,前橋市,富士見町時沢
3710116,グンマケン,マエバシシ,フジミマチハラノゴウ,群馬県,前橋市,富士見町原之郷
3710112,グンマケン,マエバシシ,フジミマチヒキダ,群馬県,前橋市,富士見町引田
3710102,グンマケン,マエバシシ,フジミマチミナザワ,群馬県,前橋市,富士見町皆沢
3710107,グンマケン,マエバシシ,フジミマチヤマグチ,群馬県,前橋市,富士見町山口
3710117,グンマケン,マエバシシ,フジミマチヨコムロ,群馬県,前橋市,富士見町横室
3710844,グンマケン,マエバシシ,フルイチマチ,群馬県,前橋市,古市町
3710801,グンマケン,マエバシシ,ブンキョウチョウ,群馬県,前橋市,文京町
3710027,グンマケン,マエバシシ,ヘイワマチ,群馬県,前橋市,平和町
3792136,グンマケン,マエバシシ,ボウマルマチ,群馬県,前橋市,房丸町
3710231,グンマケン,マエバシシ,ホリコシマチ,群馬県,前橋市,堀越町
3710005,グンマケン,マエバシシ,ホリノシタマチ,群馬県,前橋市,堀之下町
3710023,グンマケン,マエバシシ,ホンマチ,群馬県,前橋市,本町
3710835,グンマケン,マエバシシ,マエハコダマチ,群馬県,前橋市,前箱田町
3710015,グンマケン,マエバシシ,ミカワチョウ,群馬県,前橋市,三河町
3710018,グンマケン,マエバシシ,ミツマタマチ,群馬県,前橋市,三俣町
3710045,グンマケン,マエバシシ,ミドリガオカマチ,群馬県,前橋市,緑が丘町
3710805,グンマケン,マエバシシ,ミナミチョウ,群馬県,前橋市,南町
3710125,グンマケン,マエバシシ,ミネマチ,群馬県,前橋市,嶺町
3710814,グンマケン,マエバシシ,ミヤジマチ,群馬県,前橋市,宮地町
3710247,グンマケン,マエバシシ,ミヨサワマチ,群馬県,前橋市,三夜沢町
3710232,グンマケン,マエバシシ,モトギマチ,群馬県,前橋市,茂木町
3710846,グンマケン,マエバシシ,モトソウジャマチ,群馬県,前橋市,元総社町
3710233,グンマケン,マエバシシ,ヨコザワマチ,群馬県,前橋市,横沢町
3792145,グンマケン,マエバシシ,ヨコテマチ,群馬県,前橋市,横手町
3792134,グンマケン,マエバシシ,リキマルマチ,群馬県,前橋市,力丸町
3710057,グンマケン,マエバシシ,リュウゾウジマチ,群馬県,前橋市,龍蔵寺町
3710804,グンマケン,マエバシシ,ロックマチ,群馬県,前橋市,六供町
3710032,グンマケン,マエバシシ,ワカミヤチョウ,群馬県,前橋市,若宮町
3700000,グンマケン,タカサキシ,イカニケイサイガナイバアイ,群馬県,高崎市,以下に掲載がない場合
3700811,グンマケン,タカサキシ,アイオイチョウ,群馬県,高崎市,相生町
3700818,グンマケン,タカサキシ,アカサカマチ,群馬県,高崎市,赤坂町
3701211,グンマケン,タカサキシ,アクツマチ,群馬県,高崎市,阿久津町
3700052,グンマケン,タカサキシ,アサヒチョウ,群馬県,高崎市,旭町
3703531,グンマケン,タカサキシ,アシカドマチ,群馬県,高崎市,足門町
3700045,グンマケン,タカサキシ,アズマチョウ,群馬県,高崎市,東町
3700831,グンマケン,タカサキシ,アラマチ,群馬県,高崎市,あら町
3700063,グンマケン,タカサキシ,イイダママチ,群馬県,高崎市,飯玉町
3700069,グンマケン,タカサキシ,イイヅカマチ,群馬県,高崎市,飯塚町
3700864,グンマケン,タカサキシ,イシハラマチ,群馬県,高崎市,石原町
3703534,グンマケン,タカサキシ,イデマチ,群馬県,高崎市,井出町
3700062,グンマケン,タカサキシ,イナリチョウ,群馬県,高崎市,稲荷町
3700004,グンマケン,タカサキシ,イノマチ,群馬県,高崎市,井野町
3700044,グンマケン,タカサキシ,イワオシマチ,群馬県,高崎市,岩押町
3701208,グンマケン,タカサキシ,イワハナマチ,群馬県,高崎市,岩鼻町
3700067,グンマケン,タカサキシ,ウケチマチ,群馬県,高崎市,請地町
3703518,グンマケン,タカサキシ,ウシロヒキママチ,群馬県,高崎市,後疋間町
3700807,グンマケン,タカサキシ,ウタガワチョウ,群馬県,高崎市,歌川町
3700046,グンマケン,タカサキシ,エギマチ,群馬県,高崎市,江木町
3700012,グンマケン,タカサキシ,オオサワマチ,群馬県,高崎市,大沢町
3700803,グンマケン,タカサキシ,オオハシマチ,群馬県,高崎市,大橋町
3700072,グンマケン,タカサキシ,オオヤギマチ,群馬県,高崎市,大八木町
3700086,グンマケン,タカサキシ,オキマチ,群馬県,高崎市,沖町
3700042,グンマケン,タカサキシ,カイザワマチ,群馬県,高崎市,貝沢町
3700838,グンマケン,タカサキシ,カジチョウ,群馬県,高崎市,鍛冶町
3700862,グンマケン,タカサキシ,カタオカマチ,群馬県,高崎市,片岡町
3700814,グンマケン,タカサキシ,カタマチ,群馬県,高崎市,嘉多町
3700882,グンマケン,タカサキシ,カナイブチマチ,群馬県,高崎市,金井淵町
3703511,グンマケン,タカサキシ,カネコマチ,群馬県,高崎市,金古町
3703335,グンマケン,タカサキシ,カミオオシママチ,群馬県,高崎市,上大島町
3700031,グンマケン,タカサキシ,カミオオルイマチ,群馬県,高崎市,上大類町
3700078,グンマケン,タカサキシ,カミコトリマチ,群馬県,高崎市,上小鳥町
3700077,グンマケン,タカサキシ,カミコバナマチ,群馬県,高崎市,上小塙町
3703345,グンマケン,タカサキシ,カミサトミマチ,群馬県,高崎市,上里見町
3700857,グンマケン,タカサキシ,カミサノマチ,群馬県,高崎市,上佐野町
3700027,グンマケン,タカサキシ,カミタキマチ,群馬県,高崎市,上滝町
3700871,グンマケン,タカサキシ,カミトヨオカマチ,群馬県,高崎市,上豊岡町
3700851,グンマケン,タカサキシ,カミナカイマチ,群馬県,高崎市,上中居町
3700801,グンマケン,タカサキシ,カミナミエマチ,群馬県,高崎市,上並榎町
3703346,グンマケン,タカサキシ,カミムロダマチ,群馬県,高崎市,上室田町
3700806,グンマケン,タカサキシ,カミワダマチ,群馬県,高崎市,上和田町
3700084,グンマケン,タカサキシ,キクヂマチ,群馬県,高崎市,菊地町
3700082,グンマケン,タカサキシ,キタアラナミマチ,群馬県,高崎市,北新波町
3700872,グンマケン,タカサキシ,キタクボマチ,群馬県,高崎市,北久保町
3700056,グンマケン,タカサキシ,キタトオリマチ,群馬県,高崎市,北通町
3703513,グンマケン,タカサキシ,キタハラマチ,群馬県,高崎市,北原町
3700842,グンマケン,タカサキシ,キタフタバチョウ,群馬県,高崎市,北双葉町
3701212,グンマケン,タカサキシ,キベマチ,群馬県,高崎市,木部町
3700011,グンマケン,タカサキシ,キョウメマチ,群馬県,高崎市,京目町
3700088,グンマケン,タカサキシ,ギョウリキマチ,群馬県,高崎市,行力町
3700058,グンマケン,タカサキシ,クゾウマチ,群馬県,高崎市,九蔵町
3701201,グンマケン,タカサキシ,クラガノマチ,群馬県,高崎市,倉賀野町
3703404,グンマケン,タカサキシ,クラブチマチイワコオリ,群馬県,高崎市,倉渕町岩氷
3703405,グンマケン,タカサキシ,クラブチマチカワウラ,群馬県,高崎市,倉渕町川浦
3703401,グンマケン,タカサキシ,クラブチマチゴンダ,群馬県,高崎市,倉渕町権田
3703402,グンマケン,タカサキシ,クラブチマチサンノクラ,群馬県,高崎市,倉渕町三ノ倉
3703403,グンマケン,タカサキシ,クラブチマチミズヌマ,群馬県,高崎市,倉渕町水沼
3701205,グンマケン,タカサキシ,クリザキマチ,群馬県,高崎市,栗崎町
3700883,グンマケン,タカサキシ,ケンザキマチ,群馬県,高崎市,剣崎町
3703336,グンマケン,タカサキシ,ゴウドマチ,群馬県,高崎市,神戸町
3700071,グンマケン,タカサキシ,コヤギマチ,群馬県,高崎市,小八木町
3700841,グンマケン,タカサキシ,サカエチョウ,群馬県,高崎市,栄町
3700856,グンマケン,タカサキシ,サノクボマチ,群馬県,高崎市,佐野窪町
3700827,グンマケン,タカサキシ,サヤチョウ,群馬県,高崎市,鞘町
3700845,グンマケン,タカサキシ,シゴカマチ,群馬県,高崎市,新後閑町
3700035,グンマケン,タカサキシ,シバサキマチ,群馬県,高崎市,柴崎町
3700064,グンマケン,タカサキシ,シバヅカマチ,群馬県,高崎市,芝塚町
3700015,グンマケン,タカサキシ,シマノマチ,群馬県,高崎市,島野町
3700886,グンマケン,タカサキシ,シモオオシママチ,群馬県,高崎市,下大島町
3700034,グンマケン,タカサキシ,シモオオルイマチ,群馬県,高崎市,下大類町
3700074,グンマケン,タカサキシ,シモコトリマチ,群馬県,高崎市,下小鳥町
3700076,グンマケン,タカサキシ,シモコバナマチ,群馬県,高崎市,下小塙町
3700025,グンマケン,タカサキシ,シモサイダマチ,群馬県,高崎市,下斉田町
3703343,グンマケン,タカサキシ,シモサトミマチ,群馬県,高崎市,下里見町
3700855,グンマケン,タカサキシ,シモサノマチ,群馬県,高崎市,下佐野町
3700026,グンマケン,タカサキシ,シモタキマチ,群馬県,高崎市,下滝町
3700873,グンマケン,タカサキシ,シモトヨオカマチ,群馬県,高崎市,下豊岡町
3700853,グンマケン,タカサキシ,シモナカイマチ,群馬県,高崎市,下中居町
3700854,グンマケン,タカサキシ,シモノジョウマチ,群馬県,高崎市,下之城町
3703342,グンマケン,タカサキシ,シモムロダマチ,群馬県,高崎市,下室田町
3700837,グンマケン,タカサキシ,シモヨコチョウ,群馬県,高崎市,下横町
3700846,グンマケン,タカサキシ,シモワダマチ,群馬県,高崎市,下和田町
3703331,グンマケン,タカサキシ,ジュウモンジマチ,群馬県,高崎市,十文字町
3700032,グンマケン,タカサキシ,シュクオオルイマチ,群馬県,高崎市,宿大類町
3700022,グンマケン,タカサキシ,シュクヨコテマチ,群馬県,高崎市,宿横手町
3700008,グンマケン,タカサキシ,ショウカンジマチ,群馬県,高崎市,正観寺町
3700068,グンマケン,タカサキシ,ショウワマチ,群馬県,高崎市,昭和町
3703332,グンマケン,タカサキシ,シライワマチ,群馬県,高崎市,白岩町
3700825,グンマケン,タカサキシ,シロガネチョウ,群馬県,高崎市,白銀町
3700866,グンマケン,タカサキシ,シロヤママチ,群馬県,高崎市,城山町
3700821,グンマケン,タカサキシ,シンコンヤマチ,群馬県,高崎市,新紺屋町
3700054,グンマケン,タカサキシ,シンチョウ,群馬県,高崎市,真町
3700833,グンマケン,タカサキシ,シンデンマチ,群馬県,高崎市,新田町
3700003,グンマケン,タカサキシ,シンボタナカマチ,群馬県,高崎市,新保田中町
3700018,グンマケン,タカサキシ,シンボマチ,群馬県,高崎市,新保町
3701301,グンマケン,タカサキシ,シンマチ,群馬県,高崎市,新町
3700065,グンマケン,タカサキシ,スエヒロチョウ,群馬県,高崎市,末広町
3703522,グンマケン,タカサキシ,スガヤマチ,群馬県,高崎市,菅谷町
3700832,グンマケン,タカサキシ,スナガチョウ,群馬県,高崎市,砂賀町
3700804,グンマケン,タカサキシ,スミヨシチョウ,群馬県,高崎市,住吉町
3700817,グンマケン,タカサキシ,セキシロチョウ,群馬県,高崎市,堰代町
3701206,グンマケン,タカサキシ,ダイシンデンマチ,群馬県,高崎市,台新田町
3700805,グンマケン,タカサキシ,ダイマチ,群馬県,高崎市,台町
3700047,グンマケン,タカサキシ,タカサゴチョウ,群馬県,高崎市,高砂町
3700043,グンマケン,タカサキシ,タカゼキマチ,群馬県,高崎市,高関町
3703333,グンマケン,タカサキシ,タカハママチ,群馬県,高崎市,高浜町
3700829,グンマケン,タカサキシ,タカマツチョウ,群馬県,高崎市,高松町
3700835,グンマケン,タカサキシ,タツミチョウ,群馬県,高崎市,竜見町
3700824,グンマケン,タカサキシ,タマチ,群馬県,高崎市,田町
3703515,グンマケン,タカサキシ,ツカダマチ,群馬県,高崎市,塚田町
3700075,グンマケン,タカサキシ,ツクナワマチ,群馬県,高崎市,筑縄町
3700059,グンマケン,タカサキシ,ツバキチョウ,群馬県,高崎市,椿町
3700848,グンマケン,タカサキシ,ツルミチョウ,群馬県,高崎市,鶴見町
3700865,グンマケン,タカサキシ,テラオマチ,群馬県,高崎市,寺尾町
3700061,グンマケン,タカサキシ,テンジンチョウ,群馬県,高崎市,天神町
3703516,グンマケン,タカサキシ,トウカダイマチ,群馬県,高崎市,稲荷台町
3700053,グンマケン,タカサキシ,トオリマチ,群馬県,高崎市,通町
3700816,グンマケン,タカサキシ,トキワチョウ,群馬県,高崎市,常盤町
3700006,グンマケン,タカサキシ,トンヤマチ,群馬県,高崎市,問屋町
3700007,グンマケン,タカサキシ,トンヤマチニシ,群馬県,高崎市,問屋町西
3703524,グンマケン,タカサキシ,ナカイズミマチ,群馬県,高崎市,中泉町
3700852,グンマケン,タカサキシ,ナカイマチ,群馬県,高崎市,中居町
3700033,グンマケン,タカサキシ,ナカオオルイマチ,群馬県,高崎市,中大類町
3700001,グンマケン,タカサキシ,ナカオマチ,群馬県,高崎市,中尾町
3700823,グンマケン,タカサキシ,ナカコンヤマチ,群馬県,高崎市,中紺屋町
3703532,グンマケン,タカサキシ,ナカザトマチ,群馬県,高崎市,中里町
3703344,グンマケン,タカサキシ,ナカサトミマチ,群馬県,高崎市,中里見町
3700023,グンマケン,タカサキシ,ナカジママチ,群馬県,高崎市,中島町
3700874,グンマケン,タカサキシ,ナカトヨオカマチ,群馬県,高崎市,中豊岡町
3703347,グンマケン,タカサキシ,ナカムロダマチ,群馬県,高崎市,中室田町
3700802,グンマケン,タカサキシ,ナミエマチ,群馬県,高崎市,並榎町
3700812,グンマケン,タカサキシ,ナリタチョウ,群馬県,高崎市,成田町
3703512,グンマケン,タカサキシ,ニシコクブマチ,群馬県,高崎市,西国分町
3700017,グンマケン,タカサキシ,ニシジママチ,群馬県,高崎市,西島町
3700021,グンマケン,タカサキシ,ニシヨコテマチ,群馬県,高崎市,西横手町
3700048,グンマケン,タカサキシ,ニッコウチョウ,群馬県,高崎市,日光町
3701214,グンマケン,タカサキシ,ネゴヤマチ,群馬県,高崎市,根小屋町
3700867,グンマケン,タカサキシ,ノツケマチ,群馬県,高崎市,乗附町
3700013,グンマケン,タカサキシ,ハギワラマチ,群馬県,高崎市,萩原町
3700868,グンマケン,タカサキシ,ハナダカマチ,群馬県,高崎市,鼻高町
3700081,グンマケン,タカサキシ,ハマガワマチ,群馬県,高崎市,浜川町
3700005,グンマケン,タカサキシ,ハマジリマチ,群馬県,高崎市,浜尻町
3703348,グンマケン,タカサキシ,ハルナコマチ,群馬県,高崎市,榛名湖町
3703341,グンマケン,タカサキシ,ハルナサンマチ,群馬県,高崎市,榛名山町
3700041,グンマケン,タカサキシ,ヒガシカイザワマチ,群馬県,高崎市,東貝沢町
3703514,グンマケン,タカサキシ,ヒガシコクブマチ,群馬県,高崎市,東国分町
3701204,グンマケン,タカサキシ,ヒガシナカサトマチ,群馬県,高崎市,東中里町
3703517,グンマケン,タカサキシ,ヒキママチ,群馬県,高崎市,引間町
3700863,グンマケン,タカサキシ,ヒジリイシマチ,群馬県,高崎市,聖石町
3700002,グンマケン,タカサキシ,ヒダカマチ,群馬県,高崎市,日高町
3700839,グンマケン,タカサキシ,ヒモノチョウ,群馬県,高崎市,檜物町
3703519,グンマケン,タカサキシ,ヒヤミズマチ,群馬県,高崎市,冷水町
3703523,グンマケン,タカサキシ,フクシママチ,群馬県,高崎市,福島町
3700875,グンマケン,タカサキシ,フジヅカマチ,群馬県,高崎市,藤塚町
3700843,グンマケン,タカサキシ,フタバチョウ,群馬県,高崎市,双葉町
3703533,グンマケン,タカサキシ,ホドタマチ,群馬県,高崎市,保渡田町
3703334,グンマケン,タカサキシ,ホンゴウマチ,群馬県,高崎市,本郷町
3700881,グンマケン,タカサキシ,マチヤマチ,群馬県,高崎市,町屋町
3703102,グンマケン,タカサキシ,ミサトマチオイバラ,群馬県,高崎市,箕郷町生原
3703101,グンマケン,タカサキシ,ミサトマチカシワギザワ,群馬県,高崎市,箕郷町柏木沢
3703114,グンマケン,タカサキシ,ミサトマチカナシキダイラ,群馬県,高崎市,箕郷町金敷平
3703104,グンマケン,タカサキシ,ミサトマチカミシバ,群馬県,高崎市,箕郷町上芝
3703103,グンマケン,タカサキシ,ミサトマチシモシバ,群馬県,高崎市,箕郷町下芝
3703117,グンマケン,タカサキシ,ミサトマチシラカワ,群馬県,高崎市,箕郷町白川
3703112,グンマケン,タカサキシ,ミサトマチゼンジ,群馬県,高崎市,箕郷町善地
3703115,グンマケン,タカサキシ,ミサトマチトミオカ,群馬県,高崎市,箕郷町富岡
3703111,グンマケン,タカサキシ,ミサトマチナカノ,群馬県,高崎市,箕郷町中野
3703105,グンマケン,タカサキシ,ミサトマチニシアキヤ,群馬県,高崎市,箕郷町西明屋
3703106,グンマケン,タカサキシ,ミサトマチヒガシアキヤ,群馬県,高崎市,箕郷町東明屋
3703113,グンマケン,タカサキシ,ミサトマチマツノサワ,群馬県,高崎市,箕郷町松之沢
3703107,グンマケン,タカサキシ,ミサトマチヤバラ,群馬県,高崎市,箕郷町矢原
3703116,グンマケン,タカサキシ,ミサトマチワダヤマ,群馬県,高崎市,箕郷町和田山
3703337,グンマケン,タカサキシ,ミツゴサワマチ,群馬県,高崎市,三ツ子沢町
3703525,グンマケン,タカサキシ,ミツデラマチ,群馬県,高崎市,三ツ寺町
3700073,グンマケン,タカサキシ,ミドリチョウ,群馬県,高崎市,緑町
3700083,グンマケン,タカサキシ,ミナミアラナミマチ,群馬県,高崎市,南新波町
3700036,グンマケン,タカサキシ,ミナミオオルイマチ,群馬県,高崎市,南大類町
3700834,グンマケン,タカサキシ,ミナミチョウ,群馬県,高崎市,南町
3703338,グンマケン,タカサキシ,ミヤザワマチ,群馬県,高崎市,宮沢町
3701202,グンマケン,タカサキシ,ミヤハラマチ,群馬県,高崎市,宮原町
3700828,グンマケン,タカサキシ,ミヤモトチョウ,群馬県,高崎市,宮元町
3703521,グンマケン,タカサキシ,ムナダカマチ,群馬県,高崎市,棟高町
3700057,グンマケン,タカサキシ,モトコンヤマチ,群馬県,高崎市,元紺屋町
3700014,グンマケン,タカサキシ,モトシマナマチ,群馬県,高崎市,元島名町
3700813,グンマケン,タカサキシ,モトマチ,群馬県,高崎市,本町
3700849,グンマケン,タカサキシ,ヤシマチョウ,群馬県,高崎市,八島町
3700016,グンマケン,タカサキシ,ヤジママチ,群馬県,高崎市,矢島町
3700861,グンマケン,タカサキシ,ヤチヨマチ,群馬県,高崎市,八千代町
3701203,グンマケン,タカサキシ,ヤナカマチ,群馬県,高崎市,矢中町
3700815,グンマケン,タカサキシ,ヤナガワチョウ,群馬県,高崎市,柳川町
3700066,グンマケン,タカサキシ,ヤマダチョウ,群馬県,高崎市,山田町
3701213,グンマケン,タカサキシ,ヤマナマチ,群馬県,高崎市,山名町
3700024,グンマケン,タカサキシ,ヤワタバラマチ,群馬県,高崎市,八幡原町
3700884,グンマケン,タカサキシ,ヤワタマチ,群馬県,高崎市,八幡町
3700051,グンマケン,タカサキシ,ユミチョウ,群馬県,高崎市,弓町
3702107,グンマケン,タカサキシ,ヨシイマチイケ,群馬県,高崎市,吉井町池
3702114,グンマケン,タカサキシ,ヨシイマチイシガミ,群馬県,高崎市,吉井町石神
3702103,グンマケン,タカサキシ,ヨシイマチイワイ,群馬県,高崎市,吉井町岩井
3702131,グンマケン,タカサキシ,ヨシイマチイワザキ,群馬県,高崎市,吉井町岩崎
3702125,グンマケン,タカサキシ,ヨシイマチオオサワ,群馬県,高崎市,吉井町大沢
3702111,グンマケン,タカサキシ,ヨシイマチオグシ,群馬県,高崎市,吉井町小串
3702135,グンマケン,タカサキシ,ヨシイマチカタヤマ,群馬県,高崎市,吉井町片山
3702139,グンマケン,タカサキシ,ヨシイマチカミオクダイラ,群馬県,高崎市,吉井町上奥平
3702112,グンマケン,タカサキシ,ヨシイマチクロクマ,群馬県,高崎市,吉井町黒熊
3702102,グンマケン,タカサキシ,ヨシイマチコグレ,群馬県,高崎市,吉井町小暮
3702136,グンマケン,タカサキシ,ヨシイマチコタナ,群馬県,高崎市,吉井町小棚
3702137,グンマケン,タカサキシ,ヨシイマチサカグチ,群馬県,高崎市,吉井町坂口
3702124,グンマケン,タカサキシ,ヨシイマチシオ,群馬県,高崎市,吉井町塩
3702134,グンマケン,タカサキシ,ヨシイマチシオガワ,群馬県,高崎市,吉井町塩川
3702138,グンマケン,タカサキシ,ヨシイマチシモオクダイラ,群馬県,高崎市,吉井町下奥平
3702121,グンマケン,タカサキシ,ヨシイマチシモナガネ,群馬県,高崎市,吉井町下長根
3702123,グンマケン,タカサキシ,ヨシイマチジンボ,群馬県,高崎市,吉井町神保
3702115,グンマケン,タカサキシ,ヨシイマチタイラ,群馬県,高崎市,吉井町多比良
3702122,グンマケン,タカサキシ,ヨシイマチタカ,群馬県,高崎市,吉井町高
3702116,グンマケン,タカサキシ,ヨシイマチタゴ,群馬県,高崎市,吉井町多胡
3702105,グンマケン,タカサキシ,ヨシイマチナカジマ,群馬県,高崎市,吉井町中島
3702127,グンマケン,タカサキシ,ヨシイマチナガネ,群馬県,高崎市,吉井町長根
3702101,グンマケン,タカサキシ,ヨシイマチナンヨウダイ,群馬県,高崎市,吉井町南陽台
3702126,グンマケン,タカサキシ,ヨシイマチヒガシヤ,群馬県,高崎市,吉井町東谷
3702113,グンマケン,タカサキシ,ヨシイマチフカサワ,群馬県,高崎市,吉井町深沢
3702128,グンマケン,タカサキシ,ヨシイマチホンゴウ,群馬県,高崎市,吉井町本郷
3702104,グンマケン,タカサキシ,ヨシイマチマニワ,群馬県,高崎市,吉井町馬庭
3702106,グンマケン,タカサキシ,ヨシイマチヤタ,群馬県,高崎市,吉井町矢田
3702132,グンマケン,タカサキシ,ヨシイマチヨシイ,群馬県,高崎市,吉井町吉井
3702133,グンマケン,タカサキシ,ヨシイマチヨシイカワ,群馬県,高崎市,吉井町吉井川
3700819,グンマケン,タカサキシ,ヨツヤマチ,群馬県,高崎市,四ツ屋町
3700822,グンマケン,タカサキシ,ヨリアイチョウ,群馬県,高崎市,寄合町
3700055,グンマケン,タカサキシ,ラカンチョウ,群馬県,高崎市,羅漢町
3700087,グンマケン,タカサキシ,ラクママチ,群馬県,高崎市,楽間町
3700826,グンマケン,タカサキシ,レンジャクチョウ,群馬県,高崎市,連雀町
3700885,グンマケン,タカサキシ,ワカタマチ,群馬県,高崎市,若田町
3700836,グンマケン,タカサキシ,ワカマツチョウ,群馬県,高崎市,若松町
3700085,グンマケン,タカサキシ,ワガミネマチ,群馬県,高崎市,我峰町
3700844,グンマケン,タカサキシ,ワダタナカマチ,群馬県,高崎市,和田多中町
3701207,グンマケン,タカサキシ,ワタヌキマチ,群馬県,高崎市,綿貫町
3700847,グンマケン,タカサキシ,ワダマチ,群馬県,高崎市,和田町
3760000,グンマケン,キリュウシ,イカニケイサイガナイバアイ,群馬県,桐生市,以下に掲載がない場合
3760011,グンマケン,キリュウシ,アイオイチョウ,群馬県,桐生市,相生町
3760037,グンマケン,キリュウシ,アサヒチョウ,群馬県,桐生市,旭町
3760032,グンマケン,キリュウシ,アズマチョウ,群馬県,桐生市,東町
3760033,グンマケン,キリュウシ,イズミチョウ,群馬県,桐生市,泉町
3760022,グンマケン,キリュウシ,イナリチョウ,群馬県,桐生市,稲荷町
3760601,グンマケン,キリュウシ,ウメダチョウ,群馬県,桐生市,梅田町
3760044,グンマケン,キリュウシ,エイラクチョウ,群馬県,桐生市,永楽町
3760024,グンマケン,キリュウシ,オリヒメチョウ,群馬県,桐生市,織姫町
3760041,グンマケン,キリュウシ,カワウチチョウ,群馬県,桐生市,川内町
3760036,グンマケン,キリュウシ,カワギシチョウ,群馬県,桐生市,川岸町
3760026,グンマケン,キリュウシ,キヨセチョウ,群馬県,桐生市,清瀬町
3760145,グンマケン,キリュウシ,クロホネチョウカミタザワ,群馬県,桐生市,黒保根町上田沢
3760144,グンマケン,キリュウシ,クロホネチョウシモタザワ,群馬県,桐生市,黒保根町下田沢
3760143,グンマケン,キリュウシ,クロホネチョウシュクメグリ,群馬県,桐生市,黒保根町宿廻
3760141,グンマケン,キリュウシ,クロホネチョウミズヌマ,群馬県,桐生市,黒保根町水沼
3760142,グンマケン,キリュウシ,クロホネチョウヤギハラ,群馬県,桐生市,黒保根町八木原
3760004,グンマケン,キリュウシ,コウメチョウ,群馬県,桐生市,小梅町
3760043,グンマケン,キリュウシ,コソネチョウ,群馬県,桐生市,小曾根町
3760003,グンマケン,キリュウシ,コトヒラチョウ,群馬県,桐生市,琴平町
3760002,グンマケン,キリュウシ,サカイノチョウ,群馬県,桐生市,境野町
3760012,グンマケン,キリュウシ,サクラギチョウ,群馬県,桐生市,桜木町
3760006,グンマケン,キリュウシ,シンシュク,群馬県,桐生市,新宿
3760045,グンマケン,キリュウシ,スエヒロチョウ,群馬県,桐生市,末広町
3760038,グンマケン,キリュウシ,タカサゴチョウ,群馬県,桐生市,高砂町
3760042,グンマケン,キリュウシ,ツツミチョウ,群馬県,桐生市,堤町
3760052,グンマケン,キリュウシ,テンジンチョウ,群馬県,桐生市,天神町
3760021,グンマケン,キリュウシ,トモエチョウ,群馬県,桐生市,巴町
3760035,グンマケン,キリュウシ,ナカマチ,群馬県,桐生市,仲町
3760137,グンマケン,キリュウシ,ニイサトチョウアカギサン,群馬県,桐生市,新里町赤城山
3760136,グンマケン,キリュウシ,ニイサトチョウイタバシ,群馬県,桐生市,新里町板橋
3760133,グンマケン,キリュウシ,ニイサトチョウオオクボ,群馬県,桐生市,新里町大久保
3760131,グンマケン,キリュウシ,ニイサトチョウオクザワ,群馬県,桐生市,新里町奥沢
3760124,グンマケン,キリュウシ,ニイサトチョウコバヤシ,群馬県,桐生市,新里町小林
3760134,グンマケン,キリュウシ,ニイサトチョウセキ,群馬県,桐生市,新里町関
3760135,グンマケン,キリュウシ,ニイサトチョウタカイズミ,群馬県,桐生市,新里町高泉
3760123,グンマケン,キリュウシ,ニイサトチョウタケイ,群馬県,桐生市,新里町武井
3760132,グンマケン,キリュウシ,ニイサトチョウツルガヤ,群馬県,桐生市,新里町鶴ケ谷
3760121,グンマケン,キリュウシ,ニイサトチョウニッカワ,群馬県,桐生市,新里町新川
3760122,グンマケン,キリュウシ,ニイサトチョウノ,群馬県,桐生市,新里町野
3760125,グンマケン,キリュウシ,ニイサトチョウヤマカミ,群馬県,桐生市,新里町山上
3760023,グンマケン,キリュウシ,ニシキチョウ,群馬県,桐生市,錦町
3760054,グンマケン,キリュウシ,ニシヒサカタチョウ,群馬県,桐生市,西久方町
3760007,グンマケン,キリュウシ,ハママツチョウ,群馬県,桐生市,浜松町
3760034,グンマケン,キリュウシ,ヒガシ,群馬県,桐生市,東
3760053,グンマケン,キリュウシ,ヒガシヒサカタチョウ,群馬県,桐生市,東久方町
3760001,グンマケン,キリュウシ,ヒシマチ,群馬県,桐生市,菱町
3760051,グンマケン,キリュウシ,ヒライチョウ,群馬県,桐生市,平井町
3760013,グンマケン,キリュウシ,ヒロサワチョウ,群馬県,桐生市,広沢町
3760014,グンマケン,キリュウシ,ヒロサワチョウアイノシマ,群馬県,桐生市,広沢町間ノ島
3760031,グンマケン,キリュウシ,ホンチョウ,群馬県,桐生市,本町
3760025,グンマケン,キリュウシ,ミハラチョウ,群馬県,桐生市,美原町
3760046,グンマケン,キリュウシ,ミヤマエチョウ,群馬県,桐生市,宮前町
3760056,グンマケン,キリュウシ,ミヤモトチョウ,群馬県,桐生市,宮本町
3760005,グンマケン,キリュウシ,ミヨシチョウ,群馬県,桐生市,三吉町
3760027,グンマケン,キリュウシ,モトジュクチョウ,群馬県,桐生市,元宿町
3760055,グンマケン,キリュウシ,ヨコヤマチョウ,群馬県,桐生市,横山町
3720000,グンマケン,イセサキシ,イカニケイサイガナイバアイ,群馬県,伊勢崎市,以下に掲載がない場合
3792201,グンマケン,イセサキシ,アイノヤチョウ,群馬県,伊勢崎市,間野谷町
3792215,グンマケン,イセサキシ,アカボリイマイチョウ,群馬県,伊勢崎市,赤堀今井町
3792202,グンマケン,イセサキシ,アカボリカシマチョウ,群馬県,伊勢崎市,赤堀鹿島町
3792231,グンマケン,イセサキシ,アズマチョウ,群馬県,伊勢崎市,東町
3720821,グンマケン,イセサキシ,アミダイジマチ,群馬県,伊勢崎市,阿弥大寺町
3720007,グンマケン,イセサキシ,アンボリマチ,群馬県,伊勢崎市,安堀町
3720854,グンマケン,イセサキシ,イイジマチョウ,群馬県,伊勢崎市,飯島町
3792217,グンマケン,イセサキシ,イソチョウ,群馬県,伊勢崎市,磯町
3792211,グンマケン,イセサキシ,イチバチョウ,群馬県,伊勢崎市,市場町
3720804,グンマケン,イセサキシ,イナリチョウ,群馬県,伊勢崎市,稲荷町
3720005,グンマケン,イセサキシ,イヌイチョウ,群馬県,伊勢崎市,乾町
3720031,グンマケン,イセサキシ,イマイズミチョウ,群馬県,伊勢崎市,今泉町
3720823,グンマケン,イセサキシ,イマイチョウ,群馬県,伊勢崎市,今井町
3720006,グンマケン,イセサキシ,オオタマチ,群馬県,伊勢崎市,太田町
3720048,グンマケン,イセサキシ,オオテマチ,群馬県,伊勢崎市,大手町
3720015,グンマケン,イセサキシ,カシマチョウ,群馬県,伊勢崎市,鹿島町
3720023,グンマケン,イセサキシ,カスカワチョウ,群馬県,伊勢崎市,粕川町
3720045,グンマケン,イセサキシ,カミイズミチョウ,群馬県,伊勢崎市,上泉町
3720013,グンマケン,イセサキシ,カミウエキホンマチ,群馬県,伊勢崎市,上植木本町
3720021,グンマケン,イセサキシ,カミスワチョウ,群馬県,伊勢崎市,上諏訪町
3792225,グンマケン,イセサキシ,カミダチョウ,群馬県,伊勢崎市,上田町
3720851,グンマケン,イセサキシ,カミハスチョウ,群馬県,伊勢崎市,上蓮町
3720032,グンマケン,イセサキシ,キタセンギチョウ,群馬県,伊勢崎市,北千木町
3720056,グンマケン,イセサキシ,キタマチ,群馬県,伊勢崎市,喜多町
3792221,グンマケン,イセサキシ,クニサダマチ,群馬県,伊勢崎市,国定町
3720055,グンマケン,イセサキシ,クルワチョウ,群馬県,伊勢崎市,曲輪町
3720003,グンマケン,イセサキシ,ケゾウジマチ,群馬県,伊勢崎市,華蔵寺町
3720843,グンマケン,イセサキシ,ゲドウジチョウ,群馬県,伊勢崎市,下道寺町
3792232,グンマケン,イセサキシ,コイズミチョウ,群馬県,伊勢崎市,小泉町
3792206,グンマケン,イセサキシ,コウバヤシチョウ,群馬県,伊勢崎市,香林町
3720853,グンマケン,イセサキシ,コクリョウチョウ,群馬県,伊勢崎市,国領町
3720052,グンマケン,イセサキシ,コトブキチョウ,群馬県,伊勢崎市,寿町
3792213,グンマケン,イセサキシ,ゴメウシチョウ,群馬県,伊勢崎市,五目牛町
3700124,グンマケン,イセサキシ,サカイ,群馬県,伊勢崎市,境
3700123,グンマケン,イセサキシ,サカイアズマ,群馬県,伊勢崎市,境東
3700105,グンマケン,イセサキシ,サカイイヨク,群馬県,伊勢崎市,境伊与久
3700135,グンマケン,イセサキシ,サカイオコノギ,群馬県,伊勢崎市,境小此木
3700121,グンマケン,イセサキシ,サカイオナヅカ,群馬県,伊勢崎市,境女塚
3700127,グンマケン,イセサキシ,サカイカミタケシ,群馬県,伊勢崎市,境上武士
3700102,グンマケン,イセサキシ,サカイカミフチナ,群馬県,伊勢崎市,境上渕名
3700111,グンマケン,イセサキシ,サカイカミヤジマ,群馬県,伊勢崎市,境上矢島
3700104,グンマケン,イセサキシ,サカイキジマ,群馬県,伊勢崎市,境木島
3700122,グンマケン,イセサキシ,サカイサカエ,群馬県,伊勢崎市,境栄
3700134,グンマケン,イセサキシ,サカイシマムラ,群馬県,伊勢崎市,境島村
3700126,グンマケン,イセサキシ,サカイシモタケシ,群馬県,伊勢崎市,境下武士
3700103,グンマケン,イセサキシ,サカイシモフチナ,群馬県,伊勢崎市,境下渕名
3700114,グンマケン,イセサキシ,サカイシンエイ,群馬県,伊勢崎市,境新栄
3700117,グンマケン,イセサキシ,サカイドウドウ,群馬県,伊勢崎市,境百々
3700116,グンマケン,イセサキシ,サカイドウドウヒガシ,群馬県,伊勢崎市,境百々東
3700133,グンマケン,イセサキシ,サカイナカジマ,群馬県,伊勢崎市,境中島
3700112,グンマケン,イセサキシ,サカイニシイマイ,群馬県,伊勢崎市,境西今井
3700125,グンマケン,イセサキシ,サカイハギワラ,群馬県,伊勢崎市,境萩原
3700101,グンマケン,イセサキシ,サカイヒガシアライ,群馬県,伊勢崎市,境東新井
3700132,グンマケン,イセサキシ,サカイヒラヅカ,群馬県,伊勢崎市,境平塚
3700128,グンマケン,イセサキシ,サカイホズミ,群馬県,伊勢崎市,境保泉
3700113,グンマケン,イセサキシ,サカイミツギ,群馬県,伊勢崎市,境三ツ木
3700115,グンマケン,イセサキシ,サカイミハラ,群馬県,伊勢崎市,境美原
3700131,グンマケン,イセサキシ,サカイヨネオカ,群馬県,伊勢崎市,境米岡
3720831,グンマケン,イセサキシ,サンノウチョウ,群馬県,伊勢崎市,山王町
3720046,グンマケン,イセサキシ,サンコウチョウ,群馬県,伊勢崎市,三光町
3720011,グンマケン,イセサキシ,サンワチョウ,群馬県,伊勢崎市,三和町
3720824,グンマケン,イセサキシ,シバマチ,群馬県,伊勢崎市,柴町
3720024,グンマケン,イセサキシ,シモウエキチョウ,群馬県,伊勢崎市,下植木町
3720852,グンマケン,イセサキシ,シモハスチョウ,群馬県,伊勢崎市,下蓮町
3792214,グンマケン,イセサキシ,シモフレイチョウ,群馬県,伊勢崎市,下触町
3720014,グンマケン,イセサキシ,ショウワチョウ,群馬県,伊勢崎市,昭和町
3720038,グンマケン,イセサキシ,シンエイチョウ,群馬県,伊勢崎市,新栄町
3720057,グンマケン,イセサキシ,スエヒロチョウ,群馬県,伊勢崎市,末広町
3720841,グンマケン,イセサキシ,ダイショウジチョウ,群馬県,伊勢崎市,大正寺町
3720802,グンマケン,イセサキシ,タナカジママチ,群馬県,伊勢崎市,田中島町
3720814,グンマケン,イセサキシ,タナカマチ,群馬県,伊勢崎市,田中町
3792222,グンマケン,イセサキシ,タベイチョウ,群馬県,伊勢崎市,田部井町
3720042,グンマケン,イセサキシ,チュウオウチョウ,群馬県,伊勢崎市,中央町
3720004,グンマケン,イセサキシ,ツツミシタチョウ,群馬県,伊勢崎市,堤下町
3720002,グンマケン,イセサキシ,ツツミニシマチ,群馬県,伊勢崎市,堤西町
3720817,グンマケン,イセサキシ,ツナトリホンマチ,群馬県,伊勢崎市,連取本町
3720818,グンマケン,イセサキシ,ツナトリモトマチ,群馬県,伊勢崎市,連取元町
3720812,グンマケン,イセサキシ,ツナトリマチ,群馬県,伊勢崎市,連取町
3720833,グンマケン,イセサキシ,トミヅカチョウ,群馬県,伊勢崎市,富塚町
3720825,グンマケン,イセサキシ,トヤヅカマチ,群馬県,伊勢崎市,戸谷塚町
3720012,グンマケン,イセサキシ,トヨシロチョウ,群馬県,伊勢崎市,豊城町
3720822,グンマケン,イセサキシ,ナカマチ,群馬県,伊勢崎市,中町
3720855,グンマケン,イセサキシ,ナガヌママチ,群馬県,伊勢崎市,長沼町
3792224,グンマケン,イセサキシ,ニシオボカタチョウ,群馬県,伊勢崎市,西小保方町
3720816,グンマケン,イセサキシ,ニシカミノミヤマチ,群馬県,伊勢崎市,西上之宮町
3792204,グンマケン,イセサキシ,ニシクボチョウ,群馬県,伊勢崎市,西久保町
3720058,グンマケン,イセサキシ,ニシダマチ,群馬県,伊勢崎市,西田町
3792216,グンマケン,イセサキシ,ニシノチョウ,群馬県,伊勢崎市,西野町
3720813,グンマケン,イセサキシ,ニラヅカマチ,群馬県,伊勢崎市,韮塚町
3792205,グンマケン,イセサキシ,ノチョウ,群馬県,伊勢崎市,野町
3720844,グンマケン,イセサキシ,ハグロチョウ,群馬県,伊勢崎市,羽黒町
3720001,グンマケン,イセサキシ,ハシエマチ,群馬県,伊勢崎市,波志江町
3792236,グンマケン,イセサキシ,ハチスチョウ,群馬県,伊勢崎市,八寸町
3792234,グンマケン,イセサキシ,ヒガシオボカタチョウ,群馬県,伊勢崎市,東小保方町
3720815,グンマケン,イセサキシ,ヒガシカミノミヤマチ,群馬県,伊勢崎市,東上之宮町
3720025,グンマケン,イセサキシ,ヒガシホンマチ,群馬県,伊勢崎市,東本町
3720022,グンマケン,イセサキシ,ヒノデチョウ,群馬県,伊勢崎市,日乃出町
3792233,グンマケン,イセサキシ,ヒライチョウ,群馬県,伊勢崎市,平井町
3720039,グンマケン,イセサキシ,ヒロセチョウ,群馬県,伊勢崎市,ひろせ町
3720826,グンマケン,イセサキシ,フクジママチ,群馬県,伊勢崎市,福島町
3720041,グンマケン,イセサキシ,ヘイワチョウ,群馬県,伊勢崎市,平和町
3720834,グンマケン,イセサキシ,ホリグチマチ,群馬県,伊勢崎市,堀口町
3792212,グンマケン,イセサキシ,ホリシタチョウ,群馬県,伊勢崎市,堀下町
3720016,グンマケン,イセサキシ,ホンセキチョウ,群馬県,伊勢崎市,本関町
3720047,グンマケン,イセサキシ,ホンマチ,群馬県,伊勢崎市,本町
3792203,グンマケン,イセサキシ,マガリサワチョウ,群馬県,伊勢崎市,曲沢町
3720842,グンマケン,イセサキシ,マミヅカマチ,群馬県,伊勢崎市,馬見塚町
3720043,グンマケン,イセサキシ,ミドリチョウ,群馬県,伊勢崎市,緑町
3720033,グンマケン,イセサキシ,ミナミセンギチョウ,群馬県,伊勢崎市,南千木町
3792235,グンマケン,イセサキシ,ミムロチョウ,群馬県,伊勢崎市,三室町
3720037,グンマケン,イセサキシ,ミモロチョウ,群馬県,伊勢崎市,美茂呂町
3720801,グンマケン,イセサキシ,ミヤコマチ,群馬県,伊勢崎市,宮子町
3720803,グンマケン,イセサキシ,ミヤフルマチ,群馬県,伊勢崎市,宮古町
3720026,グンマケン,イセサキシ,ミヤマエチョウ,群馬県,伊勢崎市,宮前町
3720053,グンマケン,イセサキシ,ムネタカチョウ,群馬県,伊勢崎市,宗高町
3720034,グンマケン,イセサキシ,モロマチ,群馬県,伊勢崎市,茂呂町
3720036,グンマケン,イセサキシ,モロミナミチョウ,群馬県,伊勢崎市,茂呂南町
3720044,グンマケン,イセサキシ,ヤサカチョウ,群馬県,伊勢崎市,八坂町
3720827,グンマケン,イセサキシ,ヤッタジママチ,群馬県,伊勢崎市,八斗島町
3720054,グンマケン,イセサキシ,ヤナギハラチョウ,群馬県,伊勢崎市,柳原町
3720051,グンマケン,イセサキシ,ヤハタチョウ,群馬県,伊勢崎市,八幡町
3720832,グンマケン,イセサキシ,ヨゲチョウ,群馬県,伊勢崎市,除ケ町
3720811,グンマケン,イセサキシ,ワカバチョウ,群馬県,伊勢崎市,若葉町
3730000,グンマケン,オオタシ,イカニケイサイガナイバアイ,群馬県,太田市,以下に掲載がない場合
3700402,グンマケン,オオタシ,アクツチョウ,群馬県,太田市,阿久津町
3730814,グンマケン,オオタシ,アサヒチョウ,群馬県,太田市,朝日町
3730852,グンマケン,オオタシ,アライチョウ,群馬県,太田市,新井町
3700422,グンマケン,オオタシ,アンヨウジチョウ,群馬県,太田市,安養寺町
3730851,グンマケン,オオタシ,イイダチョウ,群馬県,太田市,飯田町
3730817,グンマケン,オオタシ,イイヅカチョウ,群馬県,太田市,飯塚町
3730007,グンマケン,オオタシ,イシバシチョウ,群馬県,太田市,石橋町
3730808,グンマケン,オオタシ,イシハラチョウ,群馬県,太田市,石原町
3730845,グンマケン,オオタシ,イズミチョウ,群馬県,太田市,泉町
3730013,グンマケン,オオタシ,イチバチョウ,群馬県,太田市,市場町
3700424,グンマケン,オオタシ,イデヅカチョウ,群馬県,太田市,出塚町
3730841,グンマケン,オオタシ,イワセガワチョウ,群馬県,太田市,岩瀬川町
3700403,グンマケン,オオタシ,イワマツチョウ,群馬県,太田市,岩松町
3730014,グンマケン,オオタシ,ウエキノチョウ,群馬県,太田市,植木野町
3730833,グンマケン,オオタシ,ウシザワチョウ,群馬県,太田市,牛沢町
3730813,グンマケン,オオタシ,ウチガシマチョウ,群馬県,太田市,内ケ島町
3792306,グンマケン,オオタシ,オオクボチョウ,群馬県,太田市,大久保町
3730055,グンマケン,オオタシ,オオシマチョウ,群馬県,太田市,大島町
3700423,グンマケン,オオタシ,オオタチチョウ,群馬県,太田市,大舘町
3792304,グンマケン,オオタシ,オオバラチョウ,群馬県,太田市,大原町
3730075,グンマケン,オオタシ,オオワシチョウ,群馬県,太田市,大鷲町
3730045,グンマケン,オオタシ,オキノチョウ,群馬県,太田市,沖野町
3730804,グンマケン,オオタシ,オキノゴウチョウ,群馬県,太田市,沖之郷町
3700405,グンマケン,オオタシ,オシキリチョウ,群馬県,太田市,押切町
3700401,グンマケン,オオタシ,オジマチョウ,群馬県,太田市,尾島町
3700421,グンマケン,オオタシ,カスカワチョウ,群馬県,太田市,粕川町
3730027,グンマケン,オオタシ,カナヤマチョウ,群馬県,太田市,金山町
3730074,グンマケン,オオタシ,カミゴウドチョウ,群馬県,太田市,上強戸町
3730024,グンマケン,オオタシ,カミコバヤシチョウ,群馬県,太田市,上小林町
3730044,グンマケン,オオタシ,カミタジマチョウ,群馬県,太田市,上田島町
3700411,グンマケン,オオタシ,カメオカチョウ,群馬県,太田市,亀岡町
3730003,グンマケン,オオタシ,キタカナイチョウ,群馬県,太田市,北金井町
3730012,グンマケン,オオタシ,キヨハラチョウ,群馬県,太田市,清原町
3730025,グンマケン,オオタシ,クマノチョウ,群馬県,太田市,熊野町
3730004,グンマケン,オオタシ,ゴウドチョウ,群馬県,太田市,強戸町
3700427,グンマケン,オオタシ,コズミダチョウ,群馬県,太田市,小角田町
3730818,グンマケン,オオタシ,コマイギチョウ,群馬県,太田市,小舞木町
3730807,グンマケン,オオタシ,シモコバヤシチョウ,群馬県,太田市,下小林町
3730844,グンマケン,オオタシ,シモタジマチョウ,群馬県,太田市,下田島町
3730821,グンマケン,オオタシ,シモハマダチョウ,群馬県,太田市,下浜田町
3730038,グンマケン,オオタシ,ジョウサイチョウ,群馬県,太田市,城西町
3730822,グンマケン,オオタシ,ショウヤマチ,群馬県,太田市,庄屋町
3730037,グンマケン,オオタシ,シンドウチョウ,群馬県,太田市,新道町
3730862,グンマケン,オオタシ,スエヒロチョウ,群馬県,太田市,末広町
3730002,グンマケン,オオタシ,スガシオチョウ,群馬県,太田市,菅塩町
3700413,グンマケン,オオタシ,スズカケチョウ,群馬県,太田市,すずかけ町
3730028,グンマケン,オオタシ,スバルチョウ,群馬県,太田市,スバル町
3700426,グンマケン,オオタシ,セラダチョウ,群馬県,太田市,世良田町
3700412,グンマケン,オオタシ,タイシチョウ,群馬県,太田市,太子町
3730801,グンマケン,オオタシ,ダイノゴウチョウ,群馬県,太田市,台之郷町
3730072,グンマケン,オオタシ,タカゼチョウ,群馬県,太田市,高瀬町
3730825,グンマケン,オオタシ,タカハヤシヒガシチョウ,群馬県,太田市,高林東町
3730828,グンマケン,オオタシ,タカハヤシニシチョウ,群馬県,太田市,高林西町
3730827,グンマケン,オオタシ,タカハヤシミナミチョウ,群馬県,太田市,高林南町
3730829,グンマケン,オオタシ,タカハヤシキタチョウ,群馬県,太田市,高林北町
3730824,グンマケン,オオタシ,タカハヤシコトブキチョウ,群馬県,太田市,高林寿町
3730042,グンマケン,オオタシ,タカラマチ,群馬県,太田市,宝町
3730011,グンマケン,オオタシ,タダカリチョウ,群馬県,太田市,只上町
3730008,グンマケン,オオタシ,ツルウダチョウ,群馬県,太田市,鶴生田町
3730052,グンマケン,オオタシ,テライチョウ,群馬県,太田市,寺井町
3730051,グンマケン,オオタシ,テンラチョウ,群馬県,太田市,天良町
3700425,グンマケン,オオタシ,トクガワチョウ,群馬県,太田市,徳川町
3730832,グンマケン,オオタシ,トミザワチョウ,群馬県,太田市,富沢町
3730023,グンマケン,オオタシ,トミワカチョウ,群馬県,太田市,富若町
3730053,グンマケン,オオタシ,トリヤマチョウ,群馬県,太田市,鳥山町
3730061,グンマケン,オオタシ,トリヤマカミチョウ,群馬県,太田市,鳥山上町
3730062,グンマケン,オオタシ,トリヤマナカチョウ,群馬県,太田市,鳥山中町
3730063,グンマケン,オオタシ,トリヤマシモチョウ,群馬県,太田市,鳥山下町
3730846,グンマケン,オオタシ,ナカネチョウ,群馬県,太田市,中根町
3730054,グンマケン,オオタシ,ナガテチョウ,群馬県,太田市,長手町
3730006,グンマケン,オオタシ,ナリヅカチョウ,群馬県,太田市,成塚町
3730819,グンマケン,オオタシ,ニイジマチョウ,群馬県,太田市,新島町
3730032,グンマケン,オオタシ,ニイノチョウ,群馬県,太田市,新野町
3730847,グンマケン,オオタシ,ニシシンマチ,群馬県,太田市,西新町
3730001,グンマケン,オオタシ,ニシナガオカチョウ,群馬県,太田市,西長岡町
3730043,グンマケン,オオタシ,ニシノヤチョウ,群馬県,太田市,西野谷町
3730033,グンマケン,オオタシ,ニシホンチョウ,群馬県,太田市,西本町
3730823,グンマケン,オオタシ,ニシヤジマチョウ,群馬県,太田市,西矢島町
3700331,グンマケン,オオタシ,ニッタアカボリチョウ,群馬県,太田市,新田赤堀町
3700304,グンマケン,オオタシ,ニッタイチチョウ,群馬県,太田市,新田市町
3700314,グンマケン,オオタシ,ニッタイチノイチョウ,群馬県,太田市,新田市野井町
3700306,グンマケン,オオタシ,ニッタイチノクラチョウ,群馬県,太田市,新田市野倉町
3700351,グンマケン,オオタシ,ニッタオオチョウ,群馬県,太田市,新田大町
3700347,グンマケン,オオタシ,ニッタオオネチョウ,群馬県,太田市,新田大根町
3700341,グンマケン,オオタシ,ニッタカナイチョウ,群馬県,太田市,新田金井町
3700352,グンマケン,オオタシ,ニッタカネチョウ,群馬県,太田市,新田嘉祢町
3700342,グンマケン,オオタシ,ニッタカミエダチョウ,群馬県,太田市,新田上江田町
3700346,グンマケン,オオタシ,ニッタカミダナカチョウ,群馬県,太田市,新田上田中町
3700353,グンマケン,オオタシ,ニッタカミナカチョウ,群馬県,太田市,新田上中町
3700321,グンマケン,オオタシ,ニッタキザキチョウ,群馬県,太田市,新田木崎町
3700303,グンマケン,オオタシ,ニッタコガナイチョウ,群馬県,太田市,新田小金井町
3700302,グンマケン,オオタシ,ニッタコキンチョウ,群馬県,太田市,新田小金町
3700355,グンマケン,オオタシ,ニッタゴンエモンチョウ,群馬県,太田市,新田権右衛門町
3700333,グンマケン,オオタシ,ニッタシモエダチョウ,群馬県,太田市,新田下江田町
3700343,グンマケン,オオタシ,ニッタシモダナカチョウ,群馬県,太田市,新田下田中町
3700313,グンマケン,オオタシ,ニッタソリマチチョウ,群馬県,太田市,新田反町町
3700334,グンマケン,オオタシ,ニッタタカオチョウ,群馬県,太田市,新田高尾町
3700305,グンマケン,オオタシ,ニッタタムラシンデンチョウ,群馬県,太田市,新田多村新田町
3700354,グンマケン,オオタシ,ニッタタメイケチョウ,群馬県,太田市,新田溜池町
3700301,グンマケン,オオタシ,ニッタテンラチョウ,群馬県,太田市,新田天良町
3700332,グンマケン,オオタシ,ニッタナカエダチョウ,群馬県,太田市,新田中江田町
3700356,グンマケン,オオタシ,ニッタハギチョウ,群馬県,太田市,新田萩町
3700345,グンマケン,オオタシ,ニッタハナカヅカチョウ,群馬県,太田市,新田花香塚町
3700344,グンマケン,オオタシ,ニッタハヤカワチョウ,群馬県,太田市,新田早川町
3700311,グンマケン,オオタシ,ニッタミズキチョウ,群馬県,太田市,新田瑞木町
3700312,グンマケン,オオタシ,ニッタムラタチョウ,群馬県,太田市,新田村田町
3730029,グンマケン,オオタシ,ニラガワチョウ,群馬県,太田市,韮川町
3730056,グンマケン,オオタシ,ハチマンチョウ,群馬県,太田市,八幡町
3730853,グンマケン,オオタシ,ハマチョウ,群馬県,太田市,浜町
3730071,グンマケン,オオタシ,ハラジュクチョウ,群馬県,太田市,原宿町
3730021,グンマケン,オオタシ,ヒガシイマイズミチョウ,群馬県,太田市,東今泉町
3730022,グンマケン,オオタシ,ヒガシカナイチョウ,群馬県,太田市,東金井町
3730015,グンマケン,オオタシ,ヒガシシンマチ,群馬県,太田市,東新町
3730812,グンマケン,オオタシ,ヒガシナガオカチョウ,群馬県,太田市,東長岡町
3730815,グンマケン,オオタシ,ヒガシベッショチョウ,群馬県,太田市,東別所町
3730026,グンマケン,オオタシ,ヒガシホンチョウ,群馬県,太田市,東本町
3730816,グンマケン,オオタシ,ヒガシヤジマチョウ,群馬県,太田市,東矢島町
3700404,グンマケン,オオタシ,ビゼンジマチョウ,群馬県,太田市,備前島町
3730831,グンマケン,オオタシ,フクザワチョウ,群馬県,太田市,福沢町
3730034,グンマケン,オオタシ,フジアグチョウ,群馬県,太田市,藤阿久町
3730035,グンマケン,オオタシ,フジクラチョウ,群馬県,太田市,藤久良町
3700417,グンマケン,オオタシ,フタツゴヤチョウ,群馬県,太田市,二ツ小屋町
3730826,グンマケン,オオタシ,フルトチョウ,群馬県,太田市,古戸町
3730041,グンマケン,オオタシ,ベッショチョウ,群馬県,太田市,別所町
3730842,グンマケン,オオタシ,ホソヤチョウ,群馬県,太田市,細谷町
3700414,グンマケン,オオタシ,ホリグチチョウ,群馬県,太田市,堀口町
3730057,グンマケン,オオタシ,ホンチョウ,群馬県,太田市,本町
3700406,グンマケン,オオタシ,マエゴヤチョウ,群馬県,太田市,前小屋町
3700416,グンマケン,オオタシ,マエジマチョウ,群馬県,太田市,前島町
3730018,グンマケン,オオタシ,マルヤマチョウ,群馬県,太田市,丸山町
3730073,グンマケン,オオタシ,ミドリチョウ,群馬県,太田市,緑町
3700415,グンマケン,オオタシ,ミナミガオカチョウ,群馬県,太田市,南ケ丘町
3730861,グンマケン,オオタシ,ミナミヤジマチョウ,群馬県,太田市,南矢島町
3700418,グンマケン,オオタシ,ムサシジマチョウ,群馬県,太田市,武蔵島町
3730809,グンマケン,オオタシ,モテギチョウ,群馬県,太田市,茂木町
3730805,グンマケン,オオタシ,ヤエガサチョウ,群馬県,太田市,八重笠町
3730811,グンマケン,オオタシ,ヤスラオカチョウ,群馬県,太田市,安良岡町
3730016,グンマケン,オオタシ,ヤタボリチョウ,群馬県,太田市,矢田堀町
3730803,グンマケン,オオタシ,ヤバチョウ,群馬県,太田市,矢場町
3730802,グンマケン,オオタシ,ヤバシンマチ,群馬県,太田市,矢場新町
3792301,グンマケン,オオタシ,ヤブヅカチョウ,群馬県,太田市,藪塚町
3792302,グンマケン,オオタシ,ヤマノカミチョウ,群馬県,太田市,山之神町
3730036,グンマケン,オオタシ,ユラチョウ,群馬県,太田市,由良町
3730019,グンマケン,オオタシ,ヨシザワチョウ,群馬県,太田市,吉沢町
3730843,グンマケン,オオタシ,ヨネザワチョウ,群馬県,太田市,米沢町
3792303,グンマケン,オオタシ,ヨリアイチョウ,群馬県,太田市,寄合町
3730806,グンマケン,オオタシ,リュウマイチョウ,群馬県,太田市,龍舞町
3792305,グンマケン,オオタシ,ロクセンゴクチョウ,群馬県,太田市,六千石町
3730031,グンマケン,オオタシ,ワキヤチョウ,群馬県,太田市,脇屋町
3780000,グンマケン,ヌマタシ,イカニケイサイガナイバアイ,群馬県,沼田市,以下に掲載がない場合
3780076,グンマケン,ヌマタシ,アキヅカマチ,群馬県,沼田市,秋塚町
3780077,グンマケン,ヌマタシ,イシズミマチ,群馬県,沼田市,石墨町
3780035,グンマケン,ヌマタシ,イドノウエマチ,群馬県,沼田市,井土上町
3780025,グンマケン,ヌマタシ,イマイマチ,群馬県,沼田市,今井町
3780021,グンマケン,ヌマタシ,イワモトマチ,群馬県,沼田市,岩本町
3780031,グンマケン,ヌマタシ,ウスネマチ,群馬県,沼田市,薄根町
3780068,グンマケン,ヌマタシ,ウソイマチ,群馬県,沼田市,宇楚井町
3780067,グンマケン,ヌマタシ,オオガママチ,群馬県,沼田市,大釜町
3780061,グンマケン,ヌマタシ,オカヤマチ,群馬県,沼田市,岡谷町
3780034,グンマケン,ヌマタシ,オンダマチ,群馬県,沼田市,恩田町
3780018,グンマケン,ヌマタシ,カジマチ,群馬県,沼田市,鍛冶町
3780026,グンマケン,ヌマタシ,カミカワダマチ,群馬県,沼田市,上川田町
3780003,グンマケン,ヌマタシ,カミクヤマチ,群馬県,沼田市,上久屋町
3780011,グンマケン,ヌマタシ,カミヌマスマチ,群馬県,沼田市,上沼須町
3780047,グンマケン,ヌマタシ,カミノチョウ,群馬県,沼田市,上之町
3780051,グンマケン,ヌマタシ,カミハラマチ,群馬県,沼田市,上原町
3780071,グンマケン,ヌマタシ,カミホッチマチ,群馬県,沼田市,上発知町
3780005,グンマケン,ヌマタシ,クヤハラマチ,群馬県,沼田市,久屋原町
3780045,グンマケン,ヌマタシ,ザイモクチョウ,群馬県,沼田市,材木町
3780014,グンマケン,ヌマタシ,サカエマチ,群馬県,沼田市,栄町
3780052,グンマケン,ヌマタシ,サクラマチ,群馬県,沼田市,桜町
3780023,グンマケン,ヌマタシ,ササオマチ,群馬県,沼田市,篠尾町
3780078,グンマケン,ヌマタシ,サヤママチ,群馬県,沼田市,佐山町
3780016,グンマケン,ヌマタシ,シミズチョウ,群馬県,沼田市,清水町
3780024,グンマケン,ヌマタシ,シモカワダマチ,群馬県,沼田市,下川田町
3780004,グンマケン,ヌマタシ,シモクヤマチ,群馬県,沼田市,下久屋町
3780063,グンマケン,ヌマタシ,シモヌマタマチ,群馬県,沼田市,下沼田町
3780044,グンマケン,ヌマタシ,シモノチョウ,群馬県,沼田市,下之町
3780074,グンマケン,ヌマタシ,シモホッチマチ,群馬県,沼田市,下発知町
3780033,グンマケン,ヌマタシ,シライワマチ,群馬県,沼田市,白岩町
3780123,グンマケン,ヌマタシ,シラサワマチイワムロ,群馬県,沼田市,白沢町岩室
3780124,グンマケン,ヌマタシ,シラサワマチオアイ,群馬県,沼田市,白沢町尾合
3780126,グンマケン,ヌマタシ,シラサワマチカミココブ,群馬県,沼田市,白沢町上古語父
3780127,グンマケン,ヌマタシ,シラサワマチシモココブ,群馬県,沼田市,白沢町下古語父
3780121,グンマケン,ヌマタシ,シラサワマチタカヒラ,群馬県,沼田市,白沢町高平
3780122,グンマケン,ヌマタシ,シラサワマチナマエ,群馬県,沼田市,白沢町生枝
3780125,グンマケン,ヌマタシ,シラサワマチヒライデ,群馬県,沼田市,白沢町平出
3780013,グンマケン,ヌマタシ,シンマチ,群馬県,沼田市,新町
3780032,グンマケン,ヌマタシ,スズリダマチ,群馬県,沼田市,硯田町
3780064,グンマケン,ヌマタシ,ゼンケイジマチ,群馬県,沼田市,善桂寺町
3780056,グンマケン,ヌマタシ,タカハシバマチ,群馬県,沼田市,高橋場町
3780015,グンマケン,ヌマタシ,トガノマチ,群馬県,沼田市,戸鹿野町
3780001,グンマケン,ヌマタシ,トカミマチ,群馬県,沼田市,戸神町
3780314,グンマケン,ヌマタシ,トネマチアオキ,群馬県,沼田市,利根町青木
3780305,グンマケン,ヌマタシ,トネマチアナバラ,群馬県,沼田市,利根町穴原
3780326,グンマケン,ヌマタシ,トネマチイシドシンデン,群馬県,沼田市,利根町石戸新田
3780322,グンマケン,ヌマタシ,トネマチオイガミ,群馬県,沼田市,利根町老神
3780323,グンマケン,ヌマタシ,トネマチオオハラ,群馬県,沼田市,利根町大原
3780304,グンマケン,ヌマタシ,トネマチオオヨウ,群馬県,沼田市,利根町大楊
3780303,グンマケン,ヌマタシ,トネマチオッカイ,群馬県,沼田市,利根町追貝
3780307,グンマケン,ヌマタシ,トネマチカキダイラ,群馬県,沼田市,利根町柿平
3780311,グンマケン,ヌマタシ,トネマチコマツ,群馬県,沼田市,利根町小松
3780315,グンマケン,ヌマタシ,トネマチスナガワ,群馬県,沼田市,利根町砂川
3780324,グンマケン,ヌマタシ,トネマチソノハラ,群馬県,沼田市,利根町園原
3780321,グンマケン,ヌマタシ,トネマチタカトヤ,群馬県,沼田市,利根町高戸谷
3780317,グンマケン,ヌマタシ,トネマチタナ,群馬県,沼田市,利根町多那
3780302,グンマケン,ヌマタシ,トネマチチドリ,群馬県,沼田市,利根町千鳥
3780316,グンマケン,ヌマタシ,トネマチニホンマツ,群馬県,沼田市,利根町二本松
3780312,グンマケン,ヌマタシ,トネマチネリ,群馬県,沼田市,利根町根利
3780313,グンマケン,ヌマタシ,トネマチヒカゲナンゴウ,群馬県,沼田市,利根町日影南郷
3780306,グンマケン,ヌマタシ,トネマチヒナタナンゴウ,群馬県,沼田市,利根町日向南郷
3780301,グンマケン,ヌマタシ,トネマチヒラガワ,群馬県,沼田市,利根町平川
3780325,グンマケン,ヌマタシ,トネマチワクミ,群馬県,沼田市,利根町輪組
3780072,グンマケン,ヌマタシ,ナカホッチマチ,群馬県,沼田市,中発知町
3780048,グンマケン,ヌマタシ,ナカマチ,群馬県,沼田市,中町
3780075,グンマケン,ヌマタシ,ナラマチ,群馬県,沼田市,奈良町
3780042,グンマケン,ヌマタシ,ニシクラウチマチ,群馬県,沼田市,西倉内町
3780054,グンマケン,ヌマタシ,ニシハラシンマチ,群馬県,沼田市,西原新町
3780012,グンマケン,ヌマタシ,ヌマスマチ,群馬県,沼田市,沼須町
3780046,グンマケン,ヌマタシ,バクロウマチ,群馬県,沼田市,馬喰町
3780066,グンマケン,ヌマタシ,ハラマチ,群馬県,沼田市,原町
3780041,グンマケン,ヌマタシ,ハルナマチ,群馬県,沼田市,榛名町
3780043,グンマケン,ヌマタシ,ヒガシクラウチマチ,群馬県,沼田市,東倉内町
3780053,グンマケン,ヌマタシ,ヒガシハラシンマチ,群馬県,沼田市,東原新町
3780017,グンマケン,ヌマタシ,ボウシンデンマチ,群馬県,沼田市,坊新田町
3780073,グンマケン,ヌマタシ,ホッチシンデンマチ,群馬県,沼田市,発知新田町
3780065,グンマケン,ヌマタシ,ホリメグリマチ,群馬県,沼田市,堀廻町
3780062,グンマケン,ヌマタシ,マチダマチ,群馬県,沼田市,町田町
3780022,グンマケン,ヌマタシ,ヤカタバラマチ,群馬県,沼田市,屋形原町
3780055,グンマケン,ヌマタシ,ヤナギマチ,群馬県,沼田市,柳町
3780002,グンマケン,ヌマタシ,ヨコヅカマチ,群馬県,沼田市,横塚町
3740000,グンマケン,タテバヤシシ,イカニケイサイガナイバアイ,群馬県,館林市,以下に掲載がない場合
3740035,グンマケン,タテバヤシシ,アオヤギチョウ,群馬県,館林市,青柳町
3740053,グンマケン,タテバヤシシ,アカツチチョウ,群馬県,館林市,赤土町
3740013,グンマケン,タテバヤシシ,アコウダチョウ,群馬県,館林市,赤生田町
3740014,グンマケン,タテバヤシシ,アコウダホンチョウ,群馬県,館林市,赤生田本町
3740063,グンマケン,タテバヤシシ,アサヒチョウ,群馬県,館林市,朝日町
3740073,グンマケン,タテバヤシシ,アシツギチョウ,群馬県,館林市,足次町
3740045,グンマケン,タテバヤシシ,イリカヤチョウ,群馬県,館林市,入ケ谷町
3740066,グンマケン,タテバヤシシ,オオカイドウ,群馬県,館林市,大街道
3740001,グンマケン,タテバヤシシ,オオシマチョウ,群馬県,館林市,大島町
3740072,グンマケン,タテバヤシシ,オオシンデンチョウ,群馬県,館林市,大新田町
3740023,グンマケン,タテバヤシシ,オオテマチ,群馬県,館林市,大手町
3740054,グンマケン,タテバヤシシ,オオヤチョウ,群馬県,館林市,大谷町
3740067,グンマケン,タテバヤシシ,オカノチョウ,群馬県,館林市,岡野町
3740019,グンマケン,タテバヤシシ,オビキチョウ,群馬県,館林市,尾曳町
3740022,グンマケン,タテバヤシシ,カボウシチョウ,群馬県,館林市,加法師町
3740015,グンマケン,タテバヤシシ,カミアコウダチョウ,群馬県,館林市,上赤生田町
3740079,グンマケン,タテバヤシシ,カミサガワダチョウ,群馬県,館林市,上早川田町
3740046,グンマケン,タテバヤシシ,カミミバヤシチョウ,群馬県,館林市,上三林町
3740057,グンマケン,タテバヤシシ,キタナルシマチョウ,群馬県,館林市,北成島町
3740077,グンマケン,タテバヤシシ,キドチョウ,群馬県,館林市,木戸町
3740004,グンマケン,タテバヤシシ,クスノキチョウ,群馬県,館林市,楠町
3740037,グンマケン,タテバヤシシ,コクワバラチョウ,群馬県,館林市,小桑原町
3740042,グンマケン,タテバヤシシ,コンドウチョウ,群馬県,館林市,近藤町
3740052,グンマケン,タテバヤシシ,サカエチョウ,群馬県,館林市,栄町
3740069,グンマケン,タテバヤシシ,サカシタチョウ,群馬県,館林市,坂下町
3740071,グンマケン,タテバヤシシ,シモサガワダチョウ,群馬県,館林市,下早川田町
3740044,グンマケン,タテバヤシシ,シモミバヤシチョウ,群馬県,館林市,下三林町
3740018,グンマケン,タテバヤシシ,シロマチ,群馬県,館林市,城町
3740051,グンマケン,タテバヤシシ,シンサカエチョウ,群馬県,館林市,新栄町
3740026,グンマケン,タテバヤシシ,シンジュク,群馬県,館林市,新宿
3740036,グンマケン,タテバヤシシ,スワチョウ,群馬県,館林市,諏訪町
3740021,グンマケン,タテバヤシシ,セドヤチョウ,群馬県,館林市,瀬戸谷町
3740064,グンマケン,タテバヤシシ,ダイカンチョウ,群馬県,館林市,代官町
3740068,グンマケン,タテバヤシシ,ダイジュクチョウ,群馬県,館林市,台宿町
3740074,グンマケン,タテバヤシシ,タカネチョウ,群馬県,館林市,高根町
3740002,グンマケン,タテバヤシシ,タヤチョウ,群馬県,館林市,田谷町
3740009,グンマケン,タテバヤシシ,チヅカチョウ,群馬県,館林市,千塚町
3740028,グンマケン,タテバヤシシ,チヨダチョウ,群馬県,館林市,千代田町
3740017,グンマケン,タテバヤシシ,ツツジチョウ,群馬県,館林市,つつじ町
3740006,グンマケン,タテバヤシシ,トウゴウチョウ,群馬県,館林市,当郷町
3740043,グンマケン,タテバヤシシ,ナエギチョウ,群馬県,館林市,苗木町
3740029,グンマケン,タテバヤシシ,ナカマチ,群馬県,館林市,仲町
3740055,グンマケン,タテバヤシシ,ナルシマチョウ,群馬県,館林市,成島町
3740075,グンマケン,タテバヤシシ,ニシタカネチョウ,群馬県,館林市,西高根町
3740065,グンマケン,タテバヤシシ,ニシホンチョウ,群馬県,館林市,西本町
3740038,グンマケン,タテバヤシシ,ニシミソノチョウ,群馬県,館林市,西美園町
3740047,グンマケン,タテバヤシシ,ノベチョウ,群馬県,館林市,野辺町
3740005,グンマケン,タテバヤシシ,ハナヤマチョウ,群馬県,館林市,花山町
3740012,グンマケン,タテバヤシシ,ハネツクアサヒチョウ,群馬県,館林市,羽附旭町
3740011,グンマケン,タテバヤシシ,ハネツクチョウ,群馬県,館林市,羽附町
3740061,グンマケン,タテバヤシシ,ヒガシヒロウチチョウ,群馬県,館林市,東広内町
3740031,グンマケン,タテバヤシシ,ヒガシミソノチョウ,群馬県,館林市,東美園町
3740076,グンマケン,タテバヤシシ,ヒナタチョウ,群馬県,館林市,日向町
3740062,グンマケン,タテバヤシシ,ヒロウチチョウ,群馬県,館林市,広内町
3740041,グンマケン,タテバヤシシ,フジハラチョウ,群馬県,館林市,富士原町
3740027,グンマケン,タテバヤシシ,フジミチョウ,群馬県,館林市,富士見町
3740034,グンマケン,タテバヤシシ,ブンブクチョウ,群馬県,館林市,分福町
3740078,グンマケン,タテバヤシシ,ホウジツカチョウ,群馬県,館林市,傍示塚町
3740008,グンマケン,タテバヤシシ,ホソウチチョウ,群馬県,館林市,細内町
3740033,グンマケン,タテバヤシシ,ホリクチョウ,群馬県,館林市,堀工町
3740024,グンマケン,タテバヤシシ,ホンチョウ,群馬県,館林市,本町
3740056,グンマケン,タテバヤシシ,マツヌマチョウ,群馬県,館林市,松沼町
3740016,グンマケン,タテバヤシシ,マツバラ,群馬県,館林市,松原
3740039,グンマケン,タテバヤシシ,ミソノチョウ,群馬県,館林市,美園町
3740025,グンマケン,タテバヤシシ,ミドリチョウ,群馬県,館林市,緑町
3740032,グンマケン,タテバヤシシ,ミナミミソノチョウ,群馬県,館林市,南美園町
3740003,グンマケン,タテバヤシシ,ヨツヤチョウ,群馬県,館林市,四ツ谷町
3740007,グンマケン,タテバヤシシ,ワカミヤチョウ,群馬県,館林市,若宮町
3770000,グンマケン,シブカワシ,イカニケイサイガナイバアイ,群馬県,渋川市,以下に掲載がない場合
3791122,グンマケン,シブカワシ,アカギマチカツホザワ,群馬県,渋川市,赤城町勝保沢
3791125,グンマケン,シブカワシ,アカギマチカミミハラダ,群馬県,渋川市,赤城町上三原田
3791111,グンマケン,シブカワシ,アカギマチキタアカギサン,群馬県,渋川市,赤城町北赤城山
3791105,グンマケン,シブカワシ,アカギマチキタウエノ,群馬県,渋川市,赤城町北上野
3791114,グンマケン,シブカワシ,アカギマチサカエ,群馬県,渋川市,赤城町栄
3791104,グンマケン,シブカワシ,アカギマチシキシマ,群馬県,渋川市,赤城町敷島
3791124,グンマケン,シブカワシ,アカギマチタキザワ,群馬県,渋川市,赤城町滝沢
3791101,グンマケン,シブカワシ,アカギマチタナシタ,群馬県,渋川市,赤城町棚下
3791127,グンマケン,シブカワシ,アカギマチタル,群馬県,渋川市,赤城町樽
3791103,グンマケン,シブカワシ,アカギマチツクダ,群馬県,渋川市,赤城町津久田
3791102,グンマケン,シブカワシ,アカギマチナガイオガワダ,群馬県,渋川市,赤城町長井小川田
3791115,グンマケン,シブカワシ,アカギマチミゾロキ,群馬県,渋川市,赤城町溝呂木
3791123,グンマケン,シブカワシ,アカギマチミタチ,群馬県,渋川市,赤城町見立
3791113,グンマケン,シブカワシ,アカギマチミナミアカギサン,群馬県,渋川市,赤城町南赤城山
3791126,グンマケン,シブカワシ,アカギマチミハラダ,群馬県,渋川市,赤城町三原田
3791121,グンマケン,シブカワシ,アカギマチミヤダ,群馬県,渋川市,赤城町宮田
3791112,グンマケン,シブカワシ,アカギマチミヤマ,群馬県,渋川市,赤城町深山
3791116,グンマケン,シブカワシ,アカギマチモチカシワギ,群馬県,渋川市,赤城町持柏木
3770031,グンマケン,シブカワシ,アクツ,群馬県,渋川市,阿久津
3770005,グンマケン,シブカワシ,アリマ,群馬県,渋川市,有馬
3770102,グンマケン,シブカワシ,イカホマチイカホ,群馬県,渋川市,伊香保町伊香保
3770103,グンマケン,シブカワシ,イカホマチミズサワ,群馬県,渋川市,伊香保町水沢
3770101,グンマケン,シブカワシ,イカホマチユナカゴ,群馬県,渋川市,伊香保町湯中子
3770007,グンマケン,シブカワシ,イシハラ,群馬県,渋川市,石原
3770024,グンマケン,シブカワシ,ウバシマ,群馬県,渋川市,祖母島
3770312,グンマケン,シブカワシ,オノコ,群馬県,渋川市,小野子
3770027,グンマケン,シブカワシ,カナイ,群馬県,渋川市,金井
3770201,グンマケン,シブカワシ,カミシロイ,群馬県,渋川市,上白井
3770025,グンマケン,シブカワシ,カワシマ,群馬県,渋川市,川島
3770205,グンマケン,シブカワシ,キタモク,群馬県,渋川市,北牧
3770008,グンマケン,シブカワシ,シブカワ,群馬県,渋川市,渋川
3770204,グンマケン,シブカワシ,シロイ,群馬県,渋川市,白井
3770202,グンマケン,シブカワシ,ナカゴウ,群馬県,渋川市,中郷
3770002,グンマケン,シブカワシ,ナカムラ,群馬県,渋川市,中村
3770026,グンマケン,シブカワシ,ナンモク,群馬県,渋川市,南牧
3770004,グンマケン,シブカワシ,ハンダ,群馬県,渋川市,半田
3770203,グンマケン,シブカワシ,フキヤ,群馬県,渋川市,吹屋
3770051,グンマケン,シブカワシ,ホッキツマチアカギサン,群馬県,渋川市,北橘町赤城山
3770055,グンマケン,シブカワシ,ホッキツマチカミナムロ,群馬県,渋川市,北橘町上南室
3770052,グンマケン,シブカワシ,ホッキツマチカミハコダ,群馬県,渋川市,北橘町上箱田
3770065,グンマケン,シブカワシ,ホッキツマチコムロ,群馬県,渋川市,北橘町小室
3770054,グンマケン,シブカワシ,ホッキツマチシモナムロ,群馬県,渋川市,北橘町下南室
3770061,グンマケン,シブカワシ,ホッキツマチシモハコダ,群馬県,渋川市,北橘町下箱田
3770053,グンマケン,シブカワシ,ホッキツマチハコダ,群馬県,渋川市,北橘町箱田
3770064,グンマケン,シブカワシ,ホッキツマチハッサキ,群馬県,渋川市,北橘町八崎
3770063,グンマケン,シブカワシ,ホッキツマチブンゴウハッサキ,群馬県,渋川市,北橘町分郷八崎
3770062,グンマケン,シブカワシ,ホッキツマチマカベ,群馬県,渋川市,北橘町真壁
3770006,グンマケン,シブカワシ,ミユキダ,群馬県,渋川市,行幸田
3770311,グンマケン,シブカワシ,ムラカミ,群馬県,渋川市,村上
3770003,グンマケン,シブカワシ,ヤギハラ,群馬県,渋川市,八木原
3770206,グンマケン,シブカワシ,ヨコボリ,群馬県,渋川市,横堀
3750000,グンマケン,フジオカシ,イカニケイサイガナイバアイ,群馬県,藤岡市,以下に掲載がない場合
3750042,グンマケン,フジオカシ,アユガワ,群馬県,藤岡市,鮎川
3750034,グンマケン,フジオカシ,ウシタ,群馬県,藤岡市,牛田
3750011,グンマケン,フジオカシ,オカノゴウ,群馬県,藤岡市,岡之郷
3701401,グンマケン,フジオカシ,オニシ,群馬県,藤岡市,鬼石
3750045,グンマケン,フジオカシ,カナイ,群馬県,藤岡市,金井
3750054,グンマケン,フジオカシ,カミオオヅカ,群馬県,藤岡市,上大塚
3750057,グンマケン,フジオカシ,カミオチアイ,群馬県,藤岡市,上落合
3750016,グンマケン,フジオカシ,カミクリス,群馬県,藤岡市,上栗須
3750013,グンマケン,フジオカシ,カミトヅカ,群馬県,藤岡市,上戸塚
3750047,グンマケン,フジオカシ,カミヒノ,群馬県,藤岡市,上日野
3750033,グンマケン,フジオカシ,カワヨケ,群馬県,藤岡市,川除
3750021,グンマケン,フジオカシ,コバヤシ,群馬県,藤岡市,小林
3701404,グンマケン,フジオカシ,サカハラ,群馬県,藤岡市,坂原
3701405,グンマケン,フジオカシ,サンバガワ,群馬県,藤岡市,三波川
3750037,グンマケン,フジオカシ,サンボギ,群馬県,藤岡市,三本木
3750017,グンマケン,フジオカシ,シノヅカ,群馬県,藤岡市,篠塚
3750052,グンマケン,フジオカシ,シモオオヅカ,群馬県,藤岡市,下大塚
3750014,グンマケン,フジオカシ,シモクリス,群馬県,藤岡市,下栗須
3750012,グンマケン,フジオカシ,シモトヅカ,群馬県,藤岡市,下戸塚
3750046,グンマケン,フジオカシ,シモヒノ,群馬県,藤岡市,下日野
3701406,グンマケン,フジオカシ,ジョウボウジ,群馬県,藤岡市,浄法寺
3750055,グンマケン,フジオカシ,シロイシ,群馬県,藤岡市,白石
3750032,グンマケン,フジオカシ,ジンダ,群馬県,藤岡市,神田
3750036,グンマケン,フジオカシ,タカヤマ,群馬県,藤岡市,高山
3750002,グンマケン,フジオカシ,タツイシ,群馬県,藤岡市,立石
3750003,グンマケン,フジオカシ,タツイシシンデン,群馬県,藤岡市,立石新田
3750005,グンマケン,フジオカシ,ナカ,群馬県,藤岡市,中
3750053,グンマケン,フジオカシ,ナカオオヅカ,群馬県,藤岡市,中大塚
3750015,グンマケン,フジオカシ,ナカクリス,群馬県,藤岡市,中栗須
3750001,グンマケン,フジオカシ,ナカジマ,群馬県,藤岡市,中島
3750044,グンマケン,フジオカシ,ニシヒライ,群馬県,藤岡市,西平井
3750022,グンマケン,フジオカシ,ネギシ,群馬県,藤岡市,根岸
3750043,グンマケン,フジオカシ,ヒガシヒライ,群馬県,藤岡市,東平井
3750024,グンマケン,フジオカシ,フジオカ,群馬県,藤岡市,藤岡
3750035,グンマケン,フジオカシ,ホミ,群馬県,藤岡市,保美
3701403,グンマケン,フジオカシ,ホミノヤマ,群馬県,藤岡市,保美濃山
3750023,グンマケン,フジオカシ,ホンゴウ,群馬県,藤岡市,本郷
3750056,グンマケン,フジオカシ,ミツギ,群馬県,藤岡市,三ツ木
3750041,グンマケン,フジオカシ,ミドノ,群馬県,藤岡市,緑埜
3750051,グンマケン,フジオカシ,モトユルギドウ,群馬県,藤岡市,本動堂
3750004,グンマケン,フジオカシ,モリ,群馬県,藤岡市,森
3750006,グンマケン,フジオカシ,モリシンデン,群馬県,藤岡市,森新田
3750031,グンマケン,フジオカシ,ヤバ,群馬県,藤岡市,矢場
3701402,グンマケン,フジオカシ,ユズリハラ,群馬県,藤岡市,譲原
3702300,グンマケン,トミオカシ,イカニケイサイガナイバアイ,群馬県,富岡市,以下に掲載がない場合
3702306,グンマケン,トミオカシ,アイノタ,群馬県,富岡市,相野田
3702452,グンマケン,トミオカシ,イチノミヤ,群馬県,富岡市,一ノ宮
3702322,グンマケン,トミオカシ,イワソメ,群馬県,富岡市,岩染
3702451,グンマケン,トミオカシ,ウダ,群馬県,富岡市,宇田
3702335,グンマケン,トミオカシ,オオシマ,群馬県,富岡市,大島
3702321,グンマケン,トミオカシ,オカモト,群馬県,富岡市,岡本
3702466,グンマケン,トミオカシ,カヌマ,群馬県,富岡市,蚊沼
3702455,グンマケン,トミオカシ,カノハラ,群馬県,富岡市,神農原
3702345,グンマケン,トミオカシ,カミクロイワ,群馬県,富岡市,上黒岩
3702456,グンマケン,トミオカシ,カミコバヤシ,群馬県,富岡市,上小林
3702317,グンマケン,トミオカシ,カミタカオ,群馬県,富岡市,上高尾
3702334,グンマケン,トミオカシ,カミダカセ,群馬県,富岡市,上高瀬
3702461,グンマケン,トミオカシ,カミニュウ,群馬県,富岡市,上丹生
3702463,グンマケン,トミオカシ,カンナリ,群馬県,富岡市,神成
3702313,グンマケン,トミオカシ,キミカワ,群馬県,富岡市,君川
3702344,グンマケン,トミオカシ,クロカワ,群馬県,富岡市,黒川
3702301,グンマケン,トミオカシ,クワハラ,群馬県,富岡市,桑原
3702304,グンマケン,トミオカシ,ゴカ,群馬県,富岡市,後賀
3702302,グンマケン,トミオカシ,コクワハラ,群馬県,富岡市,小桑原
3702341,グンマケン,トミオカシ,シモクロイワ,群馬県,富岡市,下黒岩
3702311,グンマケン,トミオカシ,シモタカオ,群馬県,富岡市,下高尾
3702332,グンマケン,トミオカシ,シモダカセ,群馬県,富岡市,下高瀬
3702462,グンマケン,トミオカシ,シモニュウ,群馬県,富岡市,下丹生
3702305,グンマケン,トミオカシ,シライワ,群馬県,富岡市,白岩
3702315,グンマケン,トミオカシ,ソギ,群馬県,富岡市,曽木
3702331,グンマケン,トミオカシ,タクミ,群馬県,富岡市,内匠
3702314,グンマケン,トミオカシ,タジノ,群馬県,富岡市,田篠
3702454,グンマケン,トミオカシ,タジマ,群馬県,富岡市,田島
3702316,グンマケン,トミオカシ,トミオカ,群馬県,富岡市,富岡
3702465,グンマケン,トミオカシ,ナカザワ,群馬県,富岡市,中沢
3702333,グンマケン,トミオカシ,ナカダカセ,群馬県,富岡市,中高瀬
3702343,グンマケン,トミオカシ,ナノカイチ,群馬県,富岡市,七日市
3702464,グンマケン,トミオカシ,ナンジャイ,群馬県,富岡市,南蛇井
3702323,グンマケン,トミオカシ,ノガミ,群馬県,富岡市,野上
3702467,グンマケン,トミオカシ,ハラ,群馬県,富岡市,原
3702307,グンマケン,トミオカシ,フジキ,群馬県,富岡市,藤木
3702342,グンマケン,トミオカシ,ベツポ,群馬県,富岡市,別保
3702312,グンマケン,トミオカシ,ホシダ,群馬県,富岡市,星田
3702324,グンマケン,トミオカシ,ミナミゴカ,群馬県,富岡市,南後箇
3702453,グンマケン,トミオカシ,ミヤザキ,群馬県,富岡市,宮崎
3790202,グンマケン,トミオカシ,ミョウギマチオオウシ,群馬県,富岡市,妙義町大牛
3702411,グンマケン,トミオカシ,ミョウギマチカミタカタ,群馬県,富岡市,妙義町上高田
3790205,グンマケン,トミオカシ,ミョウギマチキタヤマ,群馬県,富岡市,妙義町北山
3702412,グンマケン,トミオカシ,ミョウギマチシモタカタ,群馬県,富岡市,妙義町下高田
3790208,グンマケン,トミオカシ,ミョウギマチスガハラ,群馬県,富岡市,妙義町菅原
3790203,グンマケン,トミオカシ,ミョウギマチタケ,群馬県,富岡市,妙義町岳
3790206,グンマケン,トミオカシ,ミョウギマチナカザト,群馬県,富岡市,妙義町中里
3790204,グンマケン,トミオカシ,ミョウギマチナメザワ,群馬県,富岡市,妙義町行沢
3790207,グンマケン,トミオカシ,ミョウギマチフルタチ,群馬県,富岡市,妙義町古立
3790201,グンマケン,トミオカシ,ミョウギマチミョウギ,群馬県,富岡市,妙義町妙義
3790209,グンマケン,トミオカシ,ミョウギマチモロト,群馬県,富岡市,妙義町諸戸
3702413,グンマケン,トミオカシ,ミョウギマチヤギツレ,群馬県,富岡市,妙義町八木連
3702303,グンマケン,トミオカシ,ワラビ,群馬県,富岡市,蕨
3790100,グンマケン,アンナカシ,イカニケイサイガナイバアイ,群馬県,安中市,以下に掲載がない場合
3790109,グンマケン,アンナカシ,アキマミノリガオカ,群馬県,安中市,秋間みのりが丘
3790116,グンマケン,アンナカシ,アンナカ,群馬県,安中市,安中
3790127,グンマケン,アンナカシ,イソベ,群馬県,安中市,磯部
3790111,グンマケン,アンナカシ,イタハナ,群馬県,安中市,板鼻
3790112,グンマケン,アンナカシ,イワイ,群馬県,安中市,岩井
3790121,グンマケン,アンナカシ,オオタケ,群馬県,安中市,大竹
3790113,グンマケン,アンナカシ,オオヤ,群馬県,安中市,大谷
3790105,グンマケン,アンナカシ,オマタ,群馬県,安中市,小俣
3790108,グンマケン,アンナカシ,カミゴカン,群馬県,安中市,上後閑
3790123,グンマケン,アンナカシ,カミマニタ,群馬県,安中市,上間仁田
3790135,グンマケン,アンナカシ,ゴウバラ,群馬県,安中市,郷原
3790132,グンマケン,アンナカシ,コウベツトウ,群馬県,安中市,高別当
3790124,グンマケン,アンナカシ,サギノミヤ,群馬県,安中市,鷺宮
3790104,グンマケン,アンナカシ,シモアキマ,群馬県,安中市,下秋間
3790129,グンマケン,アンナカシ,シモイソベ,群馬県,安中市,下磯部
3790106,グンマケン,アンナカシ,シモゴカン,群馬県,安中市,下後閑
3790122,グンマケン,アンナカシ,シモマニタ,群馬県,安中市,下間仁田
3790103,グンマケン,アンナカシ,ナカアキマ,群馬県,安中市,中秋間
3790107,グンマケン,アンナカシ,ナカゴカン,群馬県,安中市,中後閑
3790115,グンマケン,アンナカシ,ナカジュク,群馬県,安中市,中宿
3790125,グンマケン,アンナカシ,ナカノヤ,群馬県,安中市,中野谷
3790101,グンマケン,アンナカシ,ニシカミアキマ,群馬県,安中市,西上秋間
3790126,グンマケン,アンナカシ,ニシカミイソベ,群馬県,安中市,西上磯部
3790114,グンマケン,アンナカシ,ノドノ,群馬県,安中市,野殿
3790133,グンマケン,アンナカシ,ハライチ,群馬県,安中市,原市
3790102,グンマケン,アンナカシ,ヒガシカミアキマ,群馬県,安中市,東上秋間
3790128,グンマケン,アンナカシ,ヒガシカミイソベ,群馬県,安中市,東上磯部
3790131,グンマケン,アンナカシ,フルヤ,群馬県,安中市,古屋
3790216,グンマケン,アンナカシ,マツイダマチアライ,群馬県,安中市,松井田町新井
3790305,グンマケン,アンナカシ,マツイダマチイリヤマ,群馬県,安中市,松井田町入山
3790226,グンマケン,アンナカシ,マツイダマチオクナダ,群馬県,安中市,松井田町行田
3790213,グンマケン,アンナカシ,マツイダマチオビナタ,群馬県,安中市,松井田町小日向
3790211,グンマケン,アンナカシ,マツイダマチカミマスダ,群馬県,安中市,松井田町上増田
3790304,グンマケン,アンナカシ,マツイダマチキタノマキ,群馬県,安中市,松井田町北野牧
3790214,グンマケン,アンナカシ,マツイダマチコクガ,群馬県,安中市,松井田町国衙
3790302,グンマケン,アンナカシ,マツイダマチゴリョウ,群馬県,安中市,松井田町五料
3790307,グンマケン,アンナカシ,マツイダマチサカモト,群馬県,安中市,松井田町坂本
3790212,グンマケン,アンナカシ,マツイダマチシモマスダ,群馬県,安中市,松井田町下増田
3790215,グンマケン,アンナカシ,マツイダマチタカナシ,群馬県,安中市,松井田町高梨子
3890121,グンマケン,アンナカシ,マツイダマチトウゲ,群馬県,安中市,松井田町峠
3790221,グンマケン,アンナカシ,マツイダマチニイボリ,群馬県,安中市,松井田町新堀
3790223,グンマケン,アンナカシ,マツイダマチニケンザイケ,群馬県,安中市,松井田町二軒在家
3790303,グンマケン,アンナカシ,マツイダマチニシノマキ,群馬県,安中市,松井田町西野牧
3790306,グンマケン,アンナカシ,マツイダマチハラ,群馬県,安中市,松井田町原
3790217,グンマケン,アンナカシ,マツイダマチヒジシオ,群馬県,安中市,松井田町土塩
3790224,グンマケン,アンナカシ,マツイダマチヒトミ,群馬県,安中市,松井田町人見
3790222,グンマケン,アンナカシ,マツイダマチマツイダ,群馬県,安中市,松井田町松井田
3790225,グンマケン,アンナカシ,マツイダマチヤシロ,群馬県,安中市,松井田町八城
3790301,グンマケン,アンナカシ,マツイダマチヨコカワ,群馬県,安中市,松井田町横川
3790136,グンマケン,アンナカシ,ミネ,群馬県,安中市,嶺
3790134,グンマケン,アンナカシ,ヤナセ,群馬県,安中市,簗瀬
3760100,グンマケン,ミドリシ,イカニケイサイガナイバアイ,群馬県,みどり市,以下に掲載がない場合
3760306,グンマケン,ミドリシ,アズマチョウオギハラ,群馬県,みどり市,東町荻原
3760302,グンマケン,ミドリシ,アズマチョウクサギ,群馬県,みどり市,東町草木
3760304,グンマケン,ミドリシ,アズマチョウゴウド,群馬県,みどり市,東町神戸
3760308,グンマケン,ミドリシ,アズマチョウコナカ,群馬県,みどり市,東町小中
3760303,グンマケン,ミドリシ,アズマチョウザマ,群馬県,みどり市,東町座間
3760305,グンマケン,ミドリシ,アズマチョウサヤド,群馬県,みどり市,東町小夜戸
3760301,グンマケン,ミドリシ,アズマチョウソウリ,群馬県,みどり市,東町沢入
3760307,グンマケン,ミドリシ,アズマチョウハナワ,群馬県,みどり市,東町花輪
3760114,グンマケン,ミドリシ,オオママチョウアサバラ,群馬県,みどり市,大間々町浅原
3760101,グンマケン,ミドリシ,オオママチョウオオママ,群馬県,みどり市,大間々町大間々
3760111,グンマケン,ミドリシ,オオママチョウオダイラ,群馬県,みどり市,大間々町小平
3760104,グンマケン,ミドリシ,オオママチョウカミカンバイ,群馬県,みどり市,大間々町上神梅
3760102,グンマケン,ミドリシ,オオママチョウキリバラ,群馬県,みどり市,大間々町桐原
3760116,グンマケン,ミドリシ,オオママチョウシオザワ,群馬県,みどり市,大間々町塩沢
3760115,グンマケン,ミドリシ,オオママチョウシオバラ,群馬県,みどり市,大間々町塩原
3760103,グンマケン,ミドリシ,オオママチョウシモカンバイ,群馬県,みどり市,大間々町下神梅
3760113,グンマケン,ミドリシ,オオママチョウタカツド,群馬県,みどり市,大間々町高津戸
3760112,グンマケン,ミドリシ,オオママチョウナガオネ,群馬県,みどり市,大間々町長尾根
3792311,グンマケン,ミドリシ,カサカケチョウアザミ,群馬県,みどり市,笠懸町阿左美
3792312,グンマケン,ミドリシ,カサカケチョウクグウ,群馬県,みどり市,笠懸町久宮
3792314,グンマケン,ミドリシ,カサカケチョウサイシカダ,群馬県,みどり市,笠懸町西鹿田
3792313,グンマケン,ミドリシ,カサカケチョウシカ,群馬県,みどり市,笠懸町鹿
3703500,グンマケン,キタグンマグンシントウムラ,イカニケイサイガナイバアイ,群馬県,北群馬郡榛東村,以下に掲載がない場合
3703503,グンマケン,キタグンマグンシントウムラ,アライ,群馬県,北群馬郡榛東村,新井
3703505,グンマケン,キタグンマグンシントウムラ,ウエノハラ,群馬県,北群馬郡榛東村,上野原
3703501,グンマケン,キタグンマグンシントウムラ,ナガオカ,群馬県,北群馬郡榛東村,長岡
3703504,グンマケン,キタグンマグンシントウムラ,ヒロババ,群馬県,北群馬郡榛東村,広馬場
3703502,グンマケン,キタグンマグンシントウムラ,ヤマコダ,群馬県,北群馬郡榛東村,山子田
3703600,グンマケン,キタグンマグンヨシオカマチ,イカニケイサイガナイバアイ,群馬県,北群馬郡吉岡町,以下に掲載がない場合
3703601,グンマケン,キタグンマグンヨシオカマチ,ウルシバラ,群馬県,北群馬郡吉岡町,漆原
3703602,グンマケン,キタグンマグンヨシオカマチ,オオクボ,群馬県,北群馬郡吉岡町,大久保
3703607,グンマケン,キタグンマグンヨシオカマチ,オグラ,群馬県,北群馬郡吉岡町,小倉
3703606,グンマケン,キタグンマグンヨシオカマチ,カミノダ,群馬県,北群馬郡吉岡町,上野田
3703605,グンマケン,キタグンマグンヨシオカマチ,キタシモ,群馬県,北群馬郡吉岡町,北下
3703608,グンマケン,キタグンマグンヨシオカマチ,シモノダ,群馬県,北群馬郡吉岡町,下野田
3703603,グンマケン,キタグンマグンヨシオカマチ,ジンバ,群馬県,北群馬郡吉岡町,陣場
3703604,グンマケン,キタグンマグンヨシオカマチ,ミナミシモ,群馬県,北群馬郡吉岡町,南下
3701600,グンマケン,タノグンウエノムラ,イカニケイサイガナイバアイ,群馬県,多野郡上野村,以下に掲載がない場合
3701616,グンマケン,タノグンウエノムラ,オッチ,群馬県,多野郡上野村,乙父
3701615,グンマケン,タノグンウエノムラ,オトモ,群馬県,多野郡上野村,乙母
3701613,グンマケン,タノグンウエノムラ,カツヤマ,群馬県,多野郡上野村,勝山
3701614,グンマケン,タノグンウエノムラ,カワワ,群馬県,多野郡上野村,川和
3701617,グンマケン,タノグンウエノムラ,ナラハラ,群馬県,多野郡上野村,楢原
3701611,グンマケン,タノグンウエノムラ,ニッパ,群馬県,多野郡上野村,新羽
3701612,グンマケン,タノグンウエノムラ,ノグリサワ,群馬県,多野郡上野村,野栗沢
3701600,グンマケン,タノグンカンナマチ,イカニケイサイガナイバアイ,群馬県,多野郡神流町,以下に掲載がない場合
3701511,グンマケン,タノグンカンナマチ,アイバラ,群馬県,多野郡神流町,相原
3701512,グンマケン,タノグンカンナマチ,アオナシ,群馬県,多野郡神流町,青梨
3701502,グンマケン,タノグンカンナマチ,アソウ,群馬県,多野郡神流町,麻生
3701604,グンマケン,タノグンカンナマチ,オヅク,群馬県,多野郡神流町,尾附
3701602,グンマケン,タノグンカンナマチ,カガハラ,群馬県,多野郡神流町,神ケ原
3701501,グンマケン,タノグンカンナマチ,カシワギ,群馬県,多野郡神流町,柏木
3701506,グンマケン,タノグンカンナマチ,クロダ,群馬県,多野郡神流町,黒田
3701513,グンマケン,タノグンカンナマチ,コダイラ,群馬県,多野郡神流町,小平
3701514,グンマケン,タノグンカンナマチ,シオザワ,群馬県,多野郡神流町,塩沢
3701503,グンマケン,タノグンカンナマチ,ショウリ,群馬県,多野郡神流町,生利
3701515,グンマケン,タノグンカンナマチ,フナコ,群馬県,多野郡神流町,船子
3701603,グンマケン,タノグンカンナマチ,ヘバラ,群馬県,多野郡神流町,平原
3701504,グンマケン,タノグンカンナマチ,マンバ,群馬県,多野郡神流町,万場
3701505,グンマケン,タノグンカンナマチ,モリド,群馬県,多野郡神流町,森戸
3701601,グンマケン,タノグンカンナマチ,ヨノオ,群馬県,多野郡神流町,魚尾
3702600,グンマケン,カンラグンシモニタマチ,イカニケイサイガナイバアイ,群馬県,甘楽郡下仁田町,以下に掲載がない場合
3702611,グンマケン,カンラグンシモニタマチ,アオクラ,群馬県,甘楽郡下仁田町,青倉
3702613,グンマケン,カンラグンシモニタマチ,オオクワハラ,群馬県,甘楽郡下仁田町,大桑原
3702614,グンマケン,カンラグンシモニタマチ,カザクチ,群馬県,甘楽郡下仁田町,風口
3702621,グンマケン,カンラグンシモニタマチ,カミオサカ,群馬県,甘楽郡下仁田町,上小坂
3702606,グンマケン,カンラグンシモニタマチ,カワイ,群馬県,甘楽郡下仁田町,川井
3702605,グンマケン,カンラグンシモニタマチ,クリヤマ,群馬県,甘楽郡下仁田町,栗山
3702623,グンマケン,カンラグンシモニタマチ,シモオサカ,群馬県,甘楽郡下仁田町,下小坂
3702616,グンマケン,カンラグンシモニタマチ,シモゴウ,群馬県,甘楽郡下仁田町,下郷
3702601,グンマケン,カンラグンシモニタマチ,シモニタ,群馬県,甘楽郡下仁田町,下仁田
3702622,グンマケン,カンラグンシモニタマチ,ナカオサカ,群馬県,甘楽郡下仁田町,中小坂
3702627,グンマケン,カンラグンシモニタマチ,ニシノマキ,群馬県,甘楽郡下仁田町,西野牧
3702602,グンマケン,カンラグンシモニタマチ,ハクサン,群馬県,甘楽郡下仁田町,白山
3702624,グンマケン,カンラグンシモニタマチ,ヒガシノマキ,群馬県,甘楽郡下仁田町,東野牧
3702612,グンマケン,カンラグンシモニタマチ,ヘバラ,群馬県,甘楽郡下仁田町,平原
3702603,グンマケン,カンラグンシモニタマチ,マヤマ,群馬県,甘楽郡下仁田町,馬山
3702626,グンマケン,カンラグンシモニタマチ,ミナミノマキ,群馬県,甘楽郡下仁田町,南野牧
3702615,グンマケン,カンラグンシモニタマチ,ミヤムロ,群馬県,甘楽郡下仁田町,宮室
3702625,グンマケン,カンラグンシモニタマチ,モトジュク,群馬県,甘楽郡下仁田町,本宿
3702604,グンマケン,カンラグンシモニタマチ,ヨシザキ,群馬県,甘楽郡下仁田町,吉崎
3702800,グンマケン,カンラグンナンモクムラ,イカニケイサイガナイバアイ,群馬県,甘楽郡南牧村,以下に掲載がない場合
3702804,グンマケン,カンラグンナンモクムラ,イワド,群馬県,甘楽郡南牧村,磐戸
3702801,グンマケン,カンラグンナンモクムラ,オオシオザワ,群馬県,甘楽郡南牧村,大塩沢
3702812,グンマケン,カンラグンナンモクムラ,オオニタ,群馬県,甘楽郡南牧村,大仁田
3702806,グンマケン,カンラグンナンモクムラ,オオヒナタ,群馬県,甘楽郡南牧村,大日向
3702802,グンマケン,カンラグンナンモクムラ,オザワ,群馬県,甘楽郡南牧村,小沢
3702815,グンマケン,カンラグンナンモクムラ,クマクラ,群馬県,甘楽郡南牧村,熊倉
3702803,グンマケン,カンラグンナンモクムラ,チハラ,群馬県,甘楽郡南牧村,千原
3702813,グンマケン,カンラグンナンモクムラ,トザワ,群馬県,甘楽郡南牧村,砥沢
3702814,グンマケン,カンラグンナンモクムラ,ハザワ,群馬県,甘楽郡南牧村,羽沢
3702805,グンマケン,カンラグンナンモクムラ,ヒサワ,群馬県,甘楽郡南牧村,檜沢
3702816,グンマケン,カンラグンナンモクムラ,ホシオ,群馬県,甘楽郡南牧村,星尾
3702811,グンマケン,カンラグンナンモクムラ,ムクルマ,群馬県,甘楽郡南牧村,六車
3702200,グンマケン,カンラグンカンラマチ,イカニケイサイガナイバアイ,群馬県,甘楽郡甘楽町,以下に掲載がない場合
3702204,グンマケン,カンラグンカンラマチ,アキハタ,群馬県,甘楽郡甘楽町,秋畑
3702217,グンマケン,カンラグンカンラマチ,アマビキ,群馬県,甘楽郡甘楽町,天引
3702201,グンマケン,カンラグンカンラマチ,ウエノ,群馬県,甘楽郡甘楽町,上野
3702211,グンマケン,カンラグンカンラマチ,オガワ,群馬県,甘楽郡甘楽町,小川
3702202,グンマケン,カンラグンカンラマチ,オバタ,群馬県,甘楽郡甘楽町,小幡
3702216,グンマケン,カンラグンカンラマチ,カナイ,群馬県,甘楽郡甘楽町,金井
3702205,グンマケン,カンラグンカンラマチ,クニミネ,群馬県,甘楽郡甘楽町,国峰
3702213,グンマケン,カンラグンカンラマチ,シラクラ,群馬県,甘楽郡甘楽町,白倉
3702206,グンマケン,カンラグンカンラマチ,ゼンケイジ,群馬県,甘楽郡甘楽町,善慶寺
3702215,グンマケン,カンラグンカンラマチ,ツクリイシ,群馬県,甘楽郡甘楽町,造石
3702203,グンマケン,カンラグンカンラマチ,トドロク,群馬県,甘楽郡甘楽町,轟
3702214,グンマケン,カンラグンカンラマチ,ニワヤ,群馬県,甘楽郡甘楽町,庭谷
3702212,グンマケン,カンラグンカンラマチ,フクシマ,群馬県,甘楽郡甘楽町,福島
3770400,グンマケン,アガツマグンナカノジョウマチ,イカニケイサイガナイバアイ,群馬県,吾妻郡中之条町,以下に掲載がない場合
3770422,グンマケン,アガツマグンナカノジョウマチ,アオヤマ,群馬県,吾妻郡中之条町,青山
3771311,グンマケン,アガツマグンナカノジョウマチ,アカイワ,群馬県,吾妻郡中之条町,赤岩
3770417,グンマケン,アガツマグンナカノジョウマチ,アカサカ,群馬県,吾妻郡中之条町,赤坂
3770416,グンマケン,アガツマグンナカノジョウマチ,アリガワ,群馬県,吾妻郡中之条町,蟻川
3770423,グンマケン,アガツマグンナカノジョウマチ,イセマチ,群馬県,吾妻郡中之条町,伊勢町
3770421,グンマケン,アガツマグンナカノジョウマチ,イチシロ,群馬県,吾妻郡中之条町,市城
3771701,グンマケン,アガツマグンナカノジョウマチ,イリヤマ,群馬県,吾妻郡中之条町,入山
3770431,グンマケン,アガツマグンナカノジョウマチ,イワモト,群馬県,吾妻郡中之条町,岩本
3771703,グンマケン,アガツマグンナカノジョウマチ,オオシ,群馬県,吾妻郡中之条町,太子
3770413,グンマケン,アガツマグンナカノジョウマチ,オオヅカ,群馬県,吾妻郡中之条町,大塚
3770544,グンマケン,アガツマグンナカノジョウマチ,オリダ（センドウ）,群馬県,吾妻郡中之条町,折田（戦道）
3770433,グンマケン,アガツマグンナカノジョウマチ,オリダ（ソノタ）,群馬県,吾妻郡中之条町,折田（その他）
3770541,グンマケン,アガツマグンナカノジョウマチ,カミサワタリ,群馬県,吾妻郡中之条町,上沢渡
3771704,グンマケン,アガツマグンナカノジョウマチ,コサメ,群馬県,吾妻郡中之条町,小雨
3770432,グンマケン,アガツマグンナカノジョウマチ,ゴタンダ,群馬県,吾妻郡中之条町,五反田
3770601,グンマケン,アガツマグンナカノジョウマチ,シマ,群馬県,吾妻郡中之条町,四万
3770542,グンマケン,アガツマグンナカノジョウマチ,シモサワタリ,群馬県,吾妻郡中之条町,下沢渡
3770411,グンマケン,アガツマグンナカノジョウマチ,ダイドウ,群馬県,吾妻郡中之条町,大道
3770414,グンマケン,アガツマグンナカノジョウマチ,タイラ,群馬県,吾妻郡中之条町,平
3770412,グンマケン,アガツマグンナカノジョウマチ,トチクボ,群馬県,吾妻郡中之条町,栃窪
3770424,グンマケン,アガツマグンナカノジョウマチ,ナカノジョウマチ,群馬県,吾妻郡中之条町,中之条町
3771702,グンマケン,アガツマグンナカノジョウマチ,ナマス,群馬県,吾妻郡中之条町,生須
3770425,グンマケン,アガツマグンナカノジョウマチ,ニシナカノジョウ,群馬県,吾妻郡中之条町,西中之条
3771312,グンマケン,アガツマグンナカノジョウマチ,ヒカゲ,群馬県,吾妻郡中之条町,日影
3770543,グンマケン,アガツマグンナカノジョウマチ,ヤマダ（ジシャバラ、ホソオ）,群馬県,吾妻郡中之条町,山田（寺社原、細尾）
3770434,グンマケン,アガツマグンナカノジョウマチ,ヤマダ（ソノタ）,群馬県,吾妻郡中之条町,山田（その他）
3770415,グンマケン,アガツマグンナカノジョウマチ,ヨコオ,群馬県,吾妻郡中之条町,横尾
3771300,グンマケン,アガツマグンナガノハラマチ,イカニケイサイガナイバアイ,群馬県,吾妻郡長野原町,以下に掲載がない場合
3771310,グンマケン,アガツマグンナガノハラマチ,オオクワ（ドウコウハラ）,群馬県,吾妻郡長野原町,応桑（堂光原）
3771411,グンマケン,アガツマグンナガノハラマチ,オオクワ（ソノタ）,群馬県,吾妻郡長野原町,応桑（その他）
3771308,グンマケン,アガツマグンナガノハラマチ,オオツ,群馬県,吾妻郡長野原町,大津
3771301,グンマケン,アガツマグンナガノハラマチ,カワラハタ,群馬県,吾妻郡長野原町,川原畑
3771302,グンマケン,アガツマグンナガノハラマチ,カワラユ,群馬県,吾妻郡長野原町,川原湯
3771412,グンマケン,アガツマグンナガノハラマチ,キタカルイザワ,群馬県,吾妻郡長野原町,北軽井沢
3771304,グンマケン,アガツマグンナガノハラマチ,ナガノハラ,群馬県,吾妻郡長野原町,長野原
3771307,グンマケン,アガツマグンナガノハラマチ,ハネオ,群馬県,吾妻郡長野原町,羽根尾
3771309,グンマケン,アガツマグンナガノハラマチ,ハヤシ,群馬県,吾妻郡長野原町,林
3771306,グンマケン,アガツマグンナガノハラマチ,フルモリ,群馬県,吾妻郡長野原町,古森
3771305,グンマケン,アガツマグンナガノハラマチ,ヨキヤ,群馬県,吾妻郡長野原町,与喜屋
3771303,グンマケン,アガツマグンナガノハラマチ,ヨコカベ,群馬県,吾妻郡長野原町,横壁
3771500,グンマケン,アガツマグンツマゴイムラ,イカニケイサイガナイバアイ,群馬県,吾妻郡嬬恋村,以下に掲載がない場合
3771523,グンマケン,アガツマグンツマゴイムラ,アシウダ,群馬県,吾妻郡嬬恋村,芦生田
3771521,グンマケン,アガツマグンツマゴイムラ,イマイ,群馬県,吾妻郡嬬恋村,今井
3771613,グンマケン,アガツマグンツマゴイムラ,オオザサ,群馬県,吾妻郡嬬恋村,大笹
3771512,グンマケン,アガツマグンツマゴイムラ,オオマエ（ホソハラ２２５９−）,群馬県,吾妻郡嬬恋村,大前（細原２２５９〜）
3771612,グンマケン,アガツマグンツマゴイムラ,オオマエ（ソノタ）,群馬県,吾妻郡嬬恋村,大前（その他）
3771527,グンマケン,アガツマグンツマゴイムラ,カドガイ,群馬県,吾妻郡嬬恋村,門貝
3771403,グンマケン,アガツマグンツマゴイムラ,カンバラ（アヤメガハラ）,群馬県,吾妻郡嬬恋村,鎌原（あやめケ原）
3771404,グンマケン,アガツマグンツマゴイムラ,カンバラ（オオカイシコ）,群馬県,吾妻郡嬬恋村,鎌原（大カイシコ）
3771401,グンマケン,アガツマグンツマゴイムラ,カンバラ（オクカルイザワ）,群馬県,吾妻郡嬬恋村,鎌原（奥軽井沢）
3771402,グンマケン,アガツマグンツマゴイムラ,カンバラ（オニノセンスイ）,群馬県,吾妻郡嬬恋村,鎌原（鬼の泉水）
3771616,グンマケン,アガツマグンツマゴイムラ,カンバラ（カシワギヅカ）,群馬県,吾妻郡嬬恋村,鎌原（柏木塚）
3771617,グンマケン,アガツマグンツマゴイムラ,カンバラ（グンマザカ）,群馬県,吾妻郡嬬恋村,鎌原（群馬坂）
3840097,グンマケン,アガツマグンツマゴイムラ,カンバラ（タカミネコウゲン）,群馬県,吾妻郡嬬恋村,鎌原（高峰高原）
3771615,グンマケン,アガツマグンツマゴイムラ,カンバラ（フジワラ）,群馬県,吾妻郡嬬恋村,鎌原（藤原）
3771405,グンマケン,アガツマグンツマゴイムラ,カンバラ（モロシコ＜アサマエン＞）,群馬県,吾妻郡嬬恋村,鎌原（モロシコ「浅間園」）
3771524,グンマケン,アガツマグンツマゴイムラ,カンバラ（ソノタ）,群馬県,吾妻郡嬬恋村,鎌原（その他）
3771525,グンマケン,アガツマグンツマゴイムラ,サイクボ,群馬県,吾妻郡嬬恋村,西窪
3771614,グンマケン,アガツマグンツマゴイムラ,タシロ,群馬県,吾妻郡嬬恋村,田代
3771522,グンマケン,アガツマグンツマゴイムラ,フクログラ,群馬県,吾妻郡嬬恋村,袋倉
3771528,グンマケン,アガツマグンツマゴイムラ,ホシマタ（アガツマコウザン、マンザオンセン）,群馬県,吾妻郡嬬恋村,干俣（吾妻鉱山、万座温泉）
3771611,グンマケン,アガツマグンツマゴイムラ,ホシマタ（ソノタ）,群馬県,吾妻郡嬬恋村,干俣（その他）
3771526,グンマケン,アガツマグンツマゴイムラ,ミハラ,群馬県,吾妻郡嬬恋村,三原
3771700,グンマケン,アガツマグンクサツマチ,イカニケイサイガナイバアイ,群馬県,吾妻郡草津町,以下に掲載がない場合
3771711,グンマケン,アガツマグンクサツマチ,クサツ,群馬県,吾妻郡草津町,草津
3771712,グンマケン,アガツマグンクサツマチ,マエグチ,群馬県,吾妻郡草津町,前口
3770700,グンマケン,アガツマグンタカヤマムラ,イカニケイサイガナイバアイ,群馬県,吾妻郡高山村,以下に掲載がない場合
3770701,グンマケン,アガツマグンタカヤマムラ,シッタカ,群馬県,吾妻郡高山村,尻高
3770702,グンマケン,アガツマグンタカヤマムラ,ナカヤマ,群馬県,吾妻郡高山村,中山
3770800,グンマケン,アガツマグンヒガシアガツママチ,イカニケイサイガナイバアイ,群馬県,吾妻郡東吾妻町,以下に掲載がない場合
3770812,グンマケン,アガツマグンヒガシアガツママチ,アツダ,群馬県,吾妻郡東吾妻町,厚田
3770303,グンマケン,アガツマグンヒガシアガツママチ,アラマキ,群馬県,吾妻郡東吾妻町,新巻
3703321,グンマケン,アガツマグンヒガシアガツママチ,イズミサワ（エボシ＜ハルナコハン＞、エボシコクユウリン７７リンハン）,群馬県,吾妻郡東吾妻町,泉沢（烏帽子「榛名湖畔」、烏帽子国有林７７林班）
3770807,グンマケン,アガツマグンヒガシアガツママチ,イズミサワ（ソノタ）,群馬県,吾妻郡東吾妻町,泉沢（その他）
3770804,グンマケン,アガツマグンヒガシアガツママチ,イワイ,群馬県,吾妻郡東吾妻町,岩井
3770815,グンマケン,アガツマグンヒガシアガツママチ,イワシタ,群馬県,吾妻郡東吾妻町,岩下
3770805,グンマケン,アガツマグンヒガシアガツママチ,ウエグリ,群馬県,吾妻郡東吾妻町,植栗
3770935,グンマケン,アガツマグンヒガシアガツママチ,オオカシワギ,群馬県,吾妻郡東吾妻町,大柏木
3770931,グンマケン,アガツマグンヒガシアガツママチ,オオド,群馬県,吾妻郡東吾妻町,大戸
3703311,グンマケン,アガツマグンヒガシアガツママチ,オカザキ（エボシ＜ハルナコハン＞）,群馬県,吾妻郡東吾妻町,岡崎（烏帽子「榛名湖畔」）
3770302,グンマケン,アガツマグンヒガシアガツママチ,オカザキ（ソノタ）,群馬県,吾妻郡東吾妻町,岡崎（その他）
3770304,グンマケン,アガツマグンヒガシアガツママチ,オクダ,群馬県,吾妻郡東吾妻町,奥田
3770803,グンマケン,アガツマグンヒガシアガツママチ,カナイ,群馬県,吾妻郡東吾妻町,金井
3703322,グンマケン,アガツマグンヒガシアガツママチ,カワド（エボシ＜ハルナコハン＞）,群馬県,吾妻郡東吾妻町,川戸（烏帽子「榛名湖畔」）
3770802,グンマケン,アガツマグンヒガシアガツママチ,カワド（ソノタ）,群馬県,吾妻郡東吾妻町,川戸（その他）
3770806,グンマケン,アガツマグンヒガシアガツママチ,コイズミ,群馬県,吾妻郡東吾妻町,小泉
3770811,グンマケン,アガツマグンヒガシアガツママチ,ゴウバラ,群馬県,吾妻郡東吾妻町,郷原
3770305,グンマケン,アガツマグンヒガシアガツママチ,ゴチョウダ,群馬県,吾妻郡東吾妻町,五町田
3770934,グンマケン,アガツマグンヒガシアガツママチ,スガオ,群馬県,吾妻郡東吾妻町,須賀尾
3770932,グンマケン,アガツマグンヒガシアガツママチ,ハギュウ,群馬県,吾妻郡東吾妻町,萩生
3770301,グンマケン,アガツマグンヒガシアガツママチ,ハコジマ,群馬県,吾妻郡東吾妻町,箱島
3770801,グンマケン,アガツマグンヒガシアガツママチ,ハラマチ,群馬県,吾妻郡東吾妻町,原町
3770814,グンマケン,アガツマグンヒガシアガツママチ,マツヤ,群馬県,吾妻郡東吾妻町,松谷
3770813,グンマケン,アガツマグンヒガシアガツママチ,ミシマ,群馬県,吾妻郡東吾妻町,三島
3770933,グンマケン,アガツマグンヒガシアガツママチ,モトジュク,群馬県,吾妻郡東吾妻町,本宿
3770816,グンマケン,アガツマグンヒガシアガツママチ,ヤグラ,群馬県,吾妻郡東吾妻町,矢倉
3780400,グンマケン,トネグンカタシナムラ,イカニケイサイガナイバアイ,群馬県,利根郡片品村,以下に掲載がない場合
3780415,グンマケン,トネグンカタシナムラ,カマダ,群馬県,利根郡片品村,鎌田
3780413,グンマケン,トネグンカタシナムラ,コシモト,群馬県,利根郡片品村,越本
3780405,グンマケン,トネグンカタシナムラ,シモダイラ,群馬県,利根郡片品村,下平
3780401,グンマケン,トネグンカタシナムラ,スカガワ,群馬県,利根郡片品村,須賀川
3780403,グンマケン,トネグンカタシナムラ,スガヌマ,群馬県,利根郡片品村,菅沼
3780406,グンマケン,トネグンカタシナムラ,スルブチ,群馬県,利根郡片品村,摺淵
3780404,グンマケン,トネグンカタシナムラ,ツイジ,群馬県,利根郡片品村,築地
3780412,グンマケン,トネグンカタシナムラ,ツチイデ,群馬県,利根郡片品村,土出
3780411,グンマケン,トネグンカタシナムラ,トクラ,群馬県,利根郡片品村,戸倉
3780407,グンマケン,トネグンカタシナムラ,ハタヤ,群馬県,利根郡片品村,幡谷
3780408,グンマケン,トネグンカタシナムラ,ハナサク,群馬県,利根郡片品村,花咲
3780409,グンマケン,トネグンカタシナムラ,ハリヤマ,群馬県,利根郡片品村,針山
3780414,グンマケン,トネグンカタシナムラ,ヒガシオガワ,群馬県,利根郡片品村,東小川
3780402,グンマケン,トネグンカタシナムラ,ミザノリ,群馬県,利根郡片品村,御座入
3780100,グンマケン,トネグンカワバムラ,イカニケイサイガナイバアイ,群馬県,利根郡川場村,以下に掲載がない場合
3780104,グンマケン,トネグンカワバムラ,オオタガワ,群馬県,利根郡川場村,太田川
3780102,グンマケン,トネグンカワバムラ,カワバユバラ,群馬県,利根郡川場村,川場湯原
3780105,グンマケン,トネグンカワバムラ,コタガワ,群馬県,利根郡川場村,小田川
3780112,グンマケン,トネグンカワバムラ,タツイワ,群馬県,利根郡川場村,立岩
3780114,グンマケン,トネグンカワバムラ,テンジン,群馬県,利根郡川場村,天神
3780103,グンマケン,トネグンカワバムラ,ナカノ,群馬県,利根郡川場村,中野
3780113,グンマケン,トネグンカワバムラ,ナマシナ,群馬県,利根郡川場村,生品
3780111,グンマケン,トネグンカワバムラ,ハギムロ,群馬県,利根郡川場村,萩室
3780115,グンマケン,トネグンカワバムラ,モンゼン,群馬県,利根郡川場村,門前
3780101,グンマケン,トネグンカワバムラ,ヤチ,群馬県,利根郡川場村,谷地
3791200,グンマケン,トネグンショウワムラ,イカニケイサイガナイバアイ,群馬県,利根郡昭和村,以下に掲載がない場合
3791207,グンマケン,トネグンショウワムラ,アカギハラ,群馬県,利根郡昭和村,赤城原
3791203,グンマケン,トネグンショウワムラ,イトイ,群馬県,利根郡昭和村,糸井
3791201,グンマケン,トネグンショウワムラ,オゴセ,群馬県,利根郡昭和村,生越
3791202,グンマケン,トネグンショウワムラ,カイノセ,群馬県,利根郡昭和村,貝野瀬
3791205,グンマケン,トネグンショウワムラ,カワハケ,群馬県,利根郡昭和村,川額
3791206,グンマケン,トネグンショウワムラ,トチクボ,群馬県,利根郡昭和村,橡久保
3791204,グンマケン,トネグンショウワムラ,モリシタ,群馬県,利根郡昭和村,森下
3791300,グンマケン,トネグンミナカミマチ,イカニケイサイガナイバアイ,群馬県,利根郡みなかみ町,以下に掲載がない場合
3791404,グンマケン,トネグンミナカミマチ,アイマタ,群馬県,利根郡みなかみ町,相俣
3791618,グンマケン,トネグンミナカミマチ,アノウガワ,群馬県,利根郡みなかみ町,阿能川
3791411,グンマケン,トネグンミナカミマチ,アラマキ,群馬県,利根郡みなかみ町,新巻
3791723,グンマケン,トネグンミナカミマチ,アワザワ,群馬県,利根郡みなかみ町,粟沢
3791311,グンマケン,トネグンミナカミマチ,イシクラ,群馬県,利根郡みなかみ町,石倉
3791416,グンマケン,トネグンミナカミマチ,イリスカワ,群馬県,利根郡みなかみ町,入須川
3791727,グンマケン,トネグンミナカミマチ,オオアナ,群馬県,利根郡みなかみ町,大穴
3791302,グンマケン,トネグンミナカミマチ,オオヌマ,群馬県,利根郡みなかみ町,大沼
3791312,グンマケン,トネグンミナカミマチ,オガワ,群馬県,利根郡みなかみ町,小川
3791612,グンマケン,トネグンミナカミマチ,オビナタ,群馬県,利根郡みなかみ町,小日向
3791611,グンマケン,トネグンミナカミマチ,カノサワ,群馬県,利根郡みなかみ町,鹿野沢
3791315,グンマケン,トネグンミナカミマチ,カミヅ,群馬県,利根郡みなかみ町,上津
3791303,グンマケン,トネグンミナカミマチ,カミモク,群馬県,利根郡みなかみ町,上牧
3791616,グンマケン,トネグンミナカミマチ,カワカミ,群馬県,利根郡みなかみ町,川上
3791726,グンマケン,トネグンミナカミマチ,コウチ,群馬県,利根郡みなかみ町,幸知
3791305,グンマケン,トネグンミナカミマチ,ゴカン,群馬県,利根郡みなかみ町,後閑
3791615,グンマケン,トネグンミナカミマチ,コニタ,群馬県,利根郡みなかみ町,小仁田
3791403,グンマケン,トネグンミナカミマチ,サルガキョウオンセン,群馬県,利根郡みなかみ町,猿ヶ京温泉
3791314,グンマケン,トネグンミナカミマチ,シモヅ,群馬県,利根郡みなかみ町,下津
3791304,グンマケン,トネグンミナカミマチ,シモモク,群馬県,利根郡みなかみ町,下牧
3791418,グンマケン,トネグンミナカミマチ,スカワ,群馬県,利根郡みなかみ町,須川
3791613,グンマケン,トネグンミナカミマチ,タカヒナタ,群馬県,利根郡みなかみ町,高日向
3791619,グンマケン,トネグンミナカミマチ,タニガワ,群馬県,利根郡みなかみ町,谷川
3791313,グンマケン,トネグンミナカミマチ,ツキヨノ,群馬県,利根郡みなかみ町,月夜野
3791725,グンマケン,トネグンミナカミマチ,ツナゴ,群馬県,利根郡みなかみ町,綱子
3791614,グンマケン,トネグンミナカミマチ,テラマ,群馬県,利根郡みなかみ町,寺間
3791401,グンマケン,トネグンミナカミマチ,ナガイ,群馬県,利根郡みなかみ町,永井
3791301,グンマケン,トネグンミナカミマチ,ナメザワ,群馬県,利根郡みなかみ町,奈女沢
3791415,グンマケン,トネグンミナカミマチ,ニシミネスカワ,群馬県,利根郡みなかみ町,西峰須川
3791412,グンマケン,トネグンミナカミマチ,ハバ,群馬県,利根郡みなかみ町,羽場
3791417,グンマケン,トネグンミナカミマチ,ヒガシミネ,群馬県,利根郡みなかみ町,東峰
3791402,グンマケン,トネグンミナカミマチ,フクロ,群馬県,利根郡みなかみ町,吹路
3791721,グンマケン,トネグンミナカミマチ,フジワラ,群馬県,利根郡みなかみ町,藤原
3791414,グンマケン,トネグンミナカミマチ,フセ,群馬県,利根郡みなかみ町,布施
3791308,グンマケン,トネグンミナカミマチ,マニワ,群馬県,利根郡みなかみ町,真庭
3791307,グンマケン,トネグンミナカミマチ,マンドコロ,群馬県,利根郡みなかみ町,政所
3791724,グンマケン,トネグンミナカミマチ,ムコウヤマ,群馬県,利根郡みなかみ町,向山
3791306,グンマケン,トネグンミナカミマチ,モロ,群馬県,利根郡みなかみ町,師
3791413,グンマケン,トネグンミナカミマチ,モロダ,群馬県,利根郡みなかみ町,師田
3791409,グンマケン,トネグンミナカミマチ,ユジュクオンセン,群馬県,利根郡みなかみ町,湯宿温泉
3791617,グンマケン,トネグンミナカミマチ,ユバラ,群馬県,利根郡みなかみ町,湯原
3791728,グンマケン,トネグンミナカミマチ,ユビソ,群馬県,利根郡みなかみ町,湯桧曽
3791722,グンマケン,トネグンミナカミマチ,ヨゴ,群馬県,利根郡みなかみ町,夜後
3791601,グンマケン,トネグンミナカミマチ,ヨシモト,群馬県,利根郡みなかみ町,吉本
3701100,グンマケン,サワグンタマムラマチ,イカニケイサイガナイバアイ,群馬県,佐波郡玉村町,以下に掲載がない場合
3701116,グンマケン,サワグンタマムラマチ,イイグラ,群馬県,佐波郡玉村町,飯倉
3701102,グンマケン,サワグンタマムラマチ,イイヅカ,群馬県,佐波郡玉村町,飯塚
3701135,グンマケン,サワグンタマムラマチ,イタイ,群馬県,佐波郡玉村町,板井
3701126,グンマケン,サワグンタマムラマチ,ウヌキ,群馬県,佐波郡玉村町,宇貫
3701121,グンマケン,サワグンタマムラマチ,カミイイジマ,群馬県,佐波郡玉村町,上飯島
3701133,グンマケン,サワグンタマムラマチ,カミシンデン,群馬県,佐波郡玉村町,上新田
3701127,グンマケン,サワグンタマムラマチ,カミノテ,群馬県,佐波郡玉村町,上之手
3701104,グンマケン,サワグンタマムラマチ,カミフクシマ,群馬県,佐波郡玉村町,上福島
3701122,グンマケン,サワグンタマムラマチ,カミモギ,群馬県,佐波郡玉村町,上茂木
3701117,グンマケン,サワグンタマムラマチ,カワイ,群馬県,佐波郡玉村町,川井
3701114,グンマケン,サワグンタマムラマチ,コイズミ,群馬県,佐波郡玉村町,小泉
3701128,グンマケン,サワグンタマムラマチ,ゴカ,群馬県,佐波郡玉村町,後箇
3701115,グンマケン,サワグンタマムラマチ,ゴリョウ,群馬県,佐波郡玉村町,五料
3701131,グンマケン,サワグンタマムラマチ,サイダ,群馬県,佐波郡玉村町,斎田
3701132,グンマケン,サワグンタマムラマチ,シモシンデン,群馬県,佐波郡玉村町,下新田
3701112,グンマケン,サワグンタマムラマチ,シモノミヤ,群馬県,佐波郡玉村町,下之宮
3701123,グンマケン,サワグンタマムラマチ,シモモギ,群馬県,佐波郡玉村町,下茂木
3701124,グンマケン,サワグンタマムラマチ,ツノブチ,群馬県,佐波郡玉村町,角渕
3701111,グンマケン,サワグンタマムラマチ,ナンギョク,群馬県,佐波郡玉村町,南玉
3701113,グンマケン,サワグンタマムラマチ,ハコイシ,群馬県,佐波郡玉村町,箱石
3701103,グンマケン,サワグンタマムラマチ,ヒゴシ,群馬県,佐波郡玉村町,樋越
3701105,グンマケン,サワグンタマムラマチ,フクジマ,群馬県,佐波郡玉村町,福島
3701101,グンマケン,サワグンタマムラマチ,フジカワ,群馬県,佐波郡玉村町,藤川
3701125,グンマケン,サワグンタマムラマチ,ヤワタバラ,群馬県,佐波郡玉村町,八幡原
3701134,グンマケン,サワグンタマムラマチ,ヨロクブ,群馬県,佐波郡玉村町,与六分
3740100,グンマケン,オウラグンイタクラマチ,イカニケイサイガナイバアイ,群馬県,邑楽郡板倉町,以下に掲載がない場合
3740112,グンマケン,オウラグンイタクラマチ,アサヒノ,群馬県,邑楽郡板倉町,朝日野
3740123,グンマケン,オウラグンイタクラマチ,イイノ,群馬県,邑楽郡板倉町,飯野
3740113,グンマケン,オウラグンイタクラマチ,イズミノ,群馬県,邑楽郡板倉町,泉野
3740132,グンマケン,オウラグンイタクラマチ,イタクラ,群馬県,邑楽郡板倉町,板倉
3740133,グンマケン,オウラグンイタクラマチ,イワタ,群馬県,邑楽郡板倉町,岩田
3740135,グンマケン,オウラグンイタクラマチ,ウチクラシンデン,群馬県,邑楽郡板倉町,内蔵新田
3740111,グンマケン,オウラグンイタクラマチ,エビセ,群馬県,邑楽郡板倉町,海老瀬
3740131,グンマケン,オウラグンイタクラマチ,オオクラ,群馬県,邑楽郡板倉町,大蔵
3740122,グンマケン,オウラグンイタクラマチ,オオタカシマ,群馬県,邑楽郡板倉町,大高嶋
3740104,グンマケン,オウラグンイタクラマチ,オオニンバ,群馬県,邑楽郡板倉町,大荷場
3740105,グンマケン,オウラグンイタクラマチ,オオマガリ,群馬県,邑楽郡板倉町,大曲
3740121,グンマケン,オウラグンイタクラマチ,シモゴカ,群馬県,邑楽郡板倉町,下五箇
3740107,グンマケン,オウラグンイタクラマチ,ニシオカ,群馬県,邑楽郡板倉町,西岡
3740106,グンマケン,オウラグンイタクラマチ,ニシオカシンデン,群馬県,邑楽郡板倉町,西岡新田
3740102,グンマケン,オウラグンイタクラマチ,ハナレ,群馬県,邑楽郡板倉町,離
3740103,グンマケン,オウラグンイタクラマチ,ホソヤ,群馬県,邑楽郡板倉町,細谷
3740134,グンマケン,オウラグンイタクラマチ,モミヤ,群馬県,邑楽郡板倉町,籾谷
3740101,グンマケン,オウラグンイタクラマチ,ヨケガワ,群馬県,邑楽郡板倉町,除川
3700700,グンマケン,オウラグンメイワマチ,イカニケイサイガナイバアイ,群馬県,邑楽郡明和町,以下に掲載がない場合
3700711,グンマケン,オウラグンメイワマチ,イリカヤ,群馬県,邑楽郡明和町,入ケ谷
3700714,グンマケン,オウラグンメイワマチ,ウメバラ,群馬県,邑楽郡明和町,梅原
3700706,グンマケン,オウラグンメイワマチ,エグチ,群馬県,邑楽郡明和町,江口
3700715,グンマケン,オウラグンメイワマチ,オオザヌキ,群馬県,邑楽郡明和町,大佐貫
3700718,グンマケン,オウラグンメイワマチ,オオワ,群馬県,邑楽郡明和町,大輪
3700702,グンマケン,オウラグンメイワマチ,カミエグロ,群馬県,邑楽郡明和町,上江黒
3700716,グンマケン,オウラグンメイワマチ,カワマタ,群馬県,邑楽郡明和町,川俣
3700703,グンマケン,オウラグンメイワマチ,シモエグロ,群馬県,邑楽郡明和町,下江黒
3700717,グンマケン,オウラグンメイワマチ,スカ,群馬県,邑楽郡明和町,須賀
3700705,グンマケン,オウラグンメイワマチ,センヅイ,群馬県,邑楽郡明和町,千津井
3700707,グンマケン,オウラグンメイワマチ,タジマ,群馬県,邑楽郡明和町,田島
3700704,グンマケン,オウラグンメイワマチ,トゴウタ,群馬県,邑楽郡明和町,斗合田
3700713,グンマケン,オウラグンメイワマチ,ナカヤ,群馬県,邑楽郡明和町,中谷
3700708,グンマケン,オウラグンメイワマチ,ニッサト,群馬県,邑楽郡明和町,新里
3700701,グンマケン,オウラグンメイワマチ,ミナミオオシマ,群馬県,邑楽郡明和町,南大島
3700712,グンマケン,オウラグンメイワマチ,ヤジマ,群馬県,邑楽郡明和町,矢島
3700500,グンマケン,オウラグンチヨダマチ,イカニケイサイガナイバアイ,群馬県,邑楽郡千代田町,以下に掲載がない場合
3700503,グンマケン,オウラグンチヨダマチ,アカイワ,群馬県,邑楽郡千代田町,赤岩
3700506,グンマケン,オウラグンチヨダマチ,アカイワニシ,群馬県,邑楽郡千代田町,赤岩西
3700726,グンマケン,オウラグンチヨダマチ,カミゴカ,群馬県,邑楽郡千代田町,上五箇
3700725,グンマケン,オウラグンチヨダマチ,カミナカモリ,群馬県,邑楽郡千代田町,上中森
3700722,グンマケン,オウラグンチヨダマチ,カヤノ,群馬県,邑楽郡千代田町,萱野
3700721,グンマケン,オウラグンチヨダマチ,キザキ,群馬県,邑楽郡千代田町,木崎
3700724,グンマケン,オウラグンチヨダマチ,シモナカモリ,群馬県,邑楽郡千代田町,下中森
3700723,グンマケン,オウラグンチヨダマチ,ショウワ,群馬県,邑楽郡千代田町,昭和
3700505,グンマケン,オウラグンチヨダマチ,シンプクジ,群馬県,邑楽郡千代田町,新福寺
3700727,グンマケン,オウラグンチヨダマチ,セドイ,群馬県,邑楽郡千代田町,瀬戸井
3700502,グンマケン,オウラグンチヨダマチ,ナベヤ,群馬県,邑楽郡千代田町,鍋谷
3700501,グンマケン,オウラグンチヨダマチ,フクジマ,群馬県,邑楽郡千代田町,福島
3700504,グンマケン,オウラグンチヨダマチ,マイギ,群馬県,邑楽郡千代田町,舞木
3700507,グンマケン,オウラグンチヨダマチ,マイギヒガシ,群馬県,邑楽郡千代田町,舞木東
3700500,グンマケン,オウラグンオオイズミマチ,イカニケイサイガナイバアイ,群馬県,邑楽郡大泉町,以下に掲載がない場合
3700514,グンマケン,オウラグンオオイズミマチ,アサヒ,群馬県,邑楽郡大泉町,朝日
3700531,グンマケン,オウラグンオオイズミマチ,イズミ,群馬県,邑楽郡大泉町,いずみ
3700534,グンマケン,オウラグンオオイズミマチ,オカヤマ,群馬県,邑楽郡大泉町,丘山
3700512,グンマケン,オウラグンオオイズミマチ,カミコイズミ,群馬県,邑楽郡大泉町,上小泉
3700511,グンマケン,オウラグンオオイズミマチ,キタコイズミ,群馬県,邑楽郡大泉町,北小泉
3700524,グンマケン,オウラグンオオイズミマチ,コカイ,群馬県,邑楽郡大泉町,古海
3700532,グンマケン,オウラグンオオイズミマチ,サカダ,群馬県,邑楽郡大泉町,坂田
3700515,グンマケン,オウラグンオオイズミマチ,シモコイズミ,群馬県,邑楽郡大泉町,下小泉
3700518,グンマケン,オウラグンオオイズミマチ,シロノウチ,群馬県,邑楽郡大泉町,城之内
3700521,グンマケン,オウラグンオオイズミマチ,スミヨシ,群馬県,邑楽郡大泉町,住吉
3700533,グンマケン,オウラグンオオイズミマチ,センゴク,群馬県,邑楽郡大泉町,仙石
3700516,グンマケン,オウラグンオオイズミマチ,チュウオウ,群馬県,邑楽郡大泉町,中央
3700517,グンマケン,オウラグンオオイズミマチ,ニシコイズミ,群馬県,邑楽郡大泉町,西小泉
3700513,グンマケン,オウラグンオオイズミマチ,ヒガシコイズミ,群馬県,邑楽郡大泉町,東小泉
3700525,グンマケン,オウラグンオオイズミマチ,ヒノデ,群馬県,邑楽郡大泉町,日の出
3700522,グンマケン,オウラグンオオイズミマチ,フジ,群馬県,邑楽郡大泉町,富士
3700536,グンマケン,オウラグンオオイズミマチ,フルコオリ,群馬県,邑楽郡大泉町,古氷
3700523,グンマケン,オウラグンオオイズミマチ,ヨシダ,群馬県,邑楽郡大泉町,吉田
3700535,グンマケン,オウラグンオオイズミマチ,ヨリキド,群馬県,邑楽郡大泉町,寄木戸
3700600,グンマケン,オウラグンオウラマチ,イカニケイサイガナイバアイ,群馬県,邑楽郡邑楽町,以下に掲載がない場合
3700614,グンマケン,オウラグンオウラマチ,アカホリ,群馬県,邑楽郡邑楽町,赤堀
3700606,グンマケン,オウラグンオウラマチ,アキヅマ,群馬県,邑楽郡邑楽町,秋妻
3700602,グンマケン,オウラグンオウラマチ,アケノ,群馬県,邑楽郡邑楽町,明野
3700604,グンマケン,オウラグンオウラマチ,イシウチ,群馬県,邑楽郡邑楽町,石打
3700601,グンマケン,オウラグンオウラマチ,ウズラ,群馬県,邑楽郡邑楽町,鶉
3700611,グンマケン,オウラグンオウラマチ,ウズラシンデン,群馬県,邑楽郡邑楽町,鶉新田
3700616,グンマケン,オウラグンオウラマチ,コウゼンジ,群馬県,邑楽郡邑楽町,光善寺
3700615,グンマケン,オウラグンオウラマチ,シノヅカ,群馬県,邑楽郡邑楽町,篠塚
3700612,グンマケン,オウラグンオウラマチ,シンナカノ,群馬県,邑楽郡邑楽町,新中野
3700603,グンマケン,オウラグンオウラマチ,ナカノ,群馬県,邑楽郡邑楽町,中野
3700605,グンマケン,オウラグンオウラマチ,フジカワ,群馬県,邑楽郡邑楽町,藤川
3700613,グンマケン,オウラグンオウラマチ,ムジナヅカ,群馬県,邑楽郡邑楽町,狸塚
