7600000,カガワケン,タカマツシ,イカニケイサイガナイバアイ,香川県,高松市,以下に掲載がない場合
7600002,カガワケン,タカマツシ,アカネチョウ,香川県,高松市,茜町
7600064,カガワケン,タカマツシ,アサヒシンマチ,香川県,高松市,朝日新町
7600065,カガワケン,タカマツシ,アサヒマチ,香川県,高松市,朝日町
7610130,カガワケン,タカマツシ,アジチョウ,香川県,高松市,庵治町
7618033,カガワケン,タカマツシ,イイダチョウ,香川県,高松市,飯田町
7618002,カガワケン,タカマツシ,イクシマチョウ,香川県,高松市,生島町
7600038,カガワケン,タカマツシ,イグチマチ,香川県,高松市,井口町
7610444,カガワケン,タカマツシ,イケダチョウ,香川県,高松市,池田町
7618084,カガワケン,タカマツシ,イチノミヤチョウ,香川県,高松市,一宮町
7600078,カガワケン,タカマツシ,イマザトチョウ,香川県,高松市,今里町
7600043,カガワケン,タカマツシ,イマジンマチ,香川県,高松市,今新町
7618005,カガワケン,タカマツシ,ウエマツチョウ,香川県,高松市,植松町
7600034,カガワケン,タカマツシ,ウチマチ,香川県,高松市,内町
7618044,カガワケン,タカマツシ,エンザチョウ,香川県,高松市,円座町
7600013,カガワケン,タカマツシ,オウギマチ,香川県,高松市,扇町
7618074,カガワケン,タカマツシ,オオタカミマチ,香川県,高松市,太田上町
7618073,カガワケン,タカマツシ,オオタシモマチ,香川県,高松市,太田下町
7618047,カガワケン,タカマツシ,オカモトチョウ,香川県,高松市,岡本町
7600091,カガワケン,タカマツシ,オギチョウ,香川県,高松市,男木町
7610431,カガワケン,タカマツシ,オモレチョウ,香川県,高松市,小村町
7611703,カガワケン,タカマツシ,カガワチョウアサノ,香川県,高松市,香川町浅野
7611701,カガワケン,タカマツシ,カガワチョウオオノ,香川県,高松市,香川町大野
7611704,カガワケン,タカマツシ,カガワチョウカワナイハラ,香川県,高松市,香川町川内原
7611706,カガワケン,タカマツシ,カガワチョウカワヒガシカミ,香川県,高松市,香川町川東上
7611705,カガワケン,タカマツシ,カガワチョウカワヒガシシモ,香川県,高松市,香川町川東下
7611702,カガワケン,タカマツシ,カガワチョウテライ,香川県,高松市,香川町寺井
7611707,カガワケン,タカマツシ,カガワチョウヒガシタニ,香川県,高松市,香川町東谷
7611708,カガワケン,タカマツシ,カガワチョウヤスハラシモ,香川県,高松市,香川町安原下
7600028,カガワケン,タカマツシ,カジヤマチ,香川県,高松市,鍛冶屋町
7610101,カガワケン,タカマツシ,カスガチョウ,香川県,高松市,春日町
7600040,カガワケン,タカマツシ,カタハラマチ,香川県,高松市,片原町
7618082,カガワケン,タカマツシ,カノツノチョウ,香川県,高松市,鹿角町
7618056,カガワケン,タカマツシ,カミテンジンチョウ,香川県,高松市,上天神町
7618064,カガワケン,タカマツシ,カミノチョウ,香川県,高松市,上之町
7610302,カガワケン,タカマツシ,カミハヤシチョウ,香川県,高松市,上林町
7600077,カガワケン,タカマツシ,カミフクオカチョウ,香川県,高松市,上福岡町
7618055,カガワケン,タカマツシ,カミマチ,香川県,高松市,紙町
7600050,カガワケン,タカマツシ,カメイチョウ,香川県,高松市,亀井町
7600006,カガワケン,タカマツシ,カメオカチョウ,香川県,高松市,亀岡町
7610323,カガワケン,タカマツシ,カメダチョウ,香川県,高松市,亀田町
7610432,カガワケン,タカマツシ,カメダミナミマチ,香川県,高松市,亀田南町
7610443,カガワケン,タカマツシ,カワシマヒガシマチ,香川県,高松市,川島東町
7610442,カガワケン,タカマツシ,カワシマホンマチ,香川県,高松市,川島本町
7618046,カガワケン,タカマツシ,カワナベチョウ,香川県,高松市,川部町
7600052,カガワケン,タカマツシ,カワラマチ,香川県,高松市,瓦町
7600076,カガワケン,タカマツシ,カンコウチョウ,香川県,高松市,観光町
7600055,カガワケン,タカマツシ,カンコウドオリ,香川県,高松市,観光通
7600080,カガワケン,タカマツシ,キタチョウ,香川県,高松市,木太町
7600031,カガワケン,タカマツシ,キタハマチョウ,香川県,高松市,北浜町
7618026,カガワケン,タカマツシ,キナシチョウキナシ,香川県,高松市,鬼無町鬼無
7618021,カガワケン,タカマツシ,キナシチョウコレタケ,香川県,高松市,鬼無町是竹
7618023,カガワケン,タカマツシ,キナシチョウサトウ,香川県,高松市,鬼無町佐藤
7618022,カガワケン,タカマツシ,キナシチョウサリョウ,香川県,高松市,鬼無町佐料
7618024,カガワケン,タカマツシ,キナシチョウフジイ,香川県,高松市,鬼無町藤井
7618025,カガワケン,タカマツシ,キナシチョウヤマグチ,香川県,高松市,鬼無町山口
7600075,カガワケン,タカマツシ,クスガミチョウ,香川県,高松市,楠上町
7618013,カガワケン,タカマツシ,コウザイヒガシマチ,香川県,高松市,香西東町
7618015,カガワケン,タカマツシ,コウザイニシマチ,香川県,高松市,香西西町
7618014,カガワケン,タカマツシ,コウザイミナミマチ,香川県,高松市,香西南町
7618011,カガワケン,タカマツシ,コウザイキタマチ,香川県,高松市,香西北町
7618012,カガワケン,タカマツシ,コウザイホンマチ,香川県,高松市,香西本町
7618031,カガワケン,タカマツシ,ゴウトウチョウ,香川県,高松市,郷東町
7611405,カガワケン,タカマツシ,コウナンチョウイケノウチ,香川県,高松市,香南町池内
7611401,カガワケン,タカマツシ,コウナンチョウオカ,香川県,高松市,香南町岡
7611406,カガワケン,タカマツシ,コウナンチョウニシノショウ,香川県,高松市,香南町西庄
7611402,カガワケン,タカマツシ,コウナンチョウユサ,香川県,高松市,香南町由佐
7611404,カガワケン,タカマツシ,コウナンチョウヨコイ,香川県,高松市,香南町横井
7611403,カガワケン,タカマツシ,コウナンチョウヨシミツ,香川県,高松市,香南町吉光
7690105,カガワケン,タカマツシ,コクブンジチョウカシハラ,香川県,高松市,国分寺町柏原
7690102,カガワケン,タカマツシ,コクブンジチョウコクブ,香川県,高松市,国分寺町国分
7690104,カガワケン,タカマツシ,コクブンジチョウシンミョウ,香川県,高松市,国分寺町新名
7690101,カガワケン,タカマツシ,コクブンジチョウニイ,香川県,高松市,国分寺町新居
7690103,カガワケン,タカマツシ,コクブンジチョウフケ,香川県,高松市,国分寺町福家
7600023,カガワケン,タカマツシ,コトブキチョウ,香川県,高松市,寿町
7600044,カガワケン,タカマツシ,ゴボウマチ,香川県,高松市,御坊町
7600027,カガワケン,タカマツシ,コンヤマチ,香川県,高松市,紺屋町
7600004,カガワケン,タカマツシ,サイホウチョウ,香川県,高松市,西宝町
7600016,カガワケン,タカマツシ,サイワイチョウ,香川県,高松市,幸町
7600074,カガワケン,タカマツシ,サクラマチ,香川県,高松市,桜町
7618072,カガワケン,タカマツシ,サンジョウチョウ,香川県,高松市,三条町
7600019,カガワケン,タカマツシ,サンポート,香川県,高松市,サンポート
7618083,カガワケン,タカマツシ,サンミョウチョウ,香川県,高松市,三名町
7600015,カガワケン,タカマツシ,シウンチョウ,香川県,高松市,紫雲町
7600062,カガワケン,タカマツシ,シオガミチョウ,香川県,高松市,塩上町
7611614,カガワケン,タカマツシ,シオノエチョウカミニシオツ,香川県,高松市,塩江町上西乙
7611613,カガワケン,タカマツシ,シオノエチョウカミニシコウ,香川県,高松市,塩江町上西甲
7611611,カガワケン,タカマツシ,シオノエチョウヤスハラカミ,香川県,高松市,塩江町安原上
7611612,カガワケン,タカマツシ,シオノエチョウヤスハラカミヒガシ,香川県,高松市,塩江町安原上東
7611615,カガワケン,タカマツシ,シオノエチョウヤスハラシモ（カミコタ）,香川県,高松市,塩江町安原下（上小田）
7611615,カガワケン,タカマツシ,シオノエチョウヤスハラシモ（スミヤ）,香川県,高松市,塩江町安原下（炭谷）
7611501,カガワケン,タカマツシ,シオノエチョウヤスハラシモ（ダイ１ゴウ）,香川県,高松市,塩江町安原下（第１号）
7611502,カガワケン,タカマツシ,シオノエチョウヤスハラシモ（ダイ２ゴウ）,香川県,高松市,塩江町安原下（第２号）
7611503,カガワケン,タカマツシ,シオノエチョウヤスハラシモ（ダイ３ゴウ）,香川県,高松市,塩江町安原下（第３号）
7611504,カガワケン,タカマツシ,シオノエチョウヤスハラシモ（ソノタ）,香川県,高松市,塩江町安原下（その他）
7600047,カガワケン,タカマツシ,シオヤマチ,香川県,高松市,塩屋町
7610313,カガワケン,タカマツシ,シモタイチョウ,香川県,高松市,下田井町
7618077,カガワケン,タカマツシ,シュツサクチョウ,香川県,高松市,出作町
7600036,カガワケン,タカマツシ,ジョウトウチョウ,香川県,高松市,城東町
7600014,カガワケン,タカマツシ,ショウワチョウ,香川県,高松市,昭和町
7600001,カガワケン,タカマツシ,シンキタマチ,香川県,高松市,新北町
7618003,カガワケン,タカマツシ,シンザイカワクボチョウ,香川県,高松市,神在川窪町
7610102,カガワケン,タカマツシ,シンデンチョウコウ,香川県,高松市,新田町甲
7610103,カガワケン,タカマツシ,シンデンチョウオツ,香川県,高松市,新田町乙
7600060,カガワケン,タカマツシ,スエヒロチョウ,香川県,高松市,末広町
7611616,カガワケン,タカマツシ,スゲザワチョウ,香川県,高松市,菅沢町
7600012,カガワケン,タカマツシ,セトウチチョウ,香川県,高松市,瀬戸内町
7610434,カガワケン,タカマツシ,ソガワヒガシマチ,香川県,高松市,十川東町
7610433,カガワケン,タカマツシ,ソガワニシマチ,香川県,高松市,十川西町
7610104,カガワケン,タカマツシ,タカマツチョウ,香川県,高松市,高松町
7600063,カガワケン,タカマツシ,タガチョウ,香川県,高松市,多賀町
7618076,カガワケン,タカマツシ,タヒカミマチ,香川県,高松市,多肥上町
7618075,カガワケン,タカマツシ,タヒシモマチ,香川県,高松市,多肥下町
7600053,カガワケン,タカマツシ,タマチ,香川県,高松市,田町
7600030,カガワケン,タカマツシ,タマモチョウ,香川県,高松市,玉藻町
7618057,カガワケン,タカマツシ,タムラチョウ,香川県,高松市,田村町
7618001,カガワケン,タカマツシ,タルミチョウ,香川県,高松市,亀水町
7600042,カガワケン,タカマツシ,ダイクマチ,香川県,高松市,大工町
7618041,カガワケン,タカマツシ,ダンシチョウ,香川県,高松市,檀紙町
7600007,カガワケン,タカマツシ,チュウオウチョウ,香川県,高松市,中央町
7618058,カガワケン,タカマツシ,チョクシチョウ,香川県,高松市,勅使町
7600061,カガワケン,タカマツシ,ツキジチョウ,香川県,高松市,築地町
7600093,カガワケン,タカマツシ,ツルイチチョウ（ダイヤマ）,香川県,高松市,鶴市町（台山）
7618032,カガワケン,タカマツシ,ツルイチチョウ（ソノタ）,香川県,高松市,鶴市町（その他）
7600035,カガワケン,タカマツシ,ツルヤマチ,香川県,高松市,鶴屋町
7618085,カガワケン,タカマツシ,テライチョウ,香川県,高松市,寺井町
7600018,カガワケン,タカマツシ,テンジンマエ,香川県,高松市,天神前
7600046,カガワケン,タカマツシ,トオリマチ,香川県,高松市,通町
7600054,カガワケン,タカマツシ,トキワチョウ,香川県,高松市,常磐町
7600026,カガワケン,タカマツシ,トギヤマチ,香川県,高松市,磨屋町
7600056,カガワケン,タカマツシ,ナカジンチョウ,香川県,高松市,中新町
7618043,カガワケン,タカマツシ,ナカツマチョウ,香川県,高松市,中間町
7600008,カガワケン,タカマツシ,ナカノチョウ,香川県,高松市,中野町
7618004,カガワケン,タカマツシ,ナカヤマチョウ,香川県,高松市,中山町
7618081,カガワケン,タカマツシ,ナリアイチョウ,香川県,高松市,成合町
7610445,カガワケン,タカマツシ,ニシウエタチョウ,香川県,高松市,西植田町
7600022,カガワケン,タカマツシ,ニシウチマチ,香川県,高松市,西内町
7618051,カガワケン,タカマツシ,ニシカスガチョウ,香川県,高松市,西春日町
7600020,カガワケン,タカマツシ,ニシキマチ,香川県,高松市,錦町
7600021,カガワケン,タカマツシ,ニシノマルチョウ,香川県,高松市,西の丸町
7618053,カガワケン,タカマツシ,ニシハゼマチ,香川県,高松市,西ハゼ町
7600003,カガワケン,タカマツシ,ニシマチ,香川県,高松市,西町
7618045,カガワケン,タカマツシ,ニシヤマサキチョウ,香川県,高松市,西山崎町
7600057,カガワケン,タカマツシ,ハタゴマチ,香川県,高松市,旅籠町
7600072,カガワケン,タカマツシ,ハナゾノチョウ,香川県,高松市,花園町
7618063,カガワケン,タカマツシ,ハナノミヤチョウ,香川県,高松市,花ノ宮町
7600011,カガワケン,タカマツシ,ハマノチョウ,香川県,高松市,浜ノ町
7610301,カガワケン,タカマツシ,ハヤシチョウ,香川県,高松市,林町
7600017,カガワケン,タカマツシ,バンチョウ,香川県,高松市,番町
7610446,カガワケン,タカマツシ,ヒガシウエタチョウ,香川県,高松市,東植田町
7600058,カガワケン,タカマツシ,ヒガシタマチ,香川県,高松市,東田町
7618054,カガワケン,タカマツシ,ヒガシハゼマチ,香川県,高松市,東ハゼ町
7600037,カガワケン,タカマツシ,ヒガシハマチョウ,香川県,高松市,東浜町
7610312,カガワケン,タカマツシ,ヒガシヤマサキチョウ,香川県,高松市,東山崎町
7600041,カガワケン,タカマツシ,ヒャッケンマチ,香川県,高松市,百間町
7600024,カガワケン,タカマツシ,ヒョウゴマチ,香川県,高松市,兵庫町
7600066,カガワケン,タカマツシ,フクオカチョウ,香川県,高松市,福岡町
7600048,カガワケン,タカマツシ,フクダマチ,香川県,高松市,福田町
7600071,カガワケン,タカマツシ,フジヅカチョウ,香川県,高松市,藤塚町
7618071,カガワケン,タカマツシ,フセイシチョウ,香川県,高松市,伏石町
7600025,カガワケン,タカマツシ,フルジンマチ,香川県,高松市,古新町
7600045,カガワケン,タカマツシ,フルババチョウ,香川県,高松市,古馬場町
7618078,カガワケン,タカマツシ,ブッショウザンチョウコウ,香川県,高松市,仏生山町甲
7618079,カガワケン,タカマツシ,ブッショウザンチョウオツ,香川県,高松市,仏生山町乙
7600032,カガワケン,タカマツシ,ホンマチ,香川県,高松市,本町
7610322,カガワケン,タカマツシ,マエダヒガシマチ,香川県,高松市,前田東町
7610321,カガワケン,タカマツシ,マエダニシマチ,香川県,高松市,前田西町
7600068,カガワケン,タカマツシ,マツシマチョウ,香川県,高松市,松島町
7618052,カガワケン,タカマツシ,マツナミチョウ,香川県,高松市,松並町
7600079,カガワケン,タカマツシ,マツナワチョウ,香川県,高松市,松縄町
7600067,カガワケン,タカマツシ,マツフクチョウ,香川県,高松市,松福町
7600029,カガワケン,タカマツシ,マルガメマチ,香川県,高松市,丸亀町
7600033,カガワケン,タカマツシ,マルノウチ,香川県,高松市,丸の内
7610450,カガワケン,タカマツシ,ミタニチョウ,香川県,高松市,三谷町
7600051,カガワケン,タカマツシ,ミナミシンマチ,香川県,高松市,南新町
7600009,カガワケン,タカマツシ,ミネヤマチョウ,香川県,高松市,峰山町
7618042,カガワケン,タカマツシ,ミマヤチョウ,香川県,高松市,御厩町
7600005,カガワケン,タカマツシ,ミヤワキチョウ,香川県,高松市,宮脇町
7610122,カガワケン,タカマツシ,ムレチョウオオマチ,香川県,高松市,牟礼町大町
7610123,カガワケン,タカマツシ,ムレチョウハラ,香川県,高松市,牟礼町原
7610121,カガワケン,タカマツシ,ムレチョウムレ,香川県,高松市,牟礼町牟礼
7618062,カガワケン,タカマツシ,ムロシンマチ,香川県,高松市,室新町
7618061,カガワケン,タカマツシ,ムロマチ,香川県,高松市,室町
7600092,カガワケン,タカマツシ,メギチョウ,香川県,高松市,女木町
7610311,カガワケン,タカマツシ,モトヤマチョウ,香川県,高松市,元山町
7600049,カガワケン,タカマツシ,ヤサカマチ,香川県,高松市,八坂町
7610112,カガワケン,タカマツシ,ヤシマナカマチ,香川県,高松市,屋島中町
7610111,カガワケン,タカマツシ,ヤシマヒガシマチ,香川県,高松市,屋島東町
7610113,カガワケン,タカマツシ,ヤシマニシマチ,香川県,高松市,屋島西町
7610441,カガワケン,タカマツシ,ユラチョウ,香川県,高松市,由良町
7600073,カガワケン,タカマツシ,リツリンチョウ,香川県,高松市,栗林町
7610303,カガワケン,タカマツシ,ロクジョウチョウ,香川県,高松市,六条町
7630000,カガワケン,マルガメシ,イカニケイサイガナイバアイ,香川県,丸亀市,以下に掲載がない場合
7612401,カガワケン,マルガメシ,アヤウタチョウオカダカミ,香川県,丸亀市,綾歌町岡田上
7612402,カガワケン,マルガメシ,アヤウタチョウオカダシモ,香川県,丸亀市,綾歌町岡田下
7612404,カガワケン,マルガメシ,アヤウタチョウオカダヒガシ,香川県,丸亀市,綾歌町岡田東
7612403,カガワケン,マルガメシ,アヤウタチョウオカダニシ,香川県,丸亀市,綾歌町岡田西
7612406,カガワケン,マルガメシ,アヤウタチョウクリクマヒガシ,香川県,丸亀市,綾歌町栗熊東
7612405,カガワケン,マルガメシ,アヤウタチョウクリクマニシ,香川県,丸亀市,綾歌町栗熊西
7612408,カガワケン,マルガメシ,アヤウタチョウトミクマ（フジミサカ）,香川県,丸亀市,綾歌町富熊（富士見坂）
7612407,カガワケン,マルガメシ,アヤウタチョウトミクマ（ソノタ）,香川県,丸亀市,綾歌町富熊（その他）
7630084,カガワケン,マルガメシ,イイノチョウヒガシフタ,香川県,丸亀市,飯野町東二
7630085,カガワケン,マルガメシ,イイノチョウヒガシブン,香川県,丸亀市,飯野町東分
7630086,カガワケン,マルガメシ,イイノチョウニシブン,香川県,丸亀市,飯野町西分
7630025,カガワケン,マルガメシ,イチバンチョウ,香川県,丸亀市,一番丁
7630051,カガワケン,マルガメシ,イマヅチョウ,香川県,丸亀市,今津町
7630006,カガワケン,マルガメシ,ウオヤマチ,香川県,丸亀市,魚屋町
7630231,カガワケン,マルガメシ,ウシジマ,香川県,丸亀市,牛島
7630034,カガワケン,マルガメシ,オオテチョウ,香川県,丸亀市,大手町
7630053,カガワケン,マルガメシ,カナクラチョウ,香川県,丸亀市,金倉町
7630003,カガワケン,マルガメシ,カヤマチ,香川県,丸亀市,葭町
7630092,カガワケン,マルガメシ,カワニシチョウミナミ,香川県,丸亀市,川西町南
7630091,カガワケン,マルガメシ,カワニシチョウキタ,香川県,丸亀市,川西町北
7630002,カガワケン,マルガメシ,カワラマチ,香川県,丸亀市,瓦町
7630015,カガワケン,マルガメシ,キタヒラヤマチョウ,香川県,丸亀市,北平山町
7630073,カガワケン,マルガメシ,クバラチョウ,香川県,丸亀市,柞原町
7630029,カガワケン,マルガメシ,クバンチョウ,香川県,丸亀市,九番丁
7630093,カガワケン,マルガメシ,グンゲチョウ,香川県,丸亀市,郡家町
7630014,カガワケン,マルガメシ,ゴブショチョウ,香川県,丸亀市,御供所町
7630004,カガワケン,マルガメシ,コメヤチョウ,香川県,丸亀市,米屋町
7630048,カガワケン,マルガメシ,サイワイチョウ,香川県,丸亀市,幸町
7630094,カガワケン,マルガメシ,サンジョウチョウ,香川県,丸亀市,三条町
7630065,カガワケン,マルガメシ,シオヤチョウ,香川県,丸亀市,塩屋町
7630027,カガワケン,マルガメシ,シチバンチョウ,香川県,丸亀市,七番丁
7630030,カガワケン,マルガメシ,ジュウバンチョウ,香川県,丸亀市,十番丁
7630013,カガワケン,マルガメシ,ジョウトウチョウ,香川県,丸亀市,城東町
7630031,カガワケン,マルガメシ,ジョウナンチョウ,香川県,丸亀市,城南町
7630032,カガワケン,マルガメシ,ジョウセイチョウ,香川県,丸亀市,城西町
7630061,カガワケン,マルガメシ,ショウワチョウ,香川県,丸亀市,昭和町
7630024,カガワケン,マルガメシ,シワクマチ,香川県,丸亀市,塩飽町
7630055,カガワケン,マルガメシ,シンデンチョウ,香川県,丸亀市,新田町
7630063,カガワケン,マルガメシ,シンハマチョウ,香川県,丸亀市,新浜町
7630045,カガワケン,マルガメシ,シンマチ,香川県,丸亀市,新町
7630007,カガワケン,マルガメシ,ソウコマチ,香川県,丸亀市,宗古町
7630071,カガワケン,マルガメシ,タムラチョウ,香川県,丸亀市,田村町
7630095,カガワケン,マルガメシ,タルミチョウ,香川県,丸亀市,垂水町
7630052,カガワケン,マルガメシ,ツノモリチョウ,香川県,丸亀市,津森町
7630111,カガワケン,マルガメシ,テシマチョウ,香川県,丸亀市,手島町
7630066,カガワケン,マルガメシ,テンマチョウ,香川県,丸亀市,天満町
7630043,カガワケン,マルガメシ,トオリチョウ,香川県,丸亀市,通町
7630021,カガワケン,マルガメシ,トミヤマチ,香川県,丸亀市,富屋町
7630012,カガワケン,マルガメシ,ドイチョウ,香川県,丸亀市,土居町
7630082,カガワケン,マルガメシ,ドキチョウヒガシ,香川県,丸亀市,土器町東
7630081,カガワケン,マルガメシ,ドキチョウニシ,香川県,丸亀市,土器町西
7630083,カガワケン,マルガメシ,ドキチョウキタ,香川県,丸亀市,土器町北
7630054,カガワケン,マルガメシ,ナカヅチョウ,香川県,丸亀市,中津町
7630033,カガワケン,マルガメシ,ナカブチョウ,香川県,丸亀市,中府町
7630046,カガワケン,マルガメシ,ナンジョウマチ,香川県,丸亀市,南条町
7630041,カガワケン,マルガメシ,ニシヒラヤマチョウ,香川県,丸亀市,西平山町
7630047,カガワケン,マルガメシ,ニシホンマチ,香川県,丸亀市,西本町
7630028,カガワケン,マルガメシ,ハチバンチョウ,香川県,丸亀市,八番丁
7630022,カガワケン,マルガメシ,ハママチ,香川県,丸亀市,浜町
7630075,カガワケン,マルガメシ,ハラダダンチ,香川県,丸亀市,原田団地
7630074,カガワケン,マルガメシ,ハラダチョウ,香川県,丸亀市,原田町
7620084,カガワケン,マルガメシ,ハンザンチョウカミホウグンジ,香川県,丸亀市,飯山町上法軍寺
7620082,カガワケン,マルガメシ,ハンザンチョウカワハラ,香川県,丸亀市,飯山町川原
7620086,カガワケン,マルガメシ,ハンザンチョウサントキ,香川県,丸亀市,飯山町真時
7620083,カガワケン,マルガメシ,ハンザンチョウシモホウグンジ,香川県,丸亀市,飯山町下法軍寺
7620087,カガワケン,マルガメシ,ハンザンチョウニシサカモト,香川県,丸亀市,飯山町西坂元
7620085,カガワケン,マルガメシ,ハンザンチョウヒガシオガワ,香川県,丸亀市,飯山町東小川
7620081,カガワケン,マルガメシ,ハンザンチョウヒガシサカモト,香川県,丸亀市,飯山町東坂元
7630105,カガワケン,マルガメシ,ヒロシマチョウアオキ,香川県,丸亀市,広島町青木
7630106,カガワケン,マルガメシ,ヒロシマチョウイチイ,香川県,丸亀市,広島町市井
7630102,カガワケン,マルガメシ,ヒロシマチョウエノウラ,香川県,丸亀市,広島町江の浦
7630108,カガワケン,マルガメシ,ヒロシマチョウオテシマ,香川県,丸亀市,広島町小手島
7630103,カガワケン,マルガメシ,ヒロシマチョウカマノコシ,香川県,丸亀市,広島町釜の越
7630104,カガワケン,マルガメシ,ヒロシマチョウコウロ,香川県,丸亀市,広島町甲路
7630101,カガワケン,マルガメシ,ヒロシマチョウタテイシ,香川県,丸亀市,広島町立石
7630107,カガワケン,マルガメシ,ヒロシマチョウモウラ,香川県,丸亀市,広島町茂浦
7630044,カガワケン,マルガメシ,フクシマチョウ,香川県,丸亀市,福島町
7630011,カガワケン,マルガメシ,フジミチョウ,香川県,丸亀市,富士見町
7630001,カガワケン,マルガメシ,フルタイマチ,香川県,丸亀市,風袋町
7630062,カガワケン,マルガメシ,ホウライチョウ,香川県,丸亀市,蓬莱町
7630225,カガワケン,マルガメシ,ホンジマチョウイクノハマ,香川県,丸亀市,本島町生ノ浜
7630228,カガワケン,マルガメシ,ホンジマチョウオオウラ,香川県,丸亀市,本島町大浦
7630221,カガワケン,マルガメシ,ホンジマチョウカサシマ,香川県,丸亀市,本島町笠島
7630222,カガワケン,マルガメシ,ホンジマチョウコウショウ,香川県,丸亀市,本島町甲生
7630224,カガワケン,マルガメシ,ホンジマチョウコサカ,香川県,丸亀市,本島町小阪
7630226,カガワケン,マルガメシ,ホンジマチョウシリハマ,香川県,丸亀市,本島町尻浜
7630223,カガワケン,マルガメシ,ホンジマチョウトマリ,香川県,丸亀市,本島町泊
7630227,カガワケン,マルガメシ,ホンジマチョウフクダ,香川県,丸亀市,本島町福田
7630023,カガワケン,マルガメシ,ホンマチ,香川県,丸亀市,本町
7630064,カガワケン,マルガメシ,マエジオヤチョウ,香川県,丸亀市,前塩屋町
7630005,カガワケン,マルガメシ,マツヤチョウ,香川県,丸亀市,松屋町
7630042,カガワケン,マルガメシ,ミナトマチ,香川県,丸亀市,港町
7630072,カガワケン,マルガメシ,ヤマノキタチョウ,香川県,丸亀市,山北町
7630026,カガワケン,マルガメシ,ロクバンチョウ,香川県,丸亀市,六番丁
7620000,カガワケン,サカイデシ,イカニケイサイガナイバアイ,香川県,坂出市,以下に掲載がない場合
7620037,カガワケン,サカイデシ,アオバチョウ,香川県,坂出市,青葉町
7620006,カガワケン,サカイデシ,アサヒチョウ,香川県,坂出市,旭町
7620035,カガワケン,サカイデシ,イケゾノチョウ,香川県,坂出市,池園町
7620002,カガワケン,サカイデシ,イリフネチョウ,香川県,坂出市,入船町
7620072,カガワケン,サカイデシ,イワクロ,香川県,坂出市,岩黒
7620011,カガワケン,サカイデシ,エジリチョウ,香川県,坂出市,江尻町
7620014,カガワケン,サカイデシ,オウゴシチョウキサワ,香川県,坂出市,王越町木沢
7620013,カガワケン,サカイデシ,オウゴシチョウノウ,香川県,坂出市,王越町乃生
7620016,カガワケン,サカイデシ,オウミチョウ,香川県,坂出市,青海町
7620027,カガワケン,サカイデシ,オオイケチョウ,香川県,坂出市,大池町
7620015,カガワケン,サカイデシ,オオヤブチョウ,香川県,坂出市,大屋冨町
7620052,カガワケン,サカイデシ,オキノハマ,香川県,坂出市,沖の浜
7620038,カガワケン,サカイデシ,カザシチョウ,香川県,坂出市,笠指町
7620022,カガワケン,サカイデシ,カモチョウコウ（ウジベ）,香川県,坂出市,加茂町甲（氏部）
7620023,カガワケン,サカイデシ,カモチョウ（ソノタ）,香川県,坂出市,加茂町（その他）
7620062,カガワケン,サカイデシ,カワサキチョウ,香川県,坂出市,川崎町
7620025,カガワケン,サカイデシ,カワツチョウ,香川県,坂出市,川津町
7620018,カガワケン,サカイデシ,カンダニチョウ,香川県,坂出市,神谷町
7620001,カガワケン,サカイデシ,キョウマチ,香川県,坂出市,京町
7620003,カガワケン,サカイデシ,クメチョウ,香川県,坂出市,久米町
7620043,カガワケン,サカイデシ,コトブキチョウ,香川県,坂出市,寿町
7620051,カガワケン,サカイデシ,ゴブショチョウ,香川県,坂出市,御供所町
7620032,カガワケン,サカイデシ,コマドメチョウ,香川県,坂出市,駒止町
7620026,カガワケン,サカイデシ,コヤマチョウ,香川県,坂出市,小山町
7620061,カガワケン,サカイデシ,サカイデチョウ,香川県,坂出市,坂出町
7620066,カガワケン,サカイデシ,シャミジマ,香川県,坂出市,沙弥島
7620004,カガワケン,サカイデシ,ショウワチョウ,香川県,坂出市,昭和町
7620042,カガワケン,サカイデシ,シロガネチョウ,香川県,坂出市,白金町
7620047,カガワケン,サカイデシ,シンハマチョウ,香川県,坂出市,新浜町
7620067,カガワケン,サカイデシ,セイチョウ,香川県,坂出市,瀬居町
7620017,カガワケン,サカイデシ,タカヤチョウ,香川県,坂出市,高屋町
7620033,カガワケン,サカイデシ,タニマチ,香川県,坂出市,谷町
7620055,カガワケン,サカイデシ,チッコウチョウ,香川県,坂出市,築港町
7620056,カガワケン,サカイデシ,チュウオウチョウ,香川県,坂出市,中央町
7620058,カガワケン,サカイデシ,トキワチョウ,香川県,坂出市,常盤町
7620054,カガワケン,サカイデシ,ニシオオハマミナミ,香川県,坂出市,西大浜南
7620053,カガワケン,サカイデシ,ニシオオハマキタ,香川県,坂出市,西大浜北
7620021,カガワケン,サカイデシ,ニシノショウチョウ,香川県,坂出市,西庄町
7620041,カガワケン,サカイデシ,ハチマンチョウ,香川県,坂出市,八幡町
7620036,カガワケン,サカイデシ,ハナマチ,香川県,坂出市,花町
7620012,カガワケン,サカイデシ,ハヤシダチョウ,香川県,坂出市,林田町
7620063,カガワケン,サカイデシ,バンノスコウエン,香川県,坂出市,番の州公園
7620064,カガワケン,サカイデシ,バンノスチョウ,香川県,坂出市,番の州町
7620065,カガワケン,サカイデシ,バンノスミドリチョウ,香川県,坂出市,番の州緑町
7620073,カガワケン,サカイデシ,ヒツイシ,香川県,坂出市,櫃石
7620034,カガワケン,サカイデシ,フクエチョウ,香川県,坂出市,福江町
7620046,カガワケン,サカイデシ,フジミチョウ,香川県,坂出市,富士見町
7620024,カガワケン,サカイデシ,フチュウチョウ,香川県,坂出市,府中町
7620031,カガワケン,サカイデシ,ブンキョウチョウ,香川県,坂出市,文京町
7620044,カガワケン,サカイデシ,ホンマチ,香川県,坂出市,本町
7620057,カガワケン,サカイデシ,ミヤシタチョウ,香川県,坂出市,宮下町
7620007,カガワケン,サカイデシ,ムロマチ,香川県,坂出市,室町
7620045,カガワケン,サカイデシ,モトマチ,香川県,坂出市,元町
7620005,カガワケン,サカイデシ,ヨコヅチョウ,香川県,坂出市,横津町
7620071,カガワケン,サカイデシ,ヨシマチョウ,香川県,坂出市,与島町
7650000,カガワケン,ゼンツウジシ,イカニケイサイガナイバアイ,香川県,善通寺市,以下に掲載がない場合
7650053,カガワケン,ゼンツウジシ,イカノチョウ,香川県,善通寺市,生野町
7650014,カガワケン,ゼンツウジシ,イカノホンマチ,香川県,善通寺市,生野本町
7650022,カガワケン,ゼンツウジシ,イナギチョウ,香川県,善通寺市,稲木町
7650052,カガワケン,ゼンツウジシ,オオサチョウ,香川県,善通寺市,大麻町
7650011,カガワケン,ゼンツウジシ,カミヨシダチョウ（チョウメ）,香川県,善通寺市,上吉田町（丁目）
7650012,カガワケン,ゼンツウジシ,カミヨシダチョウ（ソノタ）,香川県,善通寺市,上吉田町（その他）
7650033,カガワケン,ゼンツウジシ,キトクチョウ,香川県,善通寺市,木徳町
7650051,カガワケン,ゼンツウジシ,クシナシチョウ,香川県,善通寺市,櫛梨町
7650031,カガワケン,ゼンツウジシ,コンゾウジチョウ,香川県,善通寺市,金蔵寺町
7650021,カガワケン,ゼンツウジシ,シモヨシダチョウ,香川県,善通寺市,下吉田町
7650003,カガワケン,ゼンツウジシ,ゼンツウジチョウ（チョウメ）,香川県,善通寺市,善通寺町（丁目）
7650004,カガワケン,ゼンツウジシ,ゼンツウジチョウ（ソノタ）,香川県,善通寺市,善通寺町（その他）
7650001,カガワケン,ゼンツウジシ,センユウチョウ,香川県,善通寺市,仙遊町
7650072,カガワケン,ゼンツウジシ,ナカムラチョウ（チョウメ）,香川県,善通寺市,中村町（丁目）
7650073,カガワケン,ゼンツウジシ,ナカムラチョウ（ソノタ）,香川県,善通寺市,中村町（その他）
7650032,カガワケン,ゼンツウジシ,ハラダチョウ,香川県,善通寺市,原田町
7650062,カガワケン,ゼンツウジシ,ヒドノチョウ,香川県,善通寺市,碑殿町
7650071,カガワケン,ゼンツウジシ,ヒロタチョウ,香川県,善通寺市,弘田町
7650013,カガワケン,ゼンツウジシ,ブンキョウチョウ,香川県,善通寺市,文京町
7650002,カガワケン,ゼンツウジシ,ミナミマチ,香川県,善通寺市,南町
7650040,カガワケン,ゼンツウジシ,ヨギタチョウ,香川県,善通寺市,与北町
7650061,カガワケン,ゼンツウジシ,ヨシワラチョウ,香川県,善通寺市,吉原町
7680000,カガワケン,カンオンジシ,イカニケイサイガナイバアイ,香川県,観音寺市,以下に掲載がない場合
7680062,カガワケン,カンオンジシ,アリアケチョウ,香川県,観音寺市,有明町
7680052,カガワケン,カンオンジシ,アワイチョウ,香川県,観音寺市,粟井町
7680031,カガワケン,カンオンジシ,イケノシリチョウ,香川県,観音寺市,池之尻町
7680071,カガワケン,カンオンジシ,イブキチョウ,香川県,観音寺市,伊吹町
7680012,カガワケン,カンオンジシ,ウエダチョウ,香川県,観音寺市,植田町
7691617,カガワケン,カンオンジシ,オオノハラチョウアオオカ,香川県,観音寺市,大野原町青岡
7691624,カガワケン,カンオンジシ,オオノハラチョウアリキ,香川県,観音寺市,大野原町有木
7691621,カガワケン,カンオンジシ,オオノハラチョウイセキ,香川県,観音寺市,大野原町井関
7691622,カガワケン,カンオンジシ,オオノハラチョウウチノノ,香川県,観音寺市,大野原町内野々
7691625,カガワケン,カンオンジシ,オオノハラチョウエビスクイ,香川県,観音寺市,大野原町海老済
7691611,カガワケン,カンオンジシ,オオノハラチョウオオノハラ,香川県,観音寺市,大野原町大野原
7691623,カガワケン,カンオンジシ,オオノハラチョウタノノ,香川県,観音寺市,大野原町田野々
7691612,カガワケン,カンオンジシ,オオノハラチョウナカヒメ,香川県,観音寺市,大野原町中姫
7691614,カガワケン,カンオンジシ,オオノハラチョウハギワラ,香川県,観音寺市,大野原町萩原
7691613,カガワケン,カンオンジシ,オオノハラチョウハナイナ,香川県,観音寺市,大野原町花稲
7691616,カガワケン,カンオンジシ,オオノハラチョウフクダハラ,香川県,観音寺市,大野原町福田原
7691615,カガワケン,カンオンジシ,オオノハラチョウマルイ,香川県,観音寺市,大野原町丸井
7680060,カガワケン,カンオンジシ,カンオンジチョウ,香川県,観音寺市,観音寺町
7680051,カガワケン,カンオンジシ,キノゴウチョウ,香川県,観音寺市,木之郷町
7680040,カガワケン,カンオンジシ,クニタチョウ,香川県,観音寺市,柞田町
7680064,カガワケン,カンオンジシ,コトナミチョウ,香川県,観音寺市,琴浪町
7680074,カガワケン,カンオンジシ,サイワイチョウ,香川県,観音寺市,幸町
7680072,カガワケン,カンオンジシ,サカエマチ,香川県,観音寺市,栄町
7680067,カガワケン,カンオンジシ,サカモトチョウ,香川県,観音寺市,坂本町
7680063,カガワケン,カンオンジシ,サンボンマツチョウ,香川県,観音寺市,三本松町
7680069,カガワケン,カンオンジシ,シゲキチョウ,香川県,観音寺市,茂木町
7680073,カガワケン,カンオンジシ,シゲニシチョウ,香川県,観音寺市,茂西町
7680011,カガワケン,カンオンジシ,シュツサクチョウ,香川県,観音寺市,出作町
7680066,カガワケン,カンオンジシ,ショウワチョウ,香川県,観音寺市,昭和町
7680033,カガワケン,カンオンジシ,シンデンチョウ,香川県,観音寺市,新田町
7680065,カガワケン,カンオンジシ,セトチョウ,香川県,観音寺市,瀬戸町
7680002,カガワケン,カンオンジシ,タカヤチョウ,香川県,観音寺市,高屋町
7680068,カガワケン,カンオンジシ,テンジンチョウ,香川県,観音寺市,天神町
7691601,カガワケン,カンオンジシ,トヨハマチョウヒメハマ,香川県,観音寺市,豊浜町姫浜
7691604,カガワケン,カンオンジシ,トヨハマチョウミノウラ,香川県,観音寺市,豊浜町箕浦
7691603,カガワケン,カンオンジシ,トヨハマチョウワダ,香川県,観音寺市,豊浜町和田
7691602,カガワケン,カンオンジシ,トヨハマチョウワダハマ,香川県,観音寺市,豊浜町和田浜
7680024,カガワケン,カンオンジシ,ナカダイチョウ,香川県,観音寺市,中田井町
7680014,カガワケン,カンオンジシ,ナガレオカチョウ,香川県,観音寺市,流岡町
7680077,カガワケン,カンオンジシ,ナギセチョウ,香川県,観音寺市,凪瀬町
7680075,カガワケン,カンオンジシ,ニシホンマチ,香川県,観音寺市,西本町
7680032,カガワケン,カンオンジシ,ハラチョウ,香川県,観音寺市,原町
7680023,カガワケン,カンオンジシ,フルカワチョウ,香川県,観音寺市,古川町
7680076,カガワケン,カンオンジシ,ミナトマチ,香川県,観音寺市,港町
7680070,カガワケン,カンオンジシ,ミナミマチ,香川県,観音寺市,南町
7680013,カガワケン,カンオンジシ,ムラグロチョウ,香川県,観音寺市,村黒町
7680001,カガワケン,カンオンジシ,ムロモトチョウ,香川県,観音寺市,室本町
7680022,カガワケン,カンオンジシ,モトダイチョウ,香川県,観音寺市,本大町
7680061,カガワケン,カンオンジシ,ヤハタチョウ,香川県,観音寺市,八幡町
7680021,カガワケン,カンオンジシ,ヨシオカチョウ,香川県,観音寺市,吉岡町
7692300,カガワケン,サヌキシ,イカニケイサイガナイバアイ,香川県,さぬき市,以下に掲載がない場合
7610904,カガワケン,サヌキシ,オオカワマチタヅラ,香川県,さぬき市,大川町田面
7610902,カガワケン,サヌキシ,オオカワマチトミダナカ,香川県,さぬき市,大川町富田中
7610901,カガワケン,サヌキシ,オオカワマチトミダニシ,香川県,さぬき市,大川町富田西
7610903,カガワケン,サヌキシ,オオカワマチトミダヒガシ,香川県,さぬき市,大川町富田東
7610905,カガワケン,サヌキシ,オオカワマチミナミガワ,香川県,さぬき市,大川町南川
7692103,カガワケン,サヌキシ,オダ,香川県,さぬき市,小田
7692104,カガワケン,サヌキシ,カベ,香川県,さぬき市,鴨部
7692102,カガワケン,サヌキシ,カモショウ,香川県,さぬき市,鴨庄
7692322,カガワケン,サヌキシ,サンガワマチイシダニシ,香川県,さぬき市,寒川町石田西
7692321,カガワケン,サヌキシ,サンガワマチイシダヒガシ,香川県,さぬき市,寒川町石田東
7692323,カガワケン,サヌキシ,サンガワマチカンザキ,香川県,さぬき市,寒川町神前
7692101,カガワケン,サヌキシ,シド,香川県,さぬき市,志度
7692304,カガワケン,サヌキシ,ショウワ,香川県,さぬき市,昭和
7692105,カガワケン,サヌキシ,スエ,香川県,さぬき市,末
7692315,カガワケン,サヌキシ,ゾウタ（オレンジタウン）,香川県,さぬき市,造田（オレンジタウン）
7692314,カガワケン,サヌキシ,ゾウタオトイ,香川県,さぬき市,造田乙井
7692312,カガワケン,サヌキシ,ゾウタコレヒロ,香川県,さぬき市,造田是弘
7692313,カガワケン,サヌキシ,ゾウタノマダ,香川県,さぬき市,造田野間田
7692311,カガワケン,サヌキシ,ゾウタミヤニシ,香川県,さぬき市,造田宮西
7692306,カガワケン,サヌキシ,タワ,香川県,さぬき市,多和
7692401,カガワケン,サヌキシ,ツダマチツダ,香川県,さぬき市,津田町津田
7692402,カガワケン,サヌキシ,ツダマチツルワ,香川県,さぬき市,津田町鶴羽
7692302,カガワケン,サヌキシ,ナガオニシ,香川県,さぬき市,長尾西
7692301,カガワケン,サヌキシ,ナガオヒガシ,香川県,さぬき市,長尾東
7692303,カガワケン,サヌキシ,ナガオミョウ,香川県,さぬき市,長尾名
7692305,カガワケン,サヌキシ,マエヤマ,香川県,さぬき市,前山
7692700,カガワケン,ヒガシカガワシ,イカニケイサイガナイバアイ,香川県,東かがわ市,以下に掲載がない場合
7692703,カガワケン,ヒガシカガワシ,イザ,香川県,東かがわ市,伊座
7692520,カガワケン,ヒガシカガワシ,ウマシノ,香川県,東かがわ市,馬篠
7692902,カガワケン,ヒガシカガワシ,ウマヤド,香川県,東かがわ市,馬宿
7692908,カガワケン,ヒガシカガワシ,オウミ,香川県,東かがわ市,小海
7692513,カガワケン,ヒガシカガワシ,オオタニ,香川県,東かがわ市,大谷
7692521,カガワケン,ヒガシカガワシ,オオチ,香川県,東かがわ市,大内
7692512,カガワケン,ヒガシカガワシ,オチアイ,香川県,東かがわ市,落合
7692602,カガワケン,ヒガシカガワシ,カワヒガシ,香川県,東かがわ市,川東
7692906,カガワケン,ヒガシカガワシ,カワマタ,香川県,東かがわ市,川股
7692704,カガワケン,ヒガシカガワシ,キライ,香川県,東かがわ市,帰来
7692905,カガワケン,ヒガシカガワシ,クレハ,香川県,東かがわ市,黒羽
7692511,カガワケン,ヒガシカガワシ,コイソ,香川県,東かがわ市,小磯
7692519,カガワケン,ヒガシカガワシ,コザレ,香川県,東かがわ市,小砂
7692715,カガワケン,ヒガシカガワシ,ゴミョウ,香川県,東かがわ市,五名
7692904,カガワケン,ヒガシカガワシ,サカモト,香川県,東かがわ市,坂元
7692601,カガワケン,ヒガシカガワシ,サンボンマツ,香川県,東かがわ市,三本松
7692705,カガワケン,ヒガシカガワシ,シロトリ,香川県,東かがわ市,白鳥
7692516,カガワケン,ヒガシカガワシ,ドイ,香川県,東かがわ市,土居
7692605,カガワケン,ヒガシカガワシ,ナカスジ,香川県,東かがわ市,中筋
7692518,カガワケン,ヒガシカガワシ,ナカヤマ,香川県,東かがわ市,中山
7692604,カガワケン,ヒガシカガワシ,ニシムラ,香川県,東かがわ市,西村
7692712,カガワケン,ヒガシカガワシ,ニシヤマ,香川県,東かがわ市,西山
7692714,カガワケン,ヒガシカガワシ,ニュウノヤマ,香川県,東かがわ市,入野山
7692711,カガワケン,ヒガシカガワシ,ヒガシヤマ,香川県,東かがわ市,東山
7692901,カガワケン,ヒガシカガワシ,ヒケタ,香川県,東かがわ市,引田
7692515,カガワケン,ヒガシカガワシ,マチダ,香川県,東かがわ市,町田
7692514,カガワケン,ヒガシカガワシ,マツサキ,香川県,東かがわ市,松崎
7692702,カガワケン,ヒガシカガワシ,マツバラ,香川県,東かがわ市,松原
7692606,カガワケン,ヒガシカガワシ,ミズシ,香川県,東かがわ市,水主
7692517,カガワケン,ヒガシカガワシ,ミドノ,香川県,東かがわ市,三殿
7692701,カガワケン,ヒガシカガワシ,ミナト,香川県,東かがわ市,湊
7692903,カガワケン,ヒガシカガワシ,ミナミノ,香川県,東かがわ市,南野
7692603,カガワケン,ヒガシカガワシ,ヨコウチ,香川県,東かがわ市,横内
7692907,カガワケン,ヒガシカガワシ,ヨシダ,香川県,東かがわ市,吉田
7692713,カガワケン,ヒガシカガワシ,ヨダヤマ,香川県,東かがわ市,与田山
7670000,カガワケン,ミトヨシ,イカニケイサイガナイバアイ,香川県,三豊市,以下に掲載がない場合
7690401,カガワケン,ミトヨシ,サイタチョウサイタカミ,香川県,三豊市,財田町財田上
7690402,カガワケン,ミトヨシ,サイタチョウサイタナカ,香川県,三豊市,財田町財田中
7670014,カガワケン,ミトヨシ,タカセチョウカミアサ,香川県,三豊市,高瀬町上麻
7670012,カガワケン,ミトヨシ,タカセチョウカミカツマ,香川県,三豊市,高瀬町上勝間
7670001,カガワケン,ミトヨシ,タカセチョウカミタカセ,香川県,三豊市,高瀬町上高瀬
7670021,カガワケン,ミトヨシ,タカセチョウサマタ,香川県,三豊市,高瀬町佐股
7670013,カガワケン,ミトヨシ,タカセチョウシモアサ,香川県,三豊市,高瀬町下麻
7670011,カガワケン,ミトヨシ,タカセチョウシモカツマ,香川県,三豊市,高瀬町下勝間
7670002,カガワケン,ミトヨシ,タカセチョウシンミョウ,香川県,三豊市,高瀬町新名
7670022,カガワケン,ミトヨシ,タカセチョウハガタ,香川県,三豊市,高瀬町羽方
7670004,カガワケン,ミトヨシ,タカセチョウヒジ,香川県,三豊市,高瀬町比地
7670003,カガワケン,ミトヨシ,タカセチョウヒジナカ,香川県,三豊市,高瀬町比地中
7691108,カガワケン,ミトヨシ,タクマチョウアワシマ,香川県,三豊市,詫間町粟島
7691104,カガワケン,ミトヨシ,タクマチョウオオハマ,香川県,三豊市,詫間町大浜
7691103,カガワケン,ミトヨシ,タクマチョウコウダ,香川県,三豊市,詫間町香田
7691109,カガワケン,ミトヨシ,タクマチョウシシジマ,香川県,三豊市,詫間町志々島
7691101,カガワケン,ミトヨシ,タクマチョウタクマ,香川県,三豊市,詫間町詫間
7691105,カガワケン,ミトヨシ,タクマチョウツム,香川県,三豊市,詫間町積
7691107,カガワケン,ミトヨシ,タクマチョウナマリ,香川県,三豊市,詫間町生里
7691106,カガワケン,ミトヨシ,タクマチョウハコ,香川県,三豊市,詫間町箱
7691102,カガワケン,ミトヨシ,タクマチョウマツサキ,香川県,三豊市,詫間町松崎
7691507,カガワケン,ミトヨシ,トヨナカチョウオカモト,香川県,三豊市,豊中町岡本
7691502,カガワケン,ミトヨシ,トヨナカチョウカサダカサオカ,香川県,三豊市,豊中町笠田笠岡
7691503,カガワケン,ミトヨシ,トヨナカチョウカサダタケダ,香川県,三豊市,豊中町笠田竹田
7691504,カガワケン,ミトヨシ,トヨナカチョウカミダカノ,香川県,三豊市,豊中町上高野
7691508,カガワケン,ミトヨシ,トヨナカチョウシモダカノ,香川県,三豊市,豊中町下高野
7691501,カガワケン,ミトヨシ,トヨナカチョウヒジダイ,香川県,三豊市,豊中町比地大
7691505,カガワケン,ミトヨシ,トヨナカチョウモトヤマオツ,香川県,三豊市,豊中町本山乙
7691506,カガワケン,ミトヨシ,トヨナカチョウモトヤマコウ,香川県,三豊市,豊中町本山甲
7691410,カガワケン,ミトヨシ,ニオチョウイエノウラ,香川県,三豊市,仁尾町家の浦
7691404,カガワケン,ミトヨシ,ニオチョウニオオツ,香川県,三豊市,仁尾町仁尾乙
7691401,カガワケン,ミトヨシ,ニオチョウニオキ,香川県,三豊市,仁尾町仁尾己
7691408,カガワケン,ミトヨシ,ニオチョウニオコウ,香川県,三豊市,仁尾町仁尾甲
7691405,カガワケン,ミトヨシ,ニオチョウニオコウ,香川県,三豊市,仁尾町仁尾庚
7691406,カガワケン,ミトヨシ,ニオチョウニオシン,香川県,三豊市,仁尾町仁尾辛
7691407,カガワケン,ミトヨシ,ニオチョウニオテイ,香川県,三豊市,仁尾町仁尾丁
7691403,カガワケン,ミトヨシ,ニオチョウニオヘイ,香川県,三豊市,仁尾町仁尾丙
7691402,カガワケン,ミトヨシ,ニオチョウニオボ,香川県,三豊市,仁尾町仁尾戊
7670031,カガワケン,ミトヨシ,ミノチョウオオミ,香川県,三豊市,三野町大見
7670032,カガワケン,ミトヨシ,ミノチョウシモタカセ,香川県,三豊市,三野町下高瀬
7670033,カガワケン,ミトヨシ,ミノチョウヨシヅ,香川県,三豊市,三野町吉津
7680102,カガワケン,ミトヨシ,ヤマモトチョウオオノ,香川県,三豊市,山本町大野
7680104,カガワケン,ミトヨシ,ヤマモトチョウコウダ,香川県,三豊市,山本町神田
7680105,カガワケン,ミトヨシ,ヤマモトチョウコウチ,香川県,三豊市,山本町河内
7680103,カガワケン,ミトヨシ,ヤマモトチョウサイタニシ,香川県,三豊市,山本町財田西
7680101,カガワケン,ミトヨシ,ヤマモトチョウツジ,香川県,三豊市,山本町辻
7614100,カガワケン,ショウズグントノショウチョウ,イカニケイサイガナイバアイ,香川県,小豆郡土庄町,以下に掲載がない場合
7614664,カガワケン,ショウズグントノショウチョウ,イギスエ（オデシマ）,香川県,小豆郡土庄町,伊喜末（小豊島）
7614131,カガワケン,ショウズグントノショウチョウ,イギスエ（ソノタ）,香川県,小豆郡土庄町,伊喜末（その他）
7614141,カガワケン,ショウズグントノショウチョウ,ウマゴエ,香川県,小豆郡土庄町,馬越
7614132,カガワケン,ショウズグントノショウチョウ,オエ,香川県,小豆郡土庄町,小江
7614145,カガワケン,ショウズグントノショウチョウ,オオベ,香川県,小豆郡土庄町,大部
7614144,カガワケン,ショウズグントノショウチョウ,オミ,香川県,小豆郡土庄町,小海
7614154,カガワケン,ショウズグントノショウチョウ,カサガダキ,香川県,小豆郡土庄町,笠滝
7614122,カガワケン,ショウズグントノショウチョウ,カミショウ,香川県,小豆郡土庄町,上庄
7614152,カガワケン,ショウズグントノショウチョウ,クロイワ,香川県,小豆郡土庄町,黒岩
7614153,カガワケン,ショウズグントノショウチョウ,コウマゴエ,香川県,小豆郡土庄町,小馬越
7614146,カガワケン,ショウズグントノショウチョウ,コベ,香川県,小豆郡土庄町,小部
7614134,カガワケン,ショウズグントノショウチョウ,タキノミヤ,香川県,小豆郡土庄町,滝宮
7614661,カガワケン,ショウズグントノショウチョウ,テシマイエウラ,香川県,小豆郡土庄町,豊島家浦
7614662,カガワケン,ショウズグントノショウチョウ,テシマカラト,香川県,小豆郡土庄町,豊島唐櫃
7614663,カガワケン,ショウズグントノショウチョウ,テシマコウ,香川県,小豆郡土庄町,豊島甲生
7614133,カガワケン,ショウズグントノショウチョウ,ナガハマ,香川県,小豆郡土庄町,長浜
7614151,カガワケン,ショウズグントノショウチョウ,ヒトヤマ,香川県,小豆郡土庄町,肥土山
7614121,カガワケン,ショウズグントノショウチョウ,フチザキ,香川県,小豆郡土庄町,渕崎
7614143,カガワケン,ショウズグントノショウチョウ,ミメ,香川県,小豆郡土庄町,見目
7614142,カガワケン,ショウズグントノショウチョウ,ヤカタザキ,香川県,小豆郡土庄町,屋形崎
7614103,カガワケン,ショウズグントノショウチョウ,コウ、オツ（オオキド）,香川県,小豆郡土庄町,甲、乙（大木戸）
7614112,カガワケン,ショウズグントノショウチョウ,コウ、オツ（カシマ）,香川県,小豆郡土庄町,甲、乙（鹿島）
7614115,カガワケン,ショウズグントノショウチョウ,コウ、オツ（コセ）,香川県,小豆郡土庄町,甲、乙（小瀬）
7614114,カガワケン,ショウズグントノショウチョウ,コウ、オツ（センケン）,香川県,小豆郡土庄町,甲、乙（千軒）
7614105,カガワケン,ショウズグントノショウチョウ,コウ、オツ（ニシホンチョウ）,香川県,小豆郡土庄町,甲、乙（西本町）
7614111,カガワケン,ショウズグントノショウチョウ,コウ、オツ（ヒガシミナト）,香川県,小豆郡土庄町,甲、乙（東港）
7614106,カガワケン,ショウズグントノショウチョウ,コウ、オツ（ホンチョウ）,香川県,小豆郡土庄町,甲、乙（本町）
7614102,カガワケン,ショウズグントノショウチョウ,コウ、オツ（ミナトシンマチ）,香川県,小豆郡土庄町,甲、乙（港新町）
7614113,カガワケン,ショウズグントノショウチョウ,コウ、オツ（ヤナギ）,香川県,小豆郡土庄町,甲、乙（柳）
7614104,カガワケン,ショウズグントノショウチョウ,コウ、オツ（ヨシガウラ）,香川県,小豆郡土庄町,甲、乙（吉ケ浦）
7614101,カガワケン,ショウズグントノショウチョウ,コウ、オツ（ソノタ）,香川県,小豆郡土庄町,甲、乙（その他）
7614300,カガワケン,ショウズグンショウドシマチョウ,イカニケイサイガナイバアイ,香川県,小豆郡小豆島町,以下に掲載がない場合
7614403,カガワケン,ショウズグンショウドシマチョウ,アテハマ,香川県,小豆郡小豆島町,当浜
7614301,カガワケン,ショウズグンショウドシマチョウ,イケダ,香川県,小豆郡小豆島町,池田
7614404,カガワケン,ショウズグンショウドシマチョウ,イワガタニ,香川県,小豆郡小豆島町,岩谷
7614426,カガワケン,ショウズグンショウドシマチョウ,ウマキ,香川県,小豆郡小豆島町,馬木
7614431,カガワケン,ショウズグンショウドシマチョウ,カタジョウ,香川県,小豆郡小豆島町,片城
7614307,カガワケン,ショウズグンショウドシマチョウ,カマノ,香川県,小豆郡小豆島町,蒲野
7614302,カガワケン,ショウズグンショウドシマチョウ,カモウ,香川県,小豆郡小豆島町,蒲生
7614433,カガワケン,ショウズグンショウドシマチョウ,カンカケドオリ,香川県,小豆郡小豆島町,神懸通
7614412,カガワケン,ショウズグンショウドシマチョウ,キノショウ,香川県,小豆郡小豆島町,木庄
7614432,カガワケン,ショウズグンショウドシマチョウ,クサカベホンマチ,香川県,小豆郡小豆島町,草壁本町
7614308,カガワケン,ショウズグンショウドシマチョウ,コウノウラ,香川県,小豆郡小豆島町,神浦
7614425,カガワケン,ショウズグンショウドシマチョウ,サカテ,香川県,小豆郡小豆島町,坂手
7614405,カガワケン,ショウズグンショウドシマチョウ,タチバナ,香川県,小豆郡小豆島町,橘
7614424,カガワケン,ショウズグンショウドシマチョウ,タノウラ,香川県,小豆郡小豆島町,田浦
7614155,カガワケン,ショウズグンショウドシマチョウ,ナカヤマ（ウツクシノハラコウゲン）,香川県,小豆郡小豆島町,中山（美しの原高原）
7614155,カガワケン,ショウズグンショウドシマチョウ,ナカヤマ（カエルゴナルタキ）,香川県,小豆郡小豆島町,中山（蛙子鳴滝）
7614303,カガワケン,ショウズグンショウドシマチョウ,ナカヤマ（ソノタ）,香川県,小豆郡小豆島町,中山（その他）
7614434,カガワケン,ショウズグンショウドシマチョウ,ニシムラ,香川県,小豆郡小豆島町,西村
7614421,カガワケン,ショウズグンショウドシマチョウ,ノウマ,香川県,小豆郡小豆島町,苗羽
7614402,カガワケン,ショウズグンショウドシマチョウ,フクダ,香川県,小豆郡小豆島町,福田
7614305,カガワケン,ショウズグンショウドシマチョウ,フタオモテ,香川県,小豆郡小豆島町,二面
7614422,カガワケン,ショウズグンショウドシマチョウ,フルエ,香川県,小豆郡小豆島町,古江
7614423,カガワケン,ショウズグンショウドシマチョウ,ホリコシ,香川県,小豆郡小豆島町,堀越
7614304,カガワケン,ショウズグンショウドシマチョウ,ムロウ,香川県,小豆郡小豆島町,室生
7614411,カガワケン,ショウズグンショウドシマチョウ,ヤスダ,香川県,小豆郡小豆島町,安田
7614401,カガワケン,ショウズグンショウドシマチョウ,ヨシダ,香川県,小豆郡小豆島町,吉田
7614306,カガワケン,ショウズグンショウドシマチョウ,ヨシノ,香川県,小豆郡小豆島町,吉野
7610700,カガワケン,キタグンミキチョウ,イカニケイサイガナイバアイ,香川県,木田郡三木町,以下に掲載がない場合
7610614,カガワケン,キタグンミキチョウ,アサクラ,香川県,木田郡三木町,朝倉
7610701,カガワケン,キタグンミキチョウ,イケノベ,香川県,木田郡三木町,池戸
7610823,カガワケン,キタグンミキチョウ,イド,香川県,木田郡三木町,井戸
7610705,カガワケン,キタグンミキチョウ,イノウエ,香川県,木田郡三木町,井上
7610822,カガワケン,キタグンミキチョウ,オクヤマ,香川県,木田郡三木町,奥山
7610821,カガワケン,キタグンミキチョウ,カニワ,香川県,木田郡三木町,鹿庭
7610613,カガワケン,キタグンミキチョウ,カミタカオカ,香川県,木田郡三木町,上高岡
7610615,カガワケン,キタグンミキチョウ,コミノ,香川県,木田郡三木町,小蓑
7610703,カガワケン,キタグンミキチョウ,シシブセ,香川県,木田郡三木町,鹿伏
7610704,カガワケン,キタグンミキチョウ,シモタカオカ,香川県,木田郡三木町,下高岡
7610611,カガワケン,キタグンミキチョウ,タナカ,香川県,木田郡三木町,田中
7610612,カガワケン,キタグンミキチョウ,ヒカミ,香川県,木田郡三木町,氷上
7610702,カガワケン,キタグンミキチョウ,ヒラギ,香川県,木田郡三木町,平木
7613110,カガワケン,カガワグンナオシマチョウ,ナオシマチョウイチエン,香川県,香川郡直島町,直島町一円
7690200,カガワケン,アヤウタグンウタヅチョウ,イカニケイサイガナイバアイ,香川県,綾歌郡宇多津町,以下に掲載がない場合
7690210,カガワケン,アヤウタグンウタヅチョウ,ウタヅチョウノツギニバンチガクルバアイ,香川県,綾歌郡宇多津町,宇多津町の次に番地がくる場合
7690227,カガワケン,アヤウタグンウタヅチョウ,イワヤ,香川県,綾歌郡宇多津町,岩屋
7690222,カガワケン,アヤウタグンウタヅチョウ,オオハシ,香川県,綾歌郡宇多津町,大橋
7690226,カガワケン,アヤウタグンウタヅチョウ,サカシタ,香川県,綾歌郡宇多津町,坂下
7690223,カガワケン,アヤウタグンウタヅチョウ,シンガイ,香川県,綾歌郡宇多津町,新開
7690225,カガワケン,アヤウタグンウタヅチョウ,シンマチ,香川県,綾歌郡宇多津町,新町
7690211,カガワケン,アヤウタグンウタヅチョウ,ジュウラクジ,香川県,綾歌郡宇多津町,十楽寺
7690212,カガワケン,アヤウタグンウタヅチョウ,ヌマノイケ,香川県,綾歌郡宇多津町,沼ノ池
7690201,カガワケン,アヤウタグンウタヅチョウ,ハマ１バンチョウ,香川県,綾歌郡宇多津町,浜一番丁
7690202,カガワケン,アヤウタグンウタヅチョウ,ハマ２バンチョウ,香川県,綾歌郡宇多津町,浜二番丁
7690203,カガワケン,アヤウタグンウタヅチョウ,ハマ３バンチョウ,香川県,綾歌郡宇多津町,浜三番丁
7690204,カガワケン,アヤウタグンウタヅチョウ,ハマ４バンチョウ,香川県,綾歌郡宇多津町,浜四番丁
7690205,カガワケン,アヤウタグンウタヅチョウ,ハマ５バンチョウ,香川県,綾歌郡宇多津町,浜五番丁
7690206,カガワケン,アヤウタグンウタヅチョウ,ハマ６バンチョウ,香川県,綾歌郡宇多津町,浜六番丁
7690207,カガワケン,アヤウタグンウタヅチョウ,ハマ７バンチョウ,香川県,綾歌郡宇多津町,浜七番丁
7690208,カガワケン,アヤウタグンウタヅチョウ,ハマ８バンチョウ,香川県,綾歌郡宇多津町,浜八番丁
7690209,カガワケン,アヤウタグンウタヅチョウ,ハマ９バンチョウ,香川県,綾歌郡宇多津町,浜九番丁
7690213,カガワケン,アヤウタグンウタヅチョウ,ヒガシブン,香川県,綾歌郡宇多津町,東分
7690224,カガワケン,アヤウタグンウタヅチョウ,ヒラヤマ,香川県,綾歌郡宇多津町,平山
7690228,カガワケン,アヤウタグンウタヅチョウ,ムカウヤマ,香川県,綾歌郡宇多津町,向山
7690221,カガワケン,アヤウタグンウタヅチョウ,ヨシダ,香川県,綾歌郡宇多津町,吉田
7612300,カガワケン,アヤウタグンアヤガワチョウ,イカニケイサイガナイバアイ,香川県,綾歌郡綾川町,以下に掲載がない場合
7612208,カガワケン,アヤウタグンアヤガワチョウ,ウシカワ,香川県,綾歌郡綾川町,牛川
7612307,カガワケン,アヤウタグンアヤガワチョウ,オノ,香川県,綾歌郡綾川町,小野
7612304,カガワケン,アヤウタグンアヤガワチョウ,カヤハラ,香川県,綾歌郡綾川町,萱原
7612306,カガワケン,アヤウタグンアヤガワチョウ,キタ,香川県,綾歌郡綾川町,北
7612103,カガワケン,アヤウタグンアヤガワチョウ,スエ,香川県,綾歌郡綾川町,陶
7612102,カガワケン,アヤウタグンアヤガワチョウ,センビキ,香川県,綾歌郡綾川町,千疋
7612202,カガワケン,アヤウタグンアヤガワチョウ,ソギショニシ,香川県,綾歌郡綾川町,枌所西
7612201,カガワケン,アヤウタグンアヤガワチョウ,ソギショヒガシ,香川県,綾歌郡綾川町,枌所東
7612305,カガワケン,アヤウタグンアヤガワチョウ,タキノミヤ,香川県,綾歌郡綾川町,滝宮
7612206,カガワケン,アヤウタグンアヤガワチョウ,ニシブン,香川県,綾歌郡綾川町,西分
7612101,カガワケン,アヤウタグンアヤガワチョウ,ハタダ,香川県,綾歌郡綾川町,畑田
7612207,カガワケン,アヤウタグンアヤガワチョウ,ハユカカミ,香川県,綾歌郡綾川町,羽床上
7612308,カガワケン,アヤウタグンアヤガワチョウ,ハユカシモ,香川県,綾歌郡綾川町,羽床下
7612205,カガワケン,アヤウタグンアヤガワチョウ,ヒガシブン,香川県,綾歌郡綾川町,東分
7612203,カガワケン,アヤウタグンアヤガワチョウ,ヤマダカミ,香川県,綾歌郡綾川町,山田上
7612204,カガワケン,アヤウタグンアヤガワチョウ,ヤマダシモ,香川県,綾歌郡綾川町,山田下
7660000,カガワケン,ナカタドグンコトヒラチョウ,イカニケイサイガナイバアイ,香川県,仲多度郡琴平町,以下に掲載がない場合
7660004,カガワケン,ナカタドグンコトヒラチョウ,エナイ,香川県,仲多度郡琴平町,榎井
7660006,カガワケン,ナカタドグンコトヒラチョウ,カミクシナシ,香川県,仲多度郡琴平町,上櫛梨
7660002,カガワケン,ナカタドグンコトヒラチョウ,コトヒラチョウノツギニ１−４２６バンチガクルバアイ（カワヒガシ）,香川県,仲多度郡琴平町,琴平町の次に１〜４２６番地がくる場合（川東）
7660001,カガワケン,ナカタドグンコトヒラチョウ,コトヒラチョウノツギニ４２７バンチイコウガクルバアイ（カワニシ）,香川県,仲多度郡琴平町,琴平町の次に４２７番地以降がくる場合（川西）
7660003,カガワケン,ナカタドグンコトヒラチョウ,ゴジョウ,香川県,仲多度郡琴平町,五條
7660007,カガワケン,ナカタドグンコトヒラチョウ,シモクシナシ,香川県,仲多度郡琴平町,下櫛梨
7660005,カガワケン,ナカタドグンコトヒラチョウ,ノウダ,香川県,仲多度郡琴平町,苗田
7640000,カガワケン,ナカタドグンタドツチョウ,イカニケイサイガナイバアイ,香川県,仲多度郡多度津町,以下に掲載がない場合
7640033,カガワケン,ナカタドグンタドツチョウ,オオギ,香川県,仲多度郡多度津町,青木
7640005,カガワケン,ナカタドグンタドツチョウ,オオドオリ,香川県,仲多度郡多度津町,大通り
7640035,カガワケン,ナカタドグンタドツチョウ,オクシラカタ,香川県,仲多度郡多度津町,奥白方
7640028,カガワケン,ナカタドグンタドツチョウ,カズハラ,香川県,仲多度郡多度津町,葛原
7640002,カガワケン,ナカタドグンタドツチョウ,カチュウ,香川県,仲多度郡多度津町,家中
7640022,カガワケン,ナカタドグンタドツチョウ,キタガモ,香川県,仲多度郡多度津町,北鴨
7640013,カガワケン,ナカタドグンタドツチョウ,キョウマチ,香川県,仲多度郡多度津町,京町
7640025,カガワケン,ナカタドグンタドツチョウ,コトブキチョウ,香川県,仲多度郡多度津町,寿町
7640024,カガワケン,ナカタドグンタドツチョウ,サイワイチョウ,香川県,仲多度郡多度津町,幸町
7640011,カガワケン,ナカタドグンタドツチョウ,サカエマチ,香川県,仲多度郡多度津町,栄町
7640012,カガワケン,ナカタドグンタドツチョウ,サクラガワ,香川県,仲多度郡多度津町,桜川
7640040,カガワケン,ナカタドグンタドツチョウ,サナギ,香川県,仲多度郡多度津町,佐柳
7640031,カガワケン,ナカタドグンタドツチョウ,ショウ,香川県,仲多度郡多度津町,庄
7640050,カガワケン,ナカタドグンタドツチョウ,タカミ,香川県,仲多度郡多度津町,高見
7640027,カガワケン,ナカタドグンタドツチョウ,ドウフクジ,香川県,仲多度郡多度津町,道福寺
7640004,カガワケン,ナカタドグンタドツチョウ,ナカノチョウ,香川県,仲多度郡多度津町,仲ノ町
7640037,カガワケン,ナカタドグンタドツチョウ,ニシシラカタ,香川県,仲多度郡多度津町,西白方
7640015,カガワケン,ナカタドグンタドツチョウ,ニシハマ,香川県,仲多度郡多度津町,西浜
7640017,カガワケン,ナカタドグンタドツチョウ,ニシミナトマチ,香川県,仲多度郡多度津町,西港町
7640038,カガワケン,ナカタドグンタドツチョウ,ヒガシシラカタ,香川県,仲多度郡多度津町,東白方
7640001,カガワケン,ナカタドグンタドツチョウ,ヒガシシンマチ,香川県,仲多度郡多度津町,東新町
7640016,カガワケン,ナカタドグンタドツチョウ,ヒガシハマ,香川県,仲多度郡多度津町,東浜
7640018,カガワケン,ナカタドグンタドツチョウ,ヒガシミナトマチ,香川県,仲多度郡多度津町,東港町
7640006,カガワケン,ナカタドグンタドツチョウ,ヒノデチョウ,香川県,仲多度郡多度津町,日の出町
7640021,カガワケン,ナカタドグンタドツチョウ,ホリエ,香川県,仲多度郡多度津町,堀江
7640014,カガワケン,ナカタドグンタドツチョウ,ホンドオリ,香川県,仲多度郡多度津町,本通
7640032,カガワケン,ナカタドグンタドツチョウ,ミイ,香川県,仲多度郡多度津町,三井
7640036,カガワケン,ナカタドグンタドツチョウ,ミタチ,香川県,仲多度郡多度津町,見立
7640026,カガワケン,ナカタドグンタドツチョウ,ミナミガモ,香川県,仲多度郡多度津町,南鴨
7640003,カガワケン,ナカタドグンタドツチョウ,モトマチ,香川県,仲多度郡多度津町,元町
7640034,カガワケン,ナカタドグンタドツチョウ,ヤマシナ,香川県,仲多度郡多度津町,山階
7640023,カガワケン,ナカタドグンタドツチョウ,ワカバチョウ,香川県,仲多度郡多度津町,若葉町
7660000,カガワケン,ナカタドグンマンノウチョウ,イカニケイサイガナイバアイ,香川県,仲多度郡まんのう町,以下に掲載がない場合
7690313,カガワケン,ナカタドグンマンノウチョウ,イカマ,香川県,仲多度郡まんのう町,生間
7690315,カガワケン,ナカタドグンマンノウチョウ,ウシロヤマ,香川県,仲多度郡まんのう町,後山
7690319,カガワケン,ナカタドグンマンノウチョウ,オイアゲ,香川県,仲多度郡まんのう町,追上
7690316,カガワケン,ナカタドグンマンノウチョウ,オオクチ,香川県,仲多度郡まんのう町,大口
7690311,カガワケン,ナカタドグンマンノウチョウ,カイタ,香川県,仲多度郡まんのう町,買田
7660204,カガワケン,ナカタドグンマンノウチョウ,カツウラ,香川県,仲多度郡まんのう町,勝浦
7660203,カガワケン,ナカタドグンマンノウチョウ,カワヒガシ,香川県,仲多度郡まんのう町,川東
7660024,カガワケン,ナカタドグンマンノウチョウ,カンノ,香川県,仲多度郡まんのう町,神野
7660026,カガワケン,ナカタドグンマンノウチョウ,キシノウエ,香川県,仲多度郡まんのう町,岸上
7660011,カガワケン,ナカタドグンマンノウチョウ,クモン,香川県,仲多度郡まんのう町,公文
7660027,カガワケン,ナカタドグンマンノウチョウ,ゴジョウ,香川県,仲多度郡まんのう町,五條
7690301,カガワケン,ナカタドグンマンノウチョウ,サブミ,香川県,仲多度郡まんのう町,佐文
7690302,カガワケン,ナカタドグンマンノウチョウ,シオイリ,香川県,仲多度郡まんのう町,塩入
7660021,カガワケン,ナカタドグンマンノウチョウ,シジョウ,香川県,仲多度郡まんのう町,四條
7690303,カガワケン,ナカタドグンマンノウチョウ,シチカ,香川県,仲多度郡まんのう町,七箇
7690317,カガワケン,ナカタドグンマンノウチョウ,シンメ,香川県,仲多度郡まんのう町,新目
7660017,カガワケン,ナカタドグンマンノウチョウ,スミショニシ,香川県,仲多度郡まんのう町,炭所西
7660016,カガワケン,ナカタドグンマンノウチョウ,スミショヒガシ,香川県,仲多度郡まんのう町,炭所東
7660201,カガワケン,ナカタドグンマンノウチョウ,ソウダ,香川県,仲多度郡まんのう町,造田
7660015,カガワケン,ナカタドグンマンノウチョウ,ナガオ,香川県,仲多度郡まんのう町,長尾
7660202,カガワケン,ナカタドグンマンノウチョウ,ナカト,香川県,仲多度郡まんのう町,中通
7660012,カガワケン,ナカタドグンマンノウチョウ,ニシタカシノ,香川県,仲多度郡まんのう町,西高篠
7660014,カガワケン,ナカタドグンマンノウチョウ,ハザマ,香川県,仲多度郡まんのう町,羽間
7660013,カガワケン,ナカタドグンマンノウチョウ,ヒガシタカシノ,香川県,仲多度郡まんのう町,東高篠
7690314,カガワケン,ナカタドグンマンノウチョウ,ホノヤマ,香川県,仲多度郡まんのう町,帆山
7660025,カガワケン,ナカタドグンマンノウチョウ,マノ,香川県,仲多度郡まんのう町,真野
7690312,カガワケン,ナカタドグンマンノウチョウ,ミヤダ,香川県,仲多度郡まんのう町,宮田
7690318,カガワケン,ナカタドグンマンノウチョウ,ヤマワキ,香川県,仲多度郡まんのう町,山脇
7660023,カガワケン,ナカタドグンマンノウチョウ,ヨシノ,香川県,仲多度郡まんのう町,吉野
7660022,カガワケン,ナカタドグンマンノウチョウ,ヨシノシモ,香川県,仲多度郡まんのう町,吉野下
